record_id,workflow_id,workflow_type,city,area,customer_id,customer_name,synthetic_phone,synthetic_email,business_id,business_name,agent_id,step_id,step_number,total_steps,tool_name,action,compensation_action,reversible,idempotent,requires_approval,dependency_ids,idempotency_key,execution_status,fault_type,fault_position,crash_after_step,checkpoint_id,previous_state,expected_state,actual_state,compensation_status,recovery_strategy,human_intervention_required,verification_status,final_world_state,created_at,updated_at
"REC-CHN-000001-01","WF-CHN-HOTEL_BOOKING-000001","hotel_booking","Chennai","T. Nagar","CUS-CHN-000001","Arun Kumar","+91-90000-00001","customer000001@example.test","BUS-CHN-0002","Marina Comfort Suites (SYNTHETIC DEMO ENTITY)","AGT-CHN-HOT-01","STEP-01","1","5","hotel_search","search_hotel",,"false","true","false","NONE","WF-CHN-HOTEL_BOOKING-000001-STEP-01-search_hotel","COMPLETED","NORMAL","2","2","CP-CHN-000001-STEP-01","State before search_hotel in T. Nagar","Expected valid search_hotel","Committed search_hotel","COMMITTED_IRREVERSIBLE","NONE_REQUIRED","false","PASSED","RESTORED_OR_COMMITTED","2026-10-04T00:46:24.110Z","2026-10-05T04:33:03.110Z"
"REC-CHN-000001-02","WF-CHN-HOTEL_BOOKING-000001","hotel_booking","Chennai","T. Nagar","CUS-CHN-000001","Arun Kumar","+91-90000-00001","customer000001@example.test","BUS-CHN-0002","Marina Comfort Suites (SYNTHETIC DEMO ENTITY)","AGT-CHN-HOT-01","STEP-02","2","5","room_selection","select_room",,"false","true","false","STEP-01","WF-CHN-HOTEL_BOOKING-000001-STEP-02-select_room","COMPLETED","NORMAL","2","2","CP-CHN-000001-STEP-02","State before select_room in T. Nagar","Expected valid select_room","Committed select_room","COMMITTED_IRREVERSIBLE","NONE_REQUIRED","false","PASSED","RESTORED_OR_COMMITTED","2026-10-04T00:46:24.110Z","2026-10-05T04:33:03.110Z"
"REC-CHN-000001-03","WF-CHN-HOTEL_BOOKING-000001","hotel_booking","Chennai","T. Nagar","CUS-CHN-000001","Arun Kumar","+91-90000-00001","customer000001@example.test","BUS-CHN-0002","Marina Comfort Suites (SYNTHETIC DEMO ENTITY)","AGT-CHN-HOT-01","STEP-03","3","5","room_booking","book_room","cancel_booking","true","true","false","STEP-02","WF-CHN-HOTEL_BOOKING-000001-STEP-03-book_room","COMPLETED","NORMAL","2","2","CP-CHN-000001-STEP-03","State before book_room in T. Nagar","Expected valid book_room","Committed book_room","STANDBY_REVERSIBLE","NONE_REQUIRED","false","PASSED","RESTORED_OR_COMMITTED","2026-10-04T00:46:24.110Z","2026-10-05T04:33:03.110Z"
"REC-CHN-000001-04","WF-CHN-HOTEL_BOOKING-000001","hotel_booking","Chennai","T. Nagar","CUS-CHN-000001","Arun Kumar","+91-90000-00001","customer000001@example.test","BUS-CHN-0002","Marina Comfort Suites (SYNTHETIC DEMO ENTITY)","AGT-CHN-HOT-01","STEP-04","4","5","payment_processor","charge_card","refund_payment","true","true","false","STEP-03","WF-CHN-HOTEL_BOOKING-000001-STEP-04-charge_card","COMPLETED","NORMAL","2","2","CP-CHN-000001-STEP-04","State before charge_card in T. Nagar","Expected valid charge_card","Committed charge_card","STANDBY_REVERSIBLE","NONE_REQUIRED","false","PASSED","RESTORED_OR_COMMITTED","2026-10-04T00:46:24.110Z","2026-10-05T04:33:03.110Z"
"REC-CHN-000001-05","WF-CHN-HOTEL_BOOKING-000001","hotel_booking","Chennai","T. Nagar","CUS-CHN-000001","Arun Kumar","+91-90000-00001","customer000001@example.test","BUS-CHN-0002","Marina Comfort Suites (SYNTHETIC DEMO ENTITY)","AGT-CHN-HOT-01","STEP-05","5","5","email_service","email_customer",,"false","true","true","STEP-04","WF-CHN-HOTEL_BOOKING-000001-STEP-05-email_customer","COMPLETED","NORMAL","2","2","CP-CHN-000001-STEP-05","State before email_customer in T. Nagar","Expected valid email_customer","Committed email_customer","COMMITTED_IRREVERSIBLE","NONE_REQUIRED","false","PASSED","RESTORED_OR_COMMITTED","2026-10-04T00:46:24.110Z","2026-10-05T04:33:03.110Z"
"REC-CHN-000002-01","WF-CHN-ECOMMERCE_ORDER-000002","ecommerce_order","Chennai","Nungambakkam","CUS-CHN-000002","Kavin Raj","+91-90000-00002","customer000002@example.test","BUS-CHN-0003","OMR SuperStore Online (SYNTHETIC DEMO ENTITY)","AGT-CHN-ECO-01","STEP-01","1","5","order_service","create_order","cancel_order","true","true","false","NONE","WF-CHN-ECOMMERCE_ORDER-000002-STEP-01-create_order","COMPLETED","STEP_FAILURE","3","3","CP-CHN-000002-STEP-01","State before create_order in Nungambakkam","Expected valid create_order","Originally completed, then reversed during recovery","COMPENSATED","REVERSE_COMPENSATE_STEP","false","PASSED","RESTORED","2026-10-04T00:46:25.110Z","2026-10-05T04:33:03.110Z"
"REC-CHN-000002-02","WF-CHN-ECOMMERCE_ORDER-000002","ecommerce_order","Chennai","Nungambakkam","CUS-CHN-000002","Kavin Raj","+91-90000-00002","customer000002@example.test","BUS-CHN-0003","OMR SuperStore Online (SYNTHETIC DEMO ENTITY)","AGT-CHN-ECO-01","STEP-02","2","5","inventory_service","reserve_inventory","release_inventory","true","true","false","STEP-01","WF-CHN-ECOMMERCE_ORDER-000002-STEP-02-reserve_inventory","COMPLETED","STEP_FAILURE","3","3","CP-CHN-000002-STEP-02","State before reserve_inventory in Nungambakkam","Expected valid reserve_inventory","Originally completed, then reversed during recovery","COMPENSATED","REVERSE_COMPENSATE_STEP","false","PASSED","RESTORED","2026-10-04T00:46:25.110Z","2026-10-05T04:33:03.110Z"
"REC-CHN-000002-03","WF-CHN-ECOMMERCE_ORDER-000002","ecommerce_order","Chennai","Nungambakkam","CUS-CHN-000002","Kavin Raj","+91-90000-00002","customer000002@example.test","BUS-CHN-0003","OMR SuperStore Online (SYNTHETIC DEMO ENTITY)","AGT-CHN-ECO-01","STEP-03","3","5","payment_service","charge_card","refund_payment","true","true","false","STEP-02","WF-CHN-ECOMMERCE_ORDER-000002-STEP-03-charge_card","FAILED","STEP_FAILURE","3","3","CP-CHN-000002-STEP-03","State before charge_card in Nungambakkam","Expected valid charge_card","Failed at charge_card: STEP_FAILURE","TRIGGERING_RECOVERY","SAGA_REVERSE_COMPENSATION","false","FAILED_AT_STEP","RESTORED","2026-10-04T00:46:25.110Z","2026-10-05T04:33:03.110Z"
"REC-CHN-000002-04","WF-CHN-ECOMMERCE_ORDER-000002","ecommerce_order","Chennai","Nungambakkam","CUS-CHN-000002","Kavin Raj","+91-90000-00002","customer000002@example.test","BUS-CHN-0003","OMR SuperStore Online (SYNTHETIC DEMO ENTITY)","AGT-CHN-ECO-01","STEP-04","4","5","shipment_service","create_shipment","cancel_shipment","true","true","false","STEP-03","WF-CHN-ECOMMERCE_ORDER-000002-STEP-04-create_shipment","SKIPPED_DUE_TO_PREVIOUS_FAILURE","STEP_FAILURE","3","3","CP-CHN-000002-STEP-04","State before create_shipment in Nungambakkam","Expected valid create_shipment","Committed create_shipment","COMPENSATED","SAGA_REVERSE_COMPENSATION","false","PASSED","RESTORED","2026-10-04T00:46:25.110Z","2026-10-05T04:33:03.110Z"
"REC-CHN-000002-05","WF-CHN-ECOMMERCE_ORDER-000002","ecommerce_order","Chennai","Nungambakkam","CUS-CHN-000002","Kavin Raj","+91-90000-00002","customer000002@example.test","BUS-CHN-0003","OMR SuperStore Online (SYNTHETIC DEMO ENTITY)","AGT-CHN-ECO-01","STEP-05","5","5","notification_service","email_customer",,"false","true","true","STEP-04","WF-CHN-ECOMMERCE_ORDER-000002-STEP-05-email_customer","SKIPPED_DUE_TO_PREVIOUS_FAILURE","STEP_FAILURE","3","3","CP-CHN-000002-STEP-05","State before email_customer in Nungambakkam","Expected valid email_customer","Committed email_customer","SKIPPED","SAGA_REVERSE_COMPENSATION","false","PASSED","RESTORED","2026-10-04T00:46:25.110Z","2026-10-05T04:33:03.110Z"
"REC-CHN-000003-01","WF-CHN-CUSTOMER_SUPPORT-000003","customer_support","Chennai","Anna Nagar","CUS-CHN-000003","Priya Anand","+91-90000-00003","customer000003@example.test","BUS-CHN-0004","Southern Tech Helpdesk (SYNTHETIC DEMO ENTITY)","AGT-CHN-CUS-01","STEP-01","1","5","crm_service","create_ticket","close_ticket","true","true","false","NONE","WF-CHN-CUSTOMER_SUPPORT-000003-STEP-01-create_ticket","COMPLETED","TOOL_FAILURE","4","1","CP-CHN-000003-STEP-01","State before create_ticket in Anna Nagar","Expected valid create_ticket","Originally completed, then reversed during recovery","COMPENSATED","REVERSE_COMPENSATE_STEP","false","PASSED","RESTORED","2026-10-04T00:46:26.110Z","2026-10-05T04:33:03.110Z"
"REC-CHN-000003-02","WF-CHN-CUSTOMER_SUPPORT-000003","customer_support","Chennai","Anna Nagar","CUS-CHN-000003","Priya Anand","+91-90000-00003","customer000003@example.test","BUS-CHN-0004","Southern Tech Helpdesk (SYNTHETIC DEMO ENTITY)","AGT-CHN-CUS-01","STEP-02","2","5","routing_service","assign_agent","unassign_agent","true","true","false","STEP-01","WF-CHN-CUSTOMER_SUPPORT-000003-STEP-02-assign_agent","COMPLETED","TOOL_FAILURE","4","1","CP-CHN-000003-STEP-02","State before assign_agent in Anna Nagar","Expected valid assign_agent","Originally completed, then reversed during recovery","COMPENSATED","REVERSE_COMPENSATE_STEP","false","PASSED","RESTORED","2026-10-04T00:46:26.110Z","2026-10-05T04:33:03.110Z"
"REC-CHN-000003-03","WF-CHN-CUSTOMER_SUPPORT-000003","customer_support","Chennai","Anna Nagar","CUS-CHN-000003","Priya Anand","+91-90000-00003","customer000003@example.test","BUS-CHN-0004","Southern Tech Helpdesk (SYNTHETIC DEMO ENTITY)","AGT-CHN-CUS-01","STEP-03","3","5","customer_record_service","update_customer_record","restore_customer_record","true","true","false","STEP-02","WF-CHN-CUSTOMER_SUPPORT-000003-STEP-03-update_customer_record","COMPLETED","TOOL_FAILURE","4","1","CP-CHN-000003-STEP-03","State before update_customer_record in Anna Nagar","Expected valid update_customer_record","Originally completed, then reversed during recovery","COMPENSATED","REVERSE_COMPENSATE_STEP","false","PASSED","RESTORED","2026-10-04T00:46:26.110Z","2026-10-05T04:33:03.110Z"
"REC-CHN-000003-04","WF-CHN-CUSTOMER_SUPPORT-000003","customer_support","Chennai","Anna Nagar","CUS-CHN-000003","Priya Anand","+91-90000-00003","customer000003@example.test","BUS-CHN-0004","Southern Tech Helpdesk (SYNTHETIC DEMO ENTITY)","AGT-CHN-CUS-01","STEP-04","4","5","resolution_service","create_resolution","revert_resolution","true","true","false","STEP-03","WF-CHN-CUSTOMER_SUPPORT-000003-STEP-04-create_resolution","FAILED","TOOL_FAILURE","4","1","CP-CHN-000003-STEP-04","State before create_resolution in Anna Nagar","Expected valid create_resolution","Failed at create_resolution: TOOL_FAILURE","TRIGGERING_RECOVERY","SAGA_REVERSE_COMPENSATION","false","FAILED_AT_STEP","RESTORED","2026-10-04T00:46:26.110Z","2026-10-05T04:33:03.110Z"
"REC-CHN-000003-05","WF-CHN-CUSTOMER_SUPPORT-000003","customer_support","Chennai","Anna Nagar","CUS-CHN-000003","Priya Anand","+91-90000-00003","customer000003@example.test","BUS-CHN-0004","Southern Tech Helpdesk (SYNTHETIC DEMO ENTITY)","AGT-CHN-CUS-01","STEP-05","5","5","notification_service","email_customer",,"false","true","true","STEP-04","WF-CHN-CUSTOMER_SUPPORT-000003-STEP-05-email_customer","SKIPPED_DUE_TO_PREVIOUS_FAILURE","TOOL_FAILURE","4","1","CP-CHN-000003-STEP-05","State before email_customer in Anna Nagar","Expected valid email_customer","Committed email_customer","SKIPPED","SAGA_REVERSE_COMPENSATION","false","PASSED","RESTORED","2026-10-04T00:46:26.110Z","2026-10-05T04:33:03.110Z"
"REC-CHN-000004-01","WF-CHN-RESTAURANT_RESERVATION-000004","restaurant_reservation","Chennai","Adyar","CUS-CHN-000004","Divya Krishnan","+91-90000-00004","customer000004@example.test","BUS-CHN-0005","Mylapore Rasam & Curries (SYNTHETIC DEMO ENTITY)","AGT-CHN-RES-01","STEP-01","1","5","dining_search","find_restaurant",,"false","true","false","NONE","WF-CHN-RESTAURANT_RESERVATION-000004-STEP-01-find_restaurant","FAILED","TIMEOUT","1","2","CP-CHN-000004-STEP-01","State before find_restaurant in Adyar","Expected valid find_restaurant","Failed at find_restaurant: TIMEOUT","TRIGGERING_RECOVERY","SAGA_REVERSE_COMPENSATION","false","FAILED_AT_STEP","RESTORED","2026-10-04T00:46:27.110Z","2026-10-05T04:33:03.110Z"
"REC-CHN-000004-02","WF-CHN-RESTAURANT_RESERVATION-000004","restaurant_reservation","Chennai","Adyar","CUS-CHN-000004","Divya Krishnan","+91-90000-00004","customer000004@example.test","BUS-CHN-0005","Mylapore Rasam & Curries (SYNTHETIC DEMO ENTITY)","AGT-CHN-RES-01","STEP-02","2","5","table_booking","reserve_table","release_table","true","true","false","STEP-01","WF-CHN-RESTAURANT_RESERVATION-000004-STEP-02-reserve_table","SKIPPED_DUE_TO_PREVIOUS_FAILURE","TIMEOUT","1","2","CP-CHN-000004-STEP-02","State before reserve_table in Adyar","Expected valid reserve_table","Committed reserve_table","COMPENSATED","SAGA_REVERSE_COMPENSATION","false","PASSED","RESTORED","2026-10-04T00:46:27.110Z","2026-10-05T04:33:03.110Z"
"REC-CHN-000004-03","WF-CHN-RESTAURANT_RESERVATION-000004","restaurant_reservation","Chennai","Adyar","CUS-CHN-000004","Divya Krishnan","+91-90000-00004","customer000004@example.test","BUS-CHN-0005","Mylapore Rasam & Curries (SYNTHETIC DEMO ENTITY)","AGT-CHN-RES-01","STEP-03","3","5","deposit_service","charge_deposit","refund_deposit","true","true","false","STEP-02","WF-CHN-RESTAURANT_RESERVATION-000004-STEP-03-charge_deposit","SKIPPED_DUE_TO_PREVIOUS_FAILURE","TIMEOUT","1","2","CP-CHN-000004-STEP-03","State before charge_deposit in Adyar","Expected valid charge_deposit","Committed charge_deposit","COMPENSATED","SAGA_REVERSE_COMPENSATION","false","PASSED","RESTORED","2026-10-04T00:46:27.110Z","2026-10-05T04:33:03.110Z"
"REC-CHN-000004-04","WF-CHN-RESTAURANT_RESERVATION-000004","restaurant_reservation","Chennai","Adyar","CUS-CHN-000004","Divya Krishnan","+91-90000-00004","customer000004@example.test","BUS-CHN-0005","Mylapore Rasam & Curries (SYNTHETIC DEMO ENTITY)","AGT-CHN-RES-01","STEP-04","4","5","reservation_service","create_reservation","cancel_reservation","true","true","false","STEP-03","WF-CHN-RESTAURANT_RESERVATION-000004-STEP-04-create_reservation","SKIPPED_DUE_TO_PREVIOUS_FAILURE","TIMEOUT","1","2","CP-CHN-000004-STEP-04","State before create_reservation in Adyar","Expected valid create_reservation","Committed create_reservation","COMPENSATED","SAGA_REVERSE_COMPENSATION","false","PASSED","RESTORED","2026-10-04T00:46:27.110Z","2026-10-05T04:33:03.110Z"
"REC-CHN-000004-05","WF-CHN-RESTAURANT_RESERVATION-000004","restaurant_reservation","Chennai","Adyar","CUS-CHN-000004","Divya Krishnan","+91-90000-00004","customer000004@example.test","BUS-CHN-0005","Mylapore Rasam & Curries (SYNTHETIC DEMO ENTITY)","AGT-CHN-RES-01","STEP-05","5","5","messaging_service","send_confirmation",,"false","true","true","STEP-04","WF-CHN-RESTAURANT_RESERVATION-000004-STEP-05-send_confirmation","SKIPPED_DUE_TO_PREVIOUS_FAILURE","TIMEOUT","1","2","CP-CHN-000004-STEP-05","State before send_confirmation in Adyar","Expected valid send_confirmation","Committed send_confirmation","SKIPPED","SAGA_REVERSE_COMPENSATION","false","PASSED","RESTORED","2026-10-04T00:46:27.110Z","2026-10-05T04:33:03.110Z"
"REC-CHN-000005-01","WF-CHN-CAB_BOOKING-000005","cab_booking","Chennai","Mylapore","CUS-CHN-000005","Sanjay Rao","+91-90000-00005","customer000005@example.test","BUS-CHN-0006","Coromandel Cabs (SYNTHETIC DEMO ENTITY)","AGT-CHN-CAB-01","STEP-01","1","5","ride_dispatcher","request_ride",,"false","true","false","NONE","WF-CHN-CAB_BOOKING-000005-STEP-01-request_ride","COMPLETED","NETWORK_FAILURE","2","3","CP-CHN-000005-STEP-01","State before request_ride in Mylapore","Expected valid request_ride","Originally completed, then reversed during recovery","NOT_APPLICABLE","REVERSE_COMPENSATE_STEP","false","PASSED","RESTORED","2026-10-04T00:46:28.110Z","2026-10-05T04:33:03.110Z"
"REC-CHN-000005-02","WF-CHN-CAB_BOOKING-000005","cab_booking","Chennai","Mylapore","CUS-CHN-000005","Sanjay Rao","+91-90000-00005","customer000005@example.test","BUS-CHN-0006","Coromandel Cabs (SYNTHETIC DEMO ENTITY)","AGT-CHN-CAB-01","STEP-02","2","5","driver_assignment","assign_driver","release_driver","true","true","false","STEP-01","WF-CHN-CAB_BOOKING-000005-STEP-02-assign_driver","FAILED","NETWORK_FAILURE","2","3","CP-CHN-000005-STEP-02","State before assign_driver in Mylapore","Expected valid assign_driver","Failed at assign_driver: NETWORK_FAILURE","TRIGGERING_RECOVERY","SAGA_REVERSE_COMPENSATION","false","FAILED_AT_STEP","RESTORED","2026-10-04T00:46:28.110Z","2026-10-05T04:33:03.110Z"
"REC-CHN-000005-03","WF-CHN-CAB_BOOKING-000005","cab_booking","Chennai","Mylapore","CUS-CHN-000005","Sanjay Rao","+91-90000-00005","customer000005@example.test","BUS-CHN-0006","Coromandel Cabs (SYNTHETIC DEMO ENTITY)","AGT-CHN-CAB-01","STEP-03","3","5","trip_service","confirm_ride","cancel_ride","true","true","false","STEP-02","WF-CHN-CAB_BOOKING-000005-STEP-03-confirm_ride","SKIPPED_DUE_TO_PREVIOUS_FAILURE","NETWORK_FAILURE","2","3","CP-CHN-000005-STEP-03","State before confirm_ride in Mylapore","Expected valid confirm_ride","Committed confirm_ride","COMPENSATED","SAGA_REVERSE_COMPENSATION","false","PASSED","RESTORED","2026-10-04T00:46:28.110Z","2026-10-05T04:33:03.110Z"
"REC-CHN-000005-04","WF-CHN-CAB_BOOKING-000005","cab_booking","Chennai","Mylapore","CUS-CHN-000005","Sanjay Rao","+91-90000-00005","customer000005@example.test","BUS-CHN-0006","Coromandel Cabs (SYNTHETIC DEMO ENTITY)","AGT-CHN-CAB-01","STEP-04","4","5","fare_service","charge_payment","refund_payment","true","true","false","STEP-03","WF-CHN-CAB_BOOKING-000005-STEP-04-charge_payment","SKIPPED_DUE_TO_PREVIOUS_FAILURE","NETWORK_FAILURE","2","3","CP-CHN-000005-STEP-04","State before charge_payment in Mylapore","Expected valid charge_payment","Committed charge_payment","COMPENSATED","SAGA_REVERSE_COMPENSATION","false","PASSED","RESTORED","2026-10-04T00:46:28.110Z","2026-10-05T04:33:03.110Z"
"REC-CHN-000005-05","WF-CHN-CAB_BOOKING-000005","cab_booking","Chennai","Mylapore","CUS-CHN-000005","Sanjay Rao","+91-90000-00005","customer000005@example.test","BUS-CHN-0006","Coromandel Cabs (SYNTHETIC DEMO ENTITY)","AGT-CHN-CAB-01","STEP-05","5","5","comm_service","send_confirmation",,"false","true","true","STEP-04","WF-CHN-CAB_BOOKING-000005-STEP-05-send_confirmation","SKIPPED_DUE_TO_PREVIOUS_FAILURE","NETWORK_FAILURE","2","3","CP-CHN-000005-STEP-05","State before send_confirmation in Mylapore","Expected valid send_confirmation","Committed send_confirmation","SKIPPED","SAGA_REVERSE_COMPENSATION","false","PASSED","RESTORED","2026-10-04T00:46:28.110Z","2026-10-05T04:33:03.110Z"
"REC-CHN-000006-01","WF-CHN-EVENT_REGISTRATION-000006","event_registration","Chennai","Velachery","CUS-CHN-000006","Nithya Kumar","+91-90000-00006","customer000006@example.test","BUS-CHN-0007","Marina Hackathon Expo (SYNTHETIC DEMO ENTITY)","AGT-CHN-EVE-01","STEP-01","1","5","event_service","register_participant","cancel_registration","true","true","false","NONE","WF-CHN-EVENT_REGISTRATION-000006-STEP-01-register_participant","COMPLETED","DUPLICATE_REQUEST","3","1","CP-CHN-000006-STEP-01","State before register_participant in Velachery","Expected valid register_participant","Committed register_participant","NONE","FORWARD_EXECUTION","false","PASSED","COMMITTED","2026-10-04T00:46:29.110Z","2026-10-05T04:33:03.110Z"
"REC-CHN-000006-02","WF-CHN-EVENT_REGISTRATION-000006","event_registration","Chennai","Velachery","CUS-CHN-000006","Nithya Kumar","+91-90000-00006","customer000006@example.test","BUS-CHN-0007","Marina Hackathon Expo (SYNTHETIC DEMO ENTITY)","AGT-CHN-EVE-01","STEP-02","2","5","seating_service","reserve_seat","release_seat","true","true","false","STEP-01","WF-CHN-EVENT_REGISTRATION-000006-STEP-02-reserve_seat","COMPLETED","DUPLICATE_REQUEST","3","1","CP-CHN-000006-STEP-02","State before reserve_seat in Velachery","Expected valid reserve_seat","Duplicate request detected via idempotency key: WF-CHN-EVENT_REGISTRATION-000006-STEP-02-reserve_seat. Returned cached response with 0 side effects.","NONE","IDEMPOTENCY_GUARD_PREVENT_DUPLICATE","false","PASSED","RESTORED_OR_COMMITTED","2026-10-04T00:46:29.110Z","2026-10-05T04:33:03.110Z"
"REC-CHN-000006-03","WF-CHN-EVENT_REGISTRATION-000006","event_registration","Chennai","Velachery","CUS-CHN-000006","Nithya Kumar","+91-90000-00006","customer000006@example.test","BUS-CHN-0007","Marina Hackathon Expo (SYNTHETIC DEMO ENTITY)","AGT-CHN-EVE-01","STEP-03","3","5","payment_gateway","process_payment","refund_payment","true","true","false","STEP-02","WF-CHN-EVENT_REGISTRATION-000006-STEP-03-process_payment","COMPLETED","DUPLICATE_REQUEST","3","1","CP-CHN-000006-STEP-03","State before process_payment in Velachery","Expected valid process_payment","Committed process_payment","NONE","FORWARD_EXECUTION","false","PASSED","COMMITTED","2026-10-04T00:46:29.110Z","2026-10-05T04:33:03.110Z"
"REC-CHN-000006-04","WF-CHN-EVENT_REGISTRATION-000006","event_registration","Chennai","Velachery","CUS-CHN-000006","Nithya Kumar","+91-90000-00006","customer000006@example.test","BUS-CHN-0007","Marina Hackathon Expo (SYNTHETIC DEMO ENTITY)","AGT-CHN-EVE-01","STEP-04","4","5","ticket_generator","generate_ticket","invalidate_ticket","true","true","false","STEP-03","WF-CHN-EVENT_REGISTRATION-000006-STEP-04-generate_ticket","COMPLETED","DUPLICATE_REQUEST","3","1","CP-CHN-000006-STEP-04","State before generate_ticket in Velachery","Expected valid generate_ticket","Committed generate_ticket","NONE","FORWARD_EXECUTION","false","PASSED","COMMITTED","2026-10-04T00:46:29.110Z","2026-10-05T04:33:03.110Z"
"REC-CHN-000006-05","WF-CHN-EVENT_REGISTRATION-000006","event_registration","Chennai","Velachery","CUS-CHN-000006","Nithya Kumar","+91-90000-00006","customer000006@example.test","BUS-CHN-0007","Marina Hackathon Expo (SYNTHETIC DEMO ENTITY)","AGT-CHN-EVE-01","STEP-05","5","5","email_dispatcher","email_ticket",,"false","true","true","STEP-04","WF-CHN-EVENT_REGISTRATION-000006-STEP-05-email_ticket","COMPLETED","DUPLICATE_REQUEST","3","1","CP-CHN-000006-STEP-05","State before email_ticket in Velachery","Expected valid email_ticket","Committed email_ticket","NONE","FORWARD_EXECUTION","false","PASSED","COMMITTED","2026-10-04T00:46:29.111Z","2026-10-05T04:33:03.111Z"
"REC-CHN-000007-01","WF-CHN-DELIVERY-000007","delivery","Chennai","Guindy","CUS-CHN-000007","Rahul Varma","+91-90000-00007","customer000007@example.test","BUS-CHN-0008","Southern Parcel Dispatch (SYNTHETIC DEMO ENTITY)","AGT-CHN-DEL-01","STEP-01","1","5","dispatch_engine","create_delivery","cancel_delivery","true","true","false","NONE","WF-CHN-DELIVERY-000007-STEP-01-create_delivery","COMPLETED","UNKNOWN_STATE","4","2","CP-CHN-000007-STEP-01","State before create_delivery in Guindy","Expected valid create_delivery","Committed create_delivery","NONE","FORWARD_EXECUTION","false","PASSED","COMMITTED","2026-10-04T00:46:30.111Z","2026-10-05T04:33:03.111Z"
"REC-CHN-000007-02","WF-CHN-DELIVERY-000007","delivery","Chennai","Guindy","CUS-CHN-000007","Rahul Varma","+91-90000-00007","customer000007@example.test","BUS-CHN-0008","Southern Parcel Dispatch (SYNTHETIC DEMO ENTITY)","AGT-CHN-DEL-01","STEP-02","2","5","courier_service","assign_driver","unassign_driver","true","true","false","STEP-01","WF-CHN-DELIVERY-000007-STEP-02-assign_driver","COMPLETED","UNKNOWN_STATE","4","2","CP-CHN-000007-STEP-02","State before assign_driver in Guindy","Expected valid assign_driver","Committed assign_driver","NONE","FORWARD_EXECUTION","false","PASSED","COMMITTED","2026-10-04T00:46:30.111Z","2026-10-05T04:33:03.111Z"
"REC-CHN-000007-03","WF-CHN-DELIVERY-000007","delivery","Chennai","Guindy","CUS-CHN-000007","Rahul Varma","+91-90000-00007","customer000007@example.test","BUS-CHN-0008","Southern Parcel Dispatch (SYNTHETIC DEMO ENTITY)","AGT-CHN-DEL-01","STEP-03","3","5","fleet_service","reserve_vehicle","release_vehicle","true","true","false","STEP-02","WF-CHN-DELIVERY-000007-STEP-03-reserve_vehicle","COMPLETED","UNKNOWN_STATE","4","2","CP-CHN-000007-STEP-03","State before reserve_vehicle in Guindy","Expected valid reserve_vehicle","Committed reserve_vehicle","NONE","FORWARD_EXECUTION","false","PASSED","COMMITTED","2026-10-04T00:46:30.111Z","2026-10-05T04:33:03.111Z"
"REC-CHN-000007-04","WF-CHN-DELIVERY-000007","delivery","Chennai","Guindy","CUS-CHN-000007","Rahul Varma","+91-90000-00007","customer000007@example.test","BUS-CHN-0008","Southern Parcel Dispatch (SYNTHETIC DEMO ENTITY)","AGT-CHN-DEL-01","STEP-04","4","5","sorting_service","dispatch_package","recall_dispatch","true","true","false","STEP-03","WF-CHN-DELIVERY-000007-STEP-04-dispatch_package","FAILED","UNKNOWN_STATE","4","2","CP-CHN-000007-STEP-04","State before dispatch_package in Guindy","Expected valid dispatch_package","Committed dispatch_package","NONE","QUERY_AUTHORITATIVE_MOCK_WORLD_THEN_COMPENSATE","false","PASSED","RESTORED","2026-10-04T00:46:30.111Z","2026-10-05T04:33:03.111Z"
"REC-CHN-000007-05","WF-CHN-DELIVERY-000007","delivery","Chennai","Guindy","CUS-CHN-000007","Rahul Varma","+91-90000-00007","customer000007@example.test","BUS-CHN-0008","Southern Parcel Dispatch (SYNTHETIC DEMO ENTITY)","AGT-CHN-DEL-01","STEP-05","5","5","alert_service","notify_customer",,"false","true","true","STEP-04","WF-CHN-DELIVERY-000007-STEP-05-notify_customer","SKIPPED_DUE_TO_PREVIOUS_FAILURE","UNKNOWN_STATE","4","2","CP-CHN-000007-STEP-05","State before notify_customer in Guindy","Expected valid notify_customer","Committed notify_customer","SKIPPED","SAGA_REVERSE_COMPENSATION","false","PASSED","RESTORED","2026-10-04T00:46:30.111Z","2026-10-05T04:33:03.111Z"
"REC-CHN-000008-01","WF-CHN-APPOINTMENT_BOOKING-000008","appointment_booking","Chennai","Saidapet","CUS-CHN-000008","Meena Raj","+91-90000-00008","customer000008@example.test","BUS-CHN-0009","Apollo Health Hub Chennai (SYNTHETIC DEMO ENTITY)","AGT-CHN-APP-01","STEP-01","1","5","clinic_calendar","find_slot",,"false","true","false","NONE","WF-CHN-APPOINTMENT_BOOKING-000008-STEP-01-find_slot","FAILED","PARTIAL_FAILURE","1","3","CP-CHN-000008-STEP-01","State before find_slot in Saidapet","Expected valid find_slot","Committed find_slot","NONE","QUERY_AUTHORITATIVE_MOCK_WORLD_THEN_COMPENSATE","false","PASSED","RESTORED","2026-10-04T00:46:31.111Z","2026-10-05T04:33:03.111Z"
"REC-CHN-000008-02","WF-CHN-APPOINTMENT_BOOKING-000008","appointment_booking","Chennai","Saidapet","CUS-CHN-000008","Meena Raj","+91-90000-00008","customer000008@example.test","BUS-CHN-0009","Apollo Health Hub Chennai (SYNTHETIC DEMO ENTITY)","AGT-CHN-APP-01","STEP-02","2","5","slot_manager","reserve_slot","release_slot","true","true","false","STEP-01","WF-CHN-APPOINTMENT_BOOKING-000008-STEP-02-reserve_slot","SKIPPED_DUE_TO_PREVIOUS_FAILURE","PARTIAL_FAILURE","1","3","CP-CHN-000008-STEP-02","State before reserve_slot in Saidapet","Expected valid reserve_slot","Committed reserve_slot","COMPENSATED","SAGA_REVERSE_COMPENSATION","false","PASSED","RESTORED","2026-10-04T00:46:31.111Z","2026-10-05T04:33:03.111Z"
"REC-CHN-000008-03","WF-CHN-APPOINTMENT_BOOKING-000008","appointment_booking","Chennai","Saidapet","CUS-CHN-000008","Meena Raj","+91-90000-00008","customer000008@example.test","BUS-CHN-0009","Apollo Health Hub Chennai (SYNTHETIC DEMO ENTITY)","AGT-CHN-APP-01","STEP-03","3","5","billing_service","process_payment","refund_payment","true","true","false","STEP-02","WF-CHN-APPOINTMENT_BOOKING-000008-STEP-03-process_payment","SKIPPED_DUE_TO_PREVIOUS_FAILURE","PARTIAL_FAILURE","1","3","CP-CHN-000008-STEP-03","State before process_payment in Saidapet","Expected valid process_payment","Committed process_payment","COMPENSATED","SAGA_REVERSE_COMPENSATION","false","PASSED","RESTORED","2026-10-04T00:46:31.111Z","2026-10-05T04:33:03.111Z"
"REC-CHN-000008-04","WF-CHN-APPOINTMENT_BOOKING-000008","appointment_booking","Chennai","Saidapet","CUS-CHN-000008","Meena Raj","+91-90000-00008","customer000008@example.test","BUS-CHN-0009","Apollo Health Hub Chennai (SYNTHETIC DEMO ENTITY)","AGT-CHN-APP-01","STEP-04","4","5","emr_service","create_appointment","cancel_appointment","true","true","false","STEP-03","WF-CHN-APPOINTMENT_BOOKING-000008-STEP-04-create_appointment","SKIPPED_DUE_TO_PREVIOUS_FAILURE","PARTIAL_FAILURE","1","3","CP-CHN-000008-STEP-04","State before create_appointment in Saidapet","Expected valid create_appointment","Committed create_appointment","COMPENSATED","SAGA_REVERSE_COMPENSATION","false","PASSED","RESTORED","2026-10-04T00:46:31.111Z","2026-10-05T04:33:03.111Z"
"REC-CHN-000008-05","WF-CHN-APPOINTMENT_BOOKING-000008","appointment_booking","Chennai","Saidapet","CUS-CHN-000008","Meena Raj","+91-90000-00008","customer000008@example.test","BUS-CHN-0009","Apollo Health Hub Chennai (SYNTHETIC DEMO ENTITY)","AGT-CHN-APP-01","STEP-05","5","5","sms_service","send_confirmation",,"false","true","true","STEP-04","WF-CHN-APPOINTMENT_BOOKING-000008-STEP-05-send_confirmation","SKIPPED_DUE_TO_PREVIOUS_FAILURE","PARTIAL_FAILURE","1","3","CP-CHN-000008-STEP-05","State before send_confirmation in Saidapet","Expected valid send_confirmation","Committed send_confirmation","SKIPPED","SAGA_REVERSE_COMPENSATION","false","PASSED","RESTORED","2026-10-04T00:46:31.111Z","2026-10-05T04:33:03.111Z"
"REC-CHN-000009-01","WF-CHN-HOTEL_BOOKING-000009","hotel_booking","Chennai","Besant Nagar","CUS-CHN-000009","Karthik Sundaram","+91-90000-00009","customer000009@example.test","BUS-CHN-0010","Marina Comfort Suites (SYNTHETIC DEMO ENTITY)","AGT-CHN-HOT-01","STEP-01","1","5","hotel_search","search_hotel",,"false","true","false","NONE","WF-CHN-HOTEL_BOOKING-000009-STEP-01-search_hotel","COMPLETED","CRASH","2","1","CP-CHN-000009-STEP-01","State before search_hotel in Besant Nagar","Expected valid search_hotel","Committed search_hotel","CHECKPOINTED","RESUME_FROM_DURABLE_LOG","false","PASSED","DURABLE_CHECKPOINT_SAVED","2026-10-04T00:46:32.111Z","2026-10-05T04:33:03.111Z"
"REC-CHN-000009-02","WF-CHN-HOTEL_BOOKING-000009","hotel_booking","Chennai","Besant Nagar","CUS-CHN-000009","Karthik Sundaram","+91-90000-00009","customer000009@example.test","BUS-CHN-0010","Marina Comfort Suites (SYNTHETIC DEMO ENTITY)","AGT-CHN-HOT-01","STEP-02","2","5","room_selection","select_room",,"false","true","false","STEP-01","WF-CHN-HOTEL_BOOKING-000009-STEP-02-select_room","SKIPPED_DUE_TO_CRASH","CRASH","2","1","CP-CHN-000009-STEP-02","State before select_room in Besant Nagar","Expected valid select_room","Committed select_room","NONE","RESUME_OR_ROLLBACK_AFTER_CRASH","false","PASSED","PRESERVED_AT_CHECKPOINT","2026-10-04T00:46:32.111Z","2026-10-05T04:33:03.111Z"
"REC-CHN-000009-03","WF-CHN-HOTEL_BOOKING-000009","hotel_booking","Chennai","Besant Nagar","CUS-CHN-000009","Karthik Sundaram","+91-90000-00009","customer000009@example.test","BUS-CHN-0010","Marina Comfort Suites (SYNTHETIC DEMO ENTITY)","AGT-CHN-HOT-01","STEP-03","3","5","room_booking","book_room","cancel_booking","true","true","false","STEP-02","WF-CHN-HOTEL_BOOKING-000009-STEP-03-book_room","SKIPPED_DUE_TO_CRASH","CRASH","2","1","CP-CHN-000009-STEP-03","State before book_room in Besant Nagar","Expected valid book_room","Committed book_room","NONE","RESUME_OR_ROLLBACK_AFTER_CRASH","false","PASSED","PRESERVED_AT_CHECKPOINT","2026-10-04T00:46:32.111Z","2026-10-05T04:33:03.111Z"
"REC-CHN-000009-04","WF-CHN-HOTEL_BOOKING-000009","hotel_booking","Chennai","Besant Nagar","CUS-CHN-000009","Karthik Sundaram","+91-90000-00009","customer000009@example.test","BUS-CHN-0010","Marina Comfort Suites (SYNTHETIC DEMO ENTITY)","AGT-CHN-HOT-01","STEP-04","4","5","payment_processor","charge_card","refund_payment","true","true","false","STEP-03","WF-CHN-HOTEL_BOOKING-000009-STEP-04-charge_card","SKIPPED_DUE_TO_CRASH","CRASH","2","1","CP-CHN-000009-STEP-04","State before charge_card in Besant Nagar","Expected valid charge_card","Committed charge_card","NONE","RESUME_OR_ROLLBACK_AFTER_CRASH","false","PASSED","PRESERVED_AT_CHECKPOINT","2026-10-04T00:46:32.111Z","2026-10-05T04:33:03.111Z"
"REC-CHN-000009-05","WF-CHN-HOTEL_BOOKING-000009","hotel_booking","Chennai","Besant Nagar","CUS-CHN-000009","Karthik Sundaram","+91-90000-00009","customer000009@example.test","BUS-CHN-0010","Marina Comfort Suites (SYNTHETIC DEMO ENTITY)","AGT-CHN-HOT-01","STEP-05","5","5","email_service","email_customer",,"false","true","true","STEP-04","WF-CHN-HOTEL_BOOKING-000009-STEP-05-email_customer","SKIPPED_DUE_TO_CRASH","CRASH","2","1","CP-CHN-000009-STEP-05","State before email_customer in Besant Nagar","Expected valid email_customer","Committed email_customer","NONE","RESUME_OR_ROLLBACK_AFTER_CRASH","false","PASSED","PRESERVED_AT_CHECKPOINT","2026-10-04T00:46:32.111Z","2026-10-05T04:33:03.111Z"
"REC-CHN-000010-01","WF-CHN-ECOMMERCE_ORDER-000010","ecommerce_order","Chennai","Thiruvanmiyur","CUS-CHN-000010","Ananya Balaji","+91-90000-00010","customer000010@example.test","BUS-CHN-0011","Chennai MegaMart Digital (SYNTHETIC DEMO ENTITY)","AGT-CHN-ECO-01","STEP-01","1","5","order_service","create_order","cancel_order","true","true","false","NONE","WF-CHN-ECOMMERCE_ORDER-000010-STEP-01-create_order","COMPLETED","COMPENSATION_FAILURE","3","2","CP-CHN-000010-STEP-01","State before create_order in Thiruvanmiyur","Expected valid create_order","Committed create_order","NONE","FORWARD_EXECUTION","false","PASSED","COMMITTED","2026-10-04T00:46:33.111Z","2026-10-05T04:33:03.111Z"
"REC-CHN-000010-02","WF-CHN-ECOMMERCE_ORDER-000010","ecommerce_order","Chennai","Thiruvanmiyur","CUS-CHN-000010","Ananya Balaji","+91-90000-00010","customer000010@example.test","BUS-CHN-0011","Chennai MegaMart Digital (SYNTHETIC DEMO ENTITY)","AGT-CHN-ECO-01","STEP-02","2","5","inventory_service","reserve_inventory","release_inventory","true","true","false","STEP-01","WF-CHN-ECOMMERCE_ORDER-000010-STEP-02-reserve_inventory","COMPLETED","COMPENSATION_FAILURE","3","2","CP-CHN-000010-STEP-02","State before reserve_inventory in Thiruvanmiyur","Expected valid reserve_inventory","Committed reserve_inventory","NONE","FORWARD_EXECUTION","false","PASSED","COMMITTED","2026-10-04T00:46:33.111Z","2026-10-05T04:33:03.111Z"
"REC-CHN-000010-03","WF-CHN-ECOMMERCE_ORDER-000010","ecommerce_order","Chennai","Thiruvanmiyur","CUS-CHN-000010","Ananya Balaji","+91-90000-00010","customer000010@example.test","BUS-CHN-0011","Chennai MegaMart Digital (SYNTHETIC DEMO ENTITY)","AGT-CHN-ECO-01","STEP-03","3","5","payment_service","charge_card","refund_payment","true","true","false","STEP-02","WF-CHN-ECOMMERCE_ORDER-000010-STEP-03-charge_card","FAILED","COMPENSATION_FAILURE","3","2","CP-CHN-000010-STEP-03","State before charge_card in Thiruvanmiyur","Expected valid charge_card","Committed charge_card","NONE","FORWARD_EXECUTION","false","PASSED","COMMITTED","2026-10-04T00:46:33.111Z","2026-10-05T04:33:03.111Z"
"REC-CHN-000010-04","WF-CHN-ECOMMERCE_ORDER-000010","ecommerce_order","Chennai","Thiruvanmiyur","CUS-CHN-000010","Ananya Balaji","+91-90000-00010","customer000010@example.test","BUS-CHN-0011","Chennai MegaMart Digital (SYNTHETIC DEMO ENTITY)","AGT-CHN-ECO-01","STEP-04","4","5","shipment_service","create_shipment","cancel_shipment","true","true","false","STEP-03","WF-CHN-ECOMMERCE_ORDER-000010-STEP-04-create_shipment","SKIPPED_DUE_TO_PREVIOUS_FAILURE","COMPENSATION_FAILURE","3","2","CP-CHN-000010-STEP-04","State before create_shipment in Thiruvanmiyur","Expected valid create_shipment","Committed create_shipment","COMPENSATED","SAGA_REVERSE_COMPENSATION","false","PASSED","RESTORED","2026-10-04T00:46:33.111Z","2026-10-05T04:33:03.111Z"
"REC-CHN-000010-05","WF-CHN-ECOMMERCE_ORDER-000010","ecommerce_order","Chennai","Thiruvanmiyur","CUS-CHN-000010","Ananya Balaji","+91-90000-00010","customer000010@example.test","BUS-CHN-0011","Chennai MegaMart Digital (SYNTHETIC DEMO ENTITY)","AGT-CHN-ECO-01","STEP-05","5","5","notification_service","email_customer",,"false","true","true","STEP-04","WF-CHN-ECOMMERCE_ORDER-000010-STEP-05-email_customer","SKIPPED_DUE_TO_PREVIOUS_FAILURE","COMPENSATION_FAILURE","3","2","CP-CHN-000010-STEP-05","State before email_customer in Thiruvanmiyur","Expected valid email_customer","Committed email_customer","SKIPPED","SAGA_REVERSE_COMPENSATION","false","PASSED","RESTORED","2026-10-04T00:46:33.111Z","2026-10-05T04:33:03.111Z"
"REC-CHN-000011-01","WF-CHN-CUSTOMER_SUPPORT-000011","customer_support","Chennai","Perungudi","CUS-CHN-000011","Vignesh Natarajan","+91-90000-00011","customer000011@example.test","BUS-CHN-0012","Southern Tech Helpdesk (SYNTHETIC DEMO ENTITY)","AGT-CHN-CUS-01","STEP-01","1","5","crm_service","create_ticket","close_ticket","true","true","false","NONE","WF-CHN-CUSTOMER_SUPPORT-000011-STEP-01-create_ticket","COMPLETED","IRREVERSIBLE_ACTION","4","3","CP-CHN-000011-STEP-01","State before create_ticket in Perungudi","Expected valid create_ticket","Committed create_ticket","NONE","FORWARD_EXECUTION","false","PASSED","COMMITTED","2026-10-04T00:46:34.111Z","2026-10-05T04:33:03.111Z"
"REC-CHN-000011-02","WF-CHN-CUSTOMER_SUPPORT-000011","customer_support","Chennai","Perungudi","CUS-CHN-000011","Vignesh Natarajan","+91-90000-00011","customer000011@example.test","BUS-CHN-0012","Southern Tech Helpdesk (SYNTHETIC DEMO ENTITY)","AGT-CHN-CUS-01","STEP-02","2","5","routing_service","assign_agent","unassign_agent","true","true","false","STEP-01","WF-CHN-CUSTOMER_SUPPORT-000011-STEP-02-assign_agent","COMPLETED","IRREVERSIBLE_ACTION","4","3","CP-CHN-000011-STEP-02","State before assign_agent in Perungudi","Expected valid assign_agent","Committed assign_agent","NONE","FORWARD_EXECUTION","false","PASSED","COMMITTED","2026-10-04T00:46:34.111Z","2026-10-05T04:33:03.111Z"
"REC-CHN-000011-03","WF-CHN-CUSTOMER_SUPPORT-000011","customer_support","Chennai","Perungudi","CUS-CHN-000011","Vignesh Natarajan","+91-90000-00011","customer000011@example.test","BUS-CHN-0012","Southern Tech Helpdesk (SYNTHETIC DEMO ENTITY)","AGT-CHN-CUS-01","STEP-03","3","5","customer_record_service","update_customer_record","restore_customer_record","true","true","false","STEP-02","WF-CHN-CUSTOMER_SUPPORT-000011-STEP-03-update_customer_record","COMPLETED","IRREVERSIBLE_ACTION","4","3","CP-CHN-000011-STEP-03","State before update_customer_record in Perungudi","Expected valid update_customer_record","Committed update_customer_record","NONE","FORWARD_EXECUTION","false","PASSED","COMMITTED","2026-10-04T00:46:34.111Z","2026-10-05T04:33:03.111Z"
"REC-CHN-000011-04","WF-CHN-CUSTOMER_SUPPORT-000011","customer_support","Chennai","Perungudi","CUS-CHN-000011","Vignesh Natarajan","+91-90000-00011","customer000011@example.test","BUS-CHN-0012","Southern Tech Helpdesk (SYNTHETIC DEMO ENTITY)","AGT-CHN-CUS-01","STEP-04","4","5","resolution_service","create_resolution","revert_resolution","true","true","false","STEP-03","WF-CHN-CUSTOMER_SUPPORT-000011-STEP-04-create_resolution","COMPLETED","IRREVERSIBLE_ACTION","4","3","CP-CHN-000011-STEP-04","State before create_resolution in Perungudi","Expected valid create_resolution","Committed create_resolution","NONE","FORWARD_EXECUTION","false","PASSED","COMMITTED","2026-10-04T00:46:34.111Z","2026-10-05T04:33:03.111Z"
"REC-CHN-000011-05","WF-CHN-CUSTOMER_SUPPORT-000011","customer_support","Chennai","Perungudi","CUS-CHN-000011","Vignesh Natarajan","+91-90000-00011","customer000011@example.test","BUS-CHN-0012","Southern Tech Helpdesk (SYNTHETIC DEMO ENTITY)","AGT-CHN-CUS-01","STEP-05","5","5","notification_service","email_customer",,"false","true","true","STEP-04","WF-CHN-CUSTOMER_SUPPORT-000011-STEP-05-email_customer","COMPLETED","IRREVERSIBLE_ACTION","4","3","CP-CHN-000011-STEP-05","State before email_customer in Perungudi","Expected valid email_customer","Committed email_customer","NONE","FORWARD_EXECUTION","false","PASSED","COMMITTED","2026-10-04T00:46:34.111Z","2026-10-05T04:33:03.111Z"
"REC-CHN-000012-01","WF-CHN-RESTAURANT_RESERVATION-000012","restaurant_reservation","Chennai","Thoraipakkam","CUS-CHN-000012","Deepa Venkat","+91-90000-00012","customer000012@example.test","BUS-CHN-0013","T. Nagar Chettinad Court (SYNTHETIC DEMO ENTITY)","AGT-CHN-RES-01","STEP-01","1","5","dining_search","find_restaurant",,"false","true","false","NONE","WF-CHN-RESTAURANT_RESERVATION-000012-STEP-01-find_restaurant","COMPLETED","APPROVAL_REQUIRED","1","1","CP-CHN-000012-STEP-01","State before find_restaurant in Thoraipakkam","Expected valid find_restaurant","Committed find_restaurant","NONE","FORWARD_EXECUTION","false","PASSED","COMMITTED","2026-10-04T00:46:35.111Z","2026-10-05T04:33:03.111Z"
"REC-CHN-000012-02","WF-CHN-RESTAURANT_RESERVATION-000012","restaurant_reservation","Chennai","Thoraipakkam","CUS-CHN-000012","Deepa Venkat","+91-90000-00012","customer000012@example.test","BUS-CHN-0013","T. Nagar Chettinad Court (SYNTHETIC DEMO ENTITY)","AGT-CHN-RES-01","STEP-02","2","5","table_booking","reserve_table","release_table","true","true","false","STEP-01","WF-CHN-RESTAURANT_RESERVATION-000012-STEP-02-reserve_table","COMPLETED","APPROVAL_REQUIRED","1","1","CP-CHN-000012-STEP-02","State before reserve_table in Thoraipakkam","Expected valid reserve_table","Committed reserve_table","NONE","FORWARD_EXECUTION","false","PASSED","COMMITTED","2026-10-04T00:46:35.111Z","2026-10-05T04:33:03.111Z"
"REC-CHN-000012-03","WF-CHN-RESTAURANT_RESERVATION-000012","restaurant_reservation","Chennai","Thoraipakkam","CUS-CHN-000012","Deepa Venkat","+91-90000-00012","customer000012@example.test","BUS-CHN-0013","T. Nagar Chettinad Court (SYNTHETIC DEMO ENTITY)","AGT-CHN-RES-01","STEP-03","3","5","deposit_service","charge_deposit","refund_deposit","true","true","false","STEP-02","WF-CHN-RESTAURANT_RESERVATION-000012-STEP-03-charge_deposit","COMPLETED","APPROVAL_REQUIRED","1","1","CP-CHN-000012-STEP-03","State before charge_deposit in Thoraipakkam","Expected valid charge_deposit","Committed charge_deposit","NONE","FORWARD_EXECUTION","false","PASSED","COMMITTED","2026-10-04T00:46:35.111Z","2026-10-05T04:33:03.111Z"
"REC-CHN-000012-04","WF-CHN-RESTAURANT_RESERVATION-000012","restaurant_reservation","Chennai","Thoraipakkam","CUS-CHN-000012","Deepa Venkat","+91-90000-00012","customer000012@example.test","BUS-CHN-0013","T. Nagar Chettinad Court (SYNTHETIC DEMO ENTITY)","AGT-CHN-RES-01","STEP-04","4","5","reservation_service","create_reservation","cancel_reservation","true","true","false","STEP-03","WF-CHN-RESTAURANT_RESERVATION-000012-STEP-04-create_reservation","COMPLETED","APPROVAL_REQUIRED","1","1","CP-CHN-000012-STEP-04","State before create_reservation in Thoraipakkam","Expected valid create_reservation","Committed create_reservation","NONE","FORWARD_EXECUTION","false","PASSED","COMMITTED","2026-10-04T00:46:35.111Z","2026-10-05T04:33:03.111Z"
"REC-CHN-000012-05","WF-CHN-RESTAURANT_RESERVATION-000012","restaurant_reservation","Chennai","Thoraipakkam","CUS-CHN-000012","Deepa Venkat","+91-90000-00012","customer000012@example.test","BUS-CHN-0013","T. Nagar Chettinad Court (SYNTHETIC DEMO ENTITY)","AGT-CHN-RES-01","STEP-05","5","5","messaging_service","send_confirmation",,"false","true","true","STEP-04","WF-CHN-RESTAURANT_RESERVATION-000012-STEP-05-send_confirmation","COMPLETED","APPROVAL_REQUIRED","1","1","CP-CHN-000012-STEP-05","State before send_confirmation in Thoraipakkam","Expected valid send_confirmation","Committed send_confirmation","NONE","FORWARD_EXECUTION","false","PASSED","COMMITTED","2026-10-04T00:46:35.111Z","2026-10-05T04:33:03.111Z"
"REC-CHN-000013-01","WF-CHN-CAB_BOOKING-000013","cab_booking","Chennai","Sholinganallur","CUS-CHN-000013","Suresh Ranganathan","+91-90000-00013","customer000013@example.test","BUS-CHN-0014","Coromandel Cabs (SYNTHETIC DEMO ENTITY)","AGT-CHN-CAB-01","STEP-01","1","5","ride_dispatcher","request_ride",,"false","true","false","NONE","WF-CHN-CAB_BOOKING-000013-STEP-01-request_ride","COMPLETED","NORMAL","2","2","CP-CHN-000013-STEP-01","State before request_ride in Sholinganallur","Expected valid request_ride","Committed request_ride","COMMITTED_IRREVERSIBLE","NONE_REQUIRED","false","PASSED","RESTORED_OR_COMMITTED","2026-10-04T00:46:36.111Z","2026-10-05T04:33:03.111Z"
"REC-CHN-000013-02","WF-CHN-CAB_BOOKING-000013","cab_booking","Chennai","Sholinganallur","CUS-CHN-000013","Suresh Ranganathan","+91-90000-00013","customer000013@example.test","BUS-CHN-0014","Coromandel Cabs (SYNTHETIC DEMO ENTITY)","AGT-CHN-CAB-01","STEP-02","2","5","driver_assignment","assign_driver","release_driver","true","true","false","STEP-01","WF-CHN-CAB_BOOKING-000013-STEP-02-assign_driver","COMPLETED","NORMAL","2","2","CP-CHN-000013-STEP-02","State before assign_driver in Sholinganallur","Expected valid assign_driver","Committed assign_driver","STANDBY_REVERSIBLE","NONE_REQUIRED","false","PASSED","RESTORED_OR_COMMITTED","2026-10-04T00:46:36.111Z","2026-10-05T04:33:03.111Z"
"REC-CHN-000013-03","WF-CHN-CAB_BOOKING-000013","cab_booking","Chennai","Sholinganallur","CUS-CHN-000013","Suresh Ranganathan","+91-90000-00013","customer000013@example.test","BUS-CHN-0014","Coromandel Cabs (SYNTHETIC DEMO ENTITY)","AGT-CHN-CAB-01","STEP-03","3","5","trip_service","confirm_ride","cancel_ride","true","true","false","STEP-02","WF-CHN-CAB_BOOKING-000013-STEP-03-confirm_ride","COMPLETED","NORMAL","2","2","CP-CHN-000013-STEP-03","State before confirm_ride in Sholinganallur","Expected valid confirm_ride","Committed confirm_ride","STANDBY_REVERSIBLE","NONE_REQUIRED","false","PASSED","RESTORED_OR_COMMITTED","2026-10-04T00:46:36.111Z","2026-10-05T04:33:03.111Z"
"REC-CHN-000013-04","WF-CHN-CAB_BOOKING-000013","cab_booking","Chennai","Sholinganallur","CUS-CHN-000013","Suresh Ranganathan","+91-90000-00013","customer000013@example.test","BUS-CHN-0014","Coromandel Cabs (SYNTHETIC DEMO ENTITY)","AGT-CHN-CAB-01","STEP-04","4","5","fare_service","charge_payment","refund_payment","true","true","false","STEP-03","WF-CHN-CAB_BOOKING-000013-STEP-04-charge_payment","COMPLETED","NORMAL","2","2","CP-CHN-000013-STEP-04","State before charge_payment in Sholinganallur","Expected valid charge_payment","Committed charge_payment","STANDBY_REVERSIBLE","NONE_REQUIRED","false","PASSED","RESTORED_OR_COMMITTED","2026-10-04T00:46:36.111Z","2026-10-05T04:33:03.111Z"
"REC-CHN-000013-05","WF-CHN-CAB_BOOKING-000013","cab_booking","Chennai","Sholinganallur","CUS-CHN-000013","Suresh Ranganathan","+91-90000-00013","customer000013@example.test","BUS-CHN-0014","Coromandel Cabs (SYNTHETIC DEMO ENTITY)","AGT-CHN-CAB-01","STEP-05","5","5","comm_service","send_confirmation",,"false","true","true","STEP-04","WF-CHN-CAB_BOOKING-000013-STEP-05-send_confirmation","COMPLETED","NORMAL","2","2","CP-CHN-000013-STEP-05","State before send_confirmation in Sholinganallur","Expected valid send_confirmation","Committed send_confirmation","COMMITTED_IRREVERSIBLE","NONE_REQUIRED","false","PASSED","RESTORED_OR_COMMITTED","2026-10-04T00:46:36.111Z","2026-10-05T04:33:03.111Z"
"REC-CHN-000014-01","WF-CHN-EVENT_REGISTRATION-000014","event_registration","Chennai","OMR","CUS-CHN-000014","Lavanya Sridhar","+91-90000-00014","customer000014@example.test","BUS-CHN-0015","Marina Hackathon Expo (SYNTHETIC DEMO ENTITY)","AGT-CHN-EVE-01","STEP-01","1","5","event_service","register_participant","cancel_registration","true","true","false","NONE","WF-CHN-EVENT_REGISTRATION-000014-STEP-01-register_participant","COMPLETED","STEP_FAILURE","3","3","CP-CHN-000014-STEP-01","State before register_participant in OMR","Expected valid register_participant","Originally completed, then reversed during recovery","COMPENSATED","REVERSE_COMPENSATE_STEP","false","PASSED","RESTORED","2026-10-04T00:46:37.111Z","2026-10-05T04:33:03.111Z"
"REC-CHN-000014-02","WF-CHN-EVENT_REGISTRATION-000014","event_registration","Chennai","OMR","CUS-CHN-000014","Lavanya Sridhar","+91-90000-00014","customer000014@example.test","BUS-CHN-0015","Marina Hackathon Expo (SYNTHETIC DEMO ENTITY)","AGT-CHN-EVE-01","STEP-02","2","5","seating_service","reserve_seat","release_seat","true","true","false","STEP-01","WF-CHN-EVENT_REGISTRATION-000014-STEP-02-reserve_seat","COMPLETED","STEP_FAILURE","3","3","CP-CHN-000014-STEP-02","State before reserve_seat in OMR","Expected valid reserve_seat","Originally completed, then reversed during recovery","COMPENSATED","REVERSE_COMPENSATE_STEP","false","PASSED","RESTORED","2026-10-04T00:46:37.111Z","2026-10-05T04:33:03.111Z"
"REC-CHN-000014-03","WF-CHN-EVENT_REGISTRATION-000014","event_registration","Chennai","OMR","CUS-CHN-000014","Lavanya Sridhar","+91-90000-00014","customer000014@example.test","BUS-CHN-0015","Marina Hackathon Expo (SYNTHETIC DEMO ENTITY)","AGT-CHN-EVE-01","STEP-03","3","5","payment_gateway","process_payment","refund_payment","true","true","false","STEP-02","WF-CHN-EVENT_REGISTRATION-000014-STEP-03-process_payment","FAILED","STEP_FAILURE","3","3","CP-CHN-000014-STEP-03","State before process_payment in OMR","Expected valid process_payment","Failed at process_payment: STEP_FAILURE","TRIGGERING_RECOVERY","SAGA_REVERSE_COMPENSATION","false","FAILED_AT_STEP","RESTORED","2026-10-04T00:46:37.111Z","2026-10-05T04:33:03.111Z"
"REC-CHN-000014-04","WF-CHN-EVENT_REGISTRATION-000014","event_registration","Chennai","OMR","CUS-CHN-000014","Lavanya Sridhar","+91-90000-00014","customer000014@example.test","BUS-CHN-0015","Marina Hackathon Expo (SYNTHETIC DEMO ENTITY)","AGT-CHN-EVE-01","STEP-04","4","5","ticket_generator","generate_ticket","invalidate_ticket","true","true","false","STEP-03","WF-CHN-EVENT_REGISTRATION-000014-STEP-04-generate_ticket","SKIPPED_DUE_TO_PREVIOUS_FAILURE","STEP_FAILURE","3","3","CP-CHN-000014-STEP-04","State before generate_ticket in OMR","Expected valid generate_ticket","Committed generate_ticket","COMPENSATED","SAGA_REVERSE_COMPENSATION","false","PASSED","RESTORED","2026-10-04T00:46:37.111Z","2026-10-05T04:33:03.111Z"
"REC-CHN-000014-05","WF-CHN-EVENT_REGISTRATION-000014","event_registration","Chennai","OMR","CUS-CHN-000014","Lavanya Sridhar","+91-90000-00014","customer000014@example.test","BUS-CHN-0015","Marina Hackathon Expo (SYNTHETIC DEMO ENTITY)","AGT-CHN-EVE-01","STEP-05","5","5","email_dispatcher","email_ticket",,"false","true","true","STEP-04","WF-CHN-EVENT_REGISTRATION-000014-STEP-05-email_ticket","SKIPPED_DUE_TO_PREVIOUS_FAILURE","STEP_FAILURE","3","3","CP-CHN-000014-STEP-05","State before email_ticket in OMR","Expected valid email_ticket","Committed email_ticket","SKIPPED","SAGA_REVERSE_COMPENSATION","false","PASSED","RESTORED","2026-10-04T00:46:37.111Z","2026-10-05T04:33:03.111Z"
"REC-CHN-000015-01","WF-CHN-DELIVERY-000015","delivery","Chennai","Porur","CUS-CHN-000015","Gautham Chandrasekar","+91-90000-00015","customer000015@example.test","BUS-CHN-0016","Southern Parcel Dispatch (SYNTHETIC DEMO ENTITY)","AGT-CHN-DEL-01","STEP-01","1","5","dispatch_engine","create_delivery","cancel_delivery","true","true","false","NONE","WF-CHN-DELIVERY-000015-STEP-01-create_delivery","COMPLETED","TOOL_FAILURE","4","1","CP-CHN-000015-STEP-01","State before create_delivery in Porur","Expected valid create_delivery","Originally completed, then reversed during recovery","COMPENSATED","REVERSE_COMPENSATE_STEP","false","PASSED","RESTORED","2026-10-04T00:46:38.111Z","2026-10-05T04:33:03.111Z"
"REC-CHN-000015-02","WF-CHN-DELIVERY-000015","delivery","Chennai","Porur","CUS-CHN-000015","Gautham Chandrasekar","+91-90000-00015","customer000015@example.test","BUS-CHN-0016","Southern Parcel Dispatch (SYNTHETIC DEMO ENTITY)","AGT-CHN-DEL-01","STEP-02","2","5","courier_service","assign_driver","unassign_driver","true","true","false","STEP-01","WF-CHN-DELIVERY-000015-STEP-02-assign_driver","COMPLETED","TOOL_FAILURE","4","1","CP-CHN-000015-STEP-02","State before assign_driver in Porur","Expected valid assign_driver","Originally completed, then reversed during recovery","COMPENSATED","REVERSE_COMPENSATE_STEP","false","PASSED","RESTORED","2026-10-04T00:46:38.111Z","2026-10-05T04:33:03.111Z"
"REC-CHN-000015-03","WF-CHN-DELIVERY-000015","delivery","Chennai","Porur","CUS-CHN-000015","Gautham Chandrasekar","+91-90000-00015","customer000015@example.test","BUS-CHN-0016","Southern Parcel Dispatch (SYNTHETIC DEMO ENTITY)","AGT-CHN-DEL-01","STEP-03","3","5","fleet_service","reserve_vehicle","release_vehicle","true","true","false","STEP-02","WF-CHN-DELIVERY-000015-STEP-03-reserve_vehicle","COMPLETED","TOOL_FAILURE","4","1","CP-CHN-000015-STEP-03","State before reserve_vehicle in Porur","Expected valid reserve_vehicle","Originally completed, then reversed during recovery","COMPENSATED","REVERSE_COMPENSATE_STEP","false","PASSED","RESTORED","2026-10-04T00:46:38.111Z","2026-10-05T04:33:03.111Z"
"REC-CHN-000015-04","WF-CHN-DELIVERY-000015","delivery","Chennai","Porur","CUS-CHN-000015","Gautham Chandrasekar","+91-90000-00015","customer000015@example.test","BUS-CHN-0016","Southern Parcel Dispatch (SYNTHETIC DEMO ENTITY)","AGT-CHN-DEL-01","STEP-04","4","5","sorting_service","dispatch_package","recall_dispatch","true","true","false","STEP-03","WF-CHN-DELIVERY-000015-STEP-04-dispatch_package","FAILED","TOOL_FAILURE","4","1","CP-CHN-000015-STEP-04","State before dispatch_package in Porur","Expected valid dispatch_package","Failed at dispatch_package: TOOL_FAILURE","TRIGGERING_RECOVERY","SAGA_REVERSE_COMPENSATION","false","FAILED_AT_STEP","RESTORED","2026-10-04T00:46:38.111Z","2026-10-05T04:33:03.111Z"
"REC-CHN-000015-05","WF-CHN-DELIVERY-000015","delivery","Chennai","Porur","CUS-CHN-000015","Gautham Chandrasekar","+91-90000-00015","customer000015@example.test","BUS-CHN-0016","Southern Parcel Dispatch (SYNTHETIC DEMO ENTITY)","AGT-CHN-DEL-01","STEP-05","5","5","alert_service","notify_customer",,"false","true","true","STEP-04","WF-CHN-DELIVERY-000015-STEP-05-notify_customer","SKIPPED_DUE_TO_PREVIOUS_FAILURE","TOOL_FAILURE","4","1","CP-CHN-000015-STEP-05","State before notify_customer in Porur","Expected valid notify_customer","Committed notify_customer","SKIPPED","SAGA_REVERSE_COMPENSATION","false","PASSED","RESTORED","2026-10-04T00:46:38.111Z","2026-10-05T04:33:03.111Z"
"REC-CHN-000016-01","WF-CHN-APPOINTMENT_BOOKING-000016","appointment_booking","Chennai","Koyambedu","CUS-CHN-000016","Swetha Subramanian","+91-90000-00016","customer000016@example.test","BUS-CHN-0017","Apollo Health Hub Chennai (SYNTHETIC DEMO ENTITY)","AGT-CHN-APP-01","STEP-01","1","5","clinic_calendar","find_slot",,"false","true","false","NONE","WF-CHN-APPOINTMENT_BOOKING-000016-STEP-01-find_slot","FAILED","TIMEOUT","1","2","CP-CHN-000016-STEP-01","State before find_slot in Koyambedu","Expected valid find_slot","Failed at find_slot: TIMEOUT","TRIGGERING_RECOVERY","SAGA_REVERSE_COMPENSATION","false","FAILED_AT_STEP","RESTORED","2026-10-04T00:46:39.111Z","2026-10-05T04:33:03.111Z"
"REC-CHN-000016-02","WF-CHN-APPOINTMENT_BOOKING-000016","appointment_booking","Chennai","Koyambedu","CUS-CHN-000016","Swetha Subramanian","+91-90000-00016","customer000016@example.test","BUS-CHN-0017","Apollo Health Hub Chennai (SYNTHETIC DEMO ENTITY)","AGT-CHN-APP-01","STEP-02","2","5","slot_manager","reserve_slot","release_slot","true","true","false","STEP-01","WF-CHN-APPOINTMENT_BOOKING-000016-STEP-02-reserve_slot","SKIPPED_DUE_TO_PREVIOUS_FAILURE","TIMEOUT","1","2","CP-CHN-000016-STEP-02","State before reserve_slot in Koyambedu","Expected valid reserve_slot","Committed reserve_slot","COMPENSATED","SAGA_REVERSE_COMPENSATION","false","PASSED","RESTORED","2026-10-04T00:46:39.111Z","2026-10-05T04:33:03.111Z"
"REC-CHN-000016-03","WF-CHN-APPOINTMENT_BOOKING-000016","appointment_booking","Chennai","Koyambedu","CUS-CHN-000016","Swetha Subramanian","+91-90000-00016","customer000016@example.test","BUS-CHN-0017","Apollo Health Hub Chennai (SYNTHETIC DEMO ENTITY)","AGT-CHN-APP-01","STEP-03","3","5","billing_service","process_payment","refund_payment","true","true","false","STEP-02","WF-CHN-APPOINTMENT_BOOKING-000016-STEP-03-process_payment","SKIPPED_DUE_TO_PREVIOUS_FAILURE","TIMEOUT","1","2","CP-CHN-000016-STEP-03","State before process_payment in Koyambedu","Expected valid process_payment","Committed process_payment","COMPENSATED","SAGA_REVERSE_COMPENSATION","false","PASSED","RESTORED","2026-10-04T00:46:39.111Z","2026-10-05T04:33:03.111Z"
"REC-CHN-000016-04","WF-CHN-APPOINTMENT_BOOKING-000016","appointment_booking","Chennai","Koyambedu","CUS-CHN-000016","Swetha Subramanian","+91-90000-00016","customer000016@example.test","BUS-CHN-0017","Apollo Health Hub Chennai (SYNTHETIC DEMO ENTITY)","AGT-CHN-APP-01","STEP-04","4","5","emr_service","create_appointment","cancel_appointment","true","true","false","STEP-03","WF-CHN-APPOINTMENT_BOOKING-000016-STEP-04-create_appointment","SKIPPED_DUE_TO_PREVIOUS_FAILURE","TIMEOUT","1","2","CP-CHN-000016-STEP-04","State before create_appointment in Koyambedu","Expected valid create_appointment","Committed create_appointment","COMPENSATED","SAGA_REVERSE_COMPENSATION","false","PASSED","RESTORED","2026-10-04T00:46:39.111Z","2026-10-05T04:33:03.111Z"
"REC-CHN-000016-05","WF-CHN-APPOINTMENT_BOOKING-000016","appointment_booking","Chennai","Koyambedu","CUS-CHN-000016","Swetha Subramanian","+91-90000-00016","customer000016@example.test","BUS-CHN-0017","Apollo Health Hub Chennai (SYNTHETIC DEMO ENTITY)","AGT-CHN-APP-01","STEP-05","5","5","sms_service","send_confirmation",,"false","true","true","STEP-04","WF-CHN-APPOINTMENT_BOOKING-000016-STEP-05-send_confirmation","SKIPPED_DUE_TO_PREVIOUS_FAILURE","TIMEOUT","1","2","CP-CHN-000016-STEP-05","State before send_confirmation in Koyambedu","Expected valid send_confirmation","Committed send_confirmation","SKIPPED","SAGA_REVERSE_COMPENSATION","false","PASSED","RESTORED","2026-10-04T00:46:39.111Z","2026-10-05T04:33:03.111Z"
"REC-CHN-000017-01","WF-CHN-HOTEL_BOOKING-000017","hotel_booking","Chennai","Ambattur","CUS-CHN-000017","Manoj Parthasarathy","+91-90000-00017","customer000017@example.test","BUS-CHN-0018","Marina Comfort Suites (SYNTHETIC DEMO ENTITY)","AGT-CHN-HOT-01","STEP-01","1","5","hotel_search","search_hotel",,"false","true","false","NONE","WF-CHN-HOTEL_BOOKING-000017-STEP-01-search_hotel","COMPLETED","NETWORK_FAILURE","2","3","CP-CHN-000017-STEP-01","State before search_hotel in Ambattur","Expected valid search_hotel","Originally completed, then reversed during recovery","NOT_APPLICABLE","REVERSE_COMPENSATE_STEP","false","PASSED","RESTORED","2026-10-04T00:46:40.111Z","2026-10-05T04:33:03.111Z"
"REC-CHN-000017-02","WF-CHN-HOTEL_BOOKING-000017","hotel_booking","Chennai","Ambattur","CUS-CHN-000017","Manoj Parthasarathy","+91-90000-00017","customer000017@example.test","BUS-CHN-0018","Marina Comfort Suites (SYNTHETIC DEMO ENTITY)","AGT-CHN-HOT-01","STEP-02","2","5","room_selection","select_room",,"false","true","false","STEP-01","WF-CHN-HOTEL_BOOKING-000017-STEP-02-select_room","FAILED","NETWORK_FAILURE","2","3","CP-CHN-000017-STEP-02","State before select_room in Ambattur","Expected valid select_room","Failed at select_room: NETWORK_FAILURE","TRIGGERING_RECOVERY","SAGA_REVERSE_COMPENSATION","false","FAILED_AT_STEP","RESTORED","2026-10-04T00:46:40.111Z","2026-10-05T04:33:03.111Z"
"REC-CHN-000017-03","WF-CHN-HOTEL_BOOKING-000017","hotel_booking","Chennai","Ambattur","CUS-CHN-000017","Manoj Parthasarathy","+91-90000-00017","customer000017@example.test","BUS-CHN-0018","Marina Comfort Suites (SYNTHETIC DEMO ENTITY)","AGT-CHN-HOT-01","STEP-03","3","5","room_booking","book_room","cancel_booking","true","true","false","STEP-02","WF-CHN-HOTEL_BOOKING-000017-STEP-03-book_room","SKIPPED_DUE_TO_PREVIOUS_FAILURE","NETWORK_FAILURE","2","3","CP-CHN-000017-STEP-03","State before book_room in Ambattur","Expected valid book_room","Committed book_room","COMPENSATED","SAGA_REVERSE_COMPENSATION","false","PASSED","RESTORED","2026-10-04T00:46:40.111Z","2026-10-05T04:33:03.111Z"
"REC-CHN-000017-04","WF-CHN-HOTEL_BOOKING-000017","hotel_booking","Chennai","Ambattur","CUS-CHN-000017","Manoj Parthasarathy","+91-90000-00017","customer000017@example.test","BUS-CHN-0018","Marina Comfort Suites (SYNTHETIC DEMO ENTITY)","AGT-CHN-HOT-01","STEP-04","4","5","payment_processor","charge_card","refund_payment","true","true","false","STEP-03","WF-CHN-HOTEL_BOOKING-000017-STEP-04-charge_card","SKIPPED_DUE_TO_PREVIOUS_FAILURE","NETWORK_FAILURE","2","3","CP-CHN-000017-STEP-04","State before charge_card in Ambattur","Expected valid charge_card","Committed charge_card","COMPENSATED","SAGA_REVERSE_COMPENSATION","false","PASSED","RESTORED","2026-10-04T00:46:40.111Z","2026-10-05T04:33:03.111Z"
"REC-CHN-000017-05","WF-CHN-HOTEL_BOOKING-000017","hotel_booking","Chennai","Ambattur","CUS-CHN-000017","Manoj Parthasarathy","+91-90000-00017","customer000017@example.test","BUS-CHN-0018","Marina Comfort Suites (SYNTHETIC DEMO ENTITY)","AGT-CHN-HOT-01","STEP-05","5","5","email_service","email_customer",,"false","true","true","STEP-04","WF-CHN-HOTEL_BOOKING-000017-STEP-05-email_customer","SKIPPED_DUE_TO_PREVIOUS_FAILURE","NETWORK_FAILURE","2","3","CP-CHN-000017-STEP-05","State before email_customer in Ambattur","Expected valid email_customer","Committed email_customer","SKIPPED","SAGA_REVERSE_COMPENSATION","false","PASSED","RESTORED","2026-10-04T00:46:40.111Z","2026-10-05T04:33:03.111Z"
"REC-CHN-000018-01","WF-CHN-ECOMMERCE_ORDER-000018","ecommerce_order","Chennai","Avadi","CUS-CHN-000018","Harini Raghavan","+91-90000-00018","customer000018@example.test","BUS-CHN-0019","Bay View Electronics Chennai (SYNTHETIC DEMO ENTITY)","AGT-CHN-ECO-01","STEP-01","1","5","order_service","create_order","cancel_order","true","true","false","NONE","WF-CHN-ECOMMERCE_ORDER-000018-STEP-01-create_order","COMPLETED","DUPLICATE_REQUEST","3","1","CP-CHN-000018-STEP-01","State before create_order in Avadi","Expected valid create_order","Committed create_order","NONE","FORWARD_EXECUTION","false","PASSED","COMMITTED","2026-10-04T00:46:41.111Z","2026-10-05T04:33:03.111Z"
"REC-CHN-000018-02","WF-CHN-ECOMMERCE_ORDER-000018","ecommerce_order","Chennai","Avadi","CUS-CHN-000018","Harini Raghavan","+91-90000-00018","customer000018@example.test","BUS-CHN-0019","Bay View Electronics Chennai (SYNTHETIC DEMO ENTITY)","AGT-CHN-ECO-01","STEP-02","2","5","inventory_service","reserve_inventory","release_inventory","true","true","false","STEP-01","WF-CHN-ECOMMERCE_ORDER-000018-STEP-02-reserve_inventory","COMPLETED","DUPLICATE_REQUEST","3","1","CP-CHN-000018-STEP-02","State before reserve_inventory in Avadi","Expected valid reserve_inventory","Duplicate request detected via idempotency key: WF-CHN-ECOMMERCE_ORDER-000018-STEP-02-reserve_inventory. Returned cached response with 0 side effects.","NONE","IDEMPOTENCY_GUARD_PREVENT_DUPLICATE","false","PASSED","RESTORED_OR_COMMITTED","2026-10-04T00:46:41.111Z","2026-10-05T04:33:03.111Z"
"REC-CHN-000018-03","WF-CHN-ECOMMERCE_ORDER-000018","ecommerce_order","Chennai","Avadi","CUS-CHN-000018","Harini Raghavan","+91-90000-00018","customer000018@example.test","BUS-CHN-0019","Bay View Electronics Chennai (SYNTHETIC DEMO ENTITY)","AGT-CHN-ECO-01","STEP-03","3","5","payment_service","charge_card","refund_payment","true","true","false","STEP-02","WF-CHN-ECOMMERCE_ORDER-000018-STEP-03-charge_card","COMPLETED","DUPLICATE_REQUEST","3","1","CP-CHN-000018-STEP-03","State before charge_card in Avadi","Expected valid charge_card","Committed charge_card","NONE","FORWARD_EXECUTION","false","PASSED","COMMITTED","2026-10-04T00:46:41.111Z","2026-10-05T04:33:03.111Z"
"REC-CHN-000018-04","WF-CHN-ECOMMERCE_ORDER-000018","ecommerce_order","Chennai","Avadi","CUS-CHN-000018","Harini Raghavan","+91-90000-00018","customer000018@example.test","BUS-CHN-0019","Bay View Electronics Chennai (SYNTHETIC DEMO ENTITY)","AGT-CHN-ECO-01","STEP-04","4","5","shipment_service","create_shipment","cancel_shipment","true","true","false","STEP-03","WF-CHN-ECOMMERCE_ORDER-000018-STEP-04-create_shipment","COMPLETED","DUPLICATE_REQUEST","3","1","CP-CHN-000018-STEP-04","State before create_shipment in Avadi","Expected valid create_shipment","Committed create_shipment","NONE","FORWARD_EXECUTION","false","PASSED","COMMITTED","2026-10-04T00:46:41.111Z","2026-10-05T04:33:03.111Z"
"REC-CHN-000018-05","WF-CHN-ECOMMERCE_ORDER-000018","ecommerce_order","Chennai","Avadi","CUS-CHN-000018","Harini Raghavan","+91-90000-00018","customer000018@example.test","BUS-CHN-0019","Bay View Electronics Chennai (SYNTHETIC DEMO ENTITY)","AGT-CHN-ECO-01","STEP-05","5","5","notification_service","email_customer",,"false","true","true","STEP-04","WF-CHN-ECOMMERCE_ORDER-000018-STEP-05-email_customer","COMPLETED","DUPLICATE_REQUEST","3","1","CP-CHN-000018-STEP-05","State before email_customer in Avadi","Expected valid email_customer","Committed email_customer","NONE","FORWARD_EXECUTION","false","PASSED","COMMITTED","2026-10-04T00:46:41.111Z","2026-10-05T04:33:03.111Z"
"REC-CHN-000019-01","WF-CHN-CUSTOMER_SUPPORT-000019","customer_support","Chennai","Mogappair","CUS-CHN-000019","Ashok Narayanan","+91-90000-00019","customer000019@example.test","BUS-CHN-0020","Southern Tech Helpdesk (SYNTHETIC DEMO ENTITY)","AGT-CHN-CUS-01","STEP-01","1","5","crm_service","create_ticket","close_ticket","true","true","false","NONE","WF-CHN-CUSTOMER_SUPPORT-000019-STEP-01-create_ticket","COMPLETED","UNKNOWN_STATE","4","2","CP-CHN-000019-STEP-01","State before create_ticket in Mogappair","Expected valid create_ticket","Committed create_ticket","NONE","FORWARD_EXECUTION","false","PASSED","COMMITTED","2026-10-04T00:46:42.111Z","2026-10-05T04:33:03.111Z"
"REC-CHN-000019-02","WF-CHN-CUSTOMER_SUPPORT-000019","customer_support","Chennai","Mogappair","CUS-CHN-000019","Ashok Narayanan","+91-90000-00019","customer000019@example.test","BUS-CHN-0020","Southern Tech Helpdesk (SYNTHETIC DEMO ENTITY)","AGT-CHN-CUS-01","STEP-02","2","5","routing_service","assign_agent","unassign_agent","true","true","false","STEP-01","WF-CHN-CUSTOMER_SUPPORT-000019-STEP-02-assign_agent","COMPLETED","UNKNOWN_STATE","4","2","CP-CHN-000019-STEP-02","State before assign_agent in Mogappair","Expected valid assign_agent","Committed assign_agent","NONE","FORWARD_EXECUTION","false","PASSED","COMMITTED","2026-10-04T00:46:42.111Z","2026-10-05T04:33:03.111Z"
"REC-CHN-000019-03","WF-CHN-CUSTOMER_SUPPORT-000019","customer_support","Chennai","Mogappair","CUS-CHN-000019","Ashok Narayanan","+91-90000-00019","customer000019@example.test","BUS-CHN-0020","Southern Tech Helpdesk (SYNTHETIC DEMO ENTITY)","AGT-CHN-CUS-01","STEP-03","3","5","customer_record_service","update_customer_record","restore_customer_record","true","true","false","STEP-02","WF-CHN-CUSTOMER_SUPPORT-000019-STEP-03-update_customer_record","COMPLETED","UNKNOWN_STATE","4","2","CP-CHN-000019-STEP-03","State before update_customer_record in Mogappair","Expected valid update_customer_record","Committed update_customer_record","NONE","FORWARD_EXECUTION","false","PASSED","COMMITTED","2026-10-04T00:46:42.111Z","2026-10-05T04:33:03.111Z"
"REC-CHN-000019-04","WF-CHN-CUSTOMER_SUPPORT-000019","customer_support","Chennai","Mogappair","CUS-CHN-000019","Ashok Narayanan","+91-90000-00019","customer000019@example.test","BUS-CHN-0020","Southern Tech Helpdesk (SYNTHETIC DEMO ENTITY)","AGT-CHN-CUS-01","STEP-04","4","5","resolution_service","create_resolution","revert_resolution","true","true","false","STEP-03","WF-CHN-CUSTOMER_SUPPORT-000019-STEP-04-create_resolution","FAILED","UNKNOWN_STATE","4","2","CP-CHN-000019-STEP-04","State before create_resolution in Mogappair","Expected valid create_resolution","Committed create_resolution","NONE","QUERY_AUTHORITATIVE_MOCK_WORLD_THEN_COMPENSATE","false","PASSED","RESTORED","2026-10-04T00:46:42.111Z","2026-10-05T04:33:03.111Z"
"REC-CHN-000019-05","WF-CHN-CUSTOMER_SUPPORT-000019","customer_support","Chennai","Mogappair","CUS-CHN-000019","Ashok Narayanan","+91-90000-00019","customer000019@example.test","BUS-CHN-0020","Southern Tech Helpdesk (SYNTHETIC DEMO ENTITY)","AGT-CHN-CUS-01","STEP-05","5","5","notification_service","email_customer",,"false","true","true","STEP-04","WF-CHN-CUSTOMER_SUPPORT-000019-STEP-05-email_customer","SKIPPED_DUE_TO_PREVIOUS_FAILURE","UNKNOWN_STATE","4","2","CP-CHN-000019-STEP-05","State before email_customer in Mogappair","Expected valid email_customer","Committed email_customer","SKIPPED","SAGA_REVERSE_COMPENSATION","false","PASSED","RESTORED","2026-10-04T00:46:42.111Z","2026-10-05T04:33:03.111Z"
"REC-CHN-000020-01","WF-CHN-RESTAURANT_RESERVATION-000020","restaurant_reservation","Chennai","Poonamallee","CUS-CHN-000020","Keerthana Murali","+91-90000-00020","customer000020@example.test","BUS-CHN-0021","Besant Beach Terrace Diner (SYNTHETIC DEMO ENTITY)","AGT-CHN-RES-01","STEP-01","1","5","dining_search","find_restaurant",,"false","true","false","NONE","WF-CHN-RESTAURANT_RESERVATION-000020-STEP-01-find_restaurant","FAILED","PARTIAL_FAILURE","1","3","CP-CHN-000020-STEP-01","State before find_restaurant in Poonamallee","Expected valid find_restaurant","Committed find_restaurant","NONE","QUERY_AUTHORITATIVE_MOCK_WORLD_THEN_COMPENSATE","false","PASSED","RESTORED","2026-10-04T00:46:43.111Z","2026-10-05T04:33:03.111Z"
"REC-CHN-000020-02","WF-CHN-RESTAURANT_RESERVATION-000020","restaurant_reservation","Chennai","Poonamallee","CUS-CHN-000020","Keerthana Murali","+91-90000-00020","customer000020@example.test","BUS-CHN-0021","Besant Beach Terrace Diner (SYNTHETIC DEMO ENTITY)","AGT-CHN-RES-01","STEP-02","2","5","table_booking","reserve_table","release_table","true","true","false","STEP-01","WF-CHN-RESTAURANT_RESERVATION-000020-STEP-02-reserve_table","SKIPPED_DUE_TO_PREVIOUS_FAILURE","PARTIAL_FAILURE","1","3","CP-CHN-000020-STEP-02","State before reserve_table in Poonamallee","Expected valid reserve_table","Committed reserve_table","COMPENSATED","SAGA_REVERSE_COMPENSATION","false","PASSED","RESTORED","2026-10-04T00:46:43.111Z","2026-10-05T04:33:03.111Z"
"REC-CHN-000020-03","WF-CHN-RESTAURANT_RESERVATION-000020","restaurant_reservation","Chennai","Poonamallee","CUS-CHN-000020","Keerthana Murali","+91-90000-00020","customer000020@example.test","BUS-CHN-0021","Besant Beach Terrace Diner (SYNTHETIC DEMO ENTITY)","AGT-CHN-RES-01","STEP-03","3","5","deposit_service","charge_deposit","refund_deposit","true","true","false","STEP-02","WF-CHN-RESTAURANT_RESERVATION-000020-STEP-03-charge_deposit","SKIPPED_DUE_TO_PREVIOUS_FAILURE","PARTIAL_FAILURE","1","3","CP-CHN-000020-STEP-03","State before charge_deposit in Poonamallee","Expected valid charge_deposit","Committed charge_deposit","COMPENSATED","SAGA_REVERSE_COMPENSATION","false","PASSED","RESTORED","2026-10-04T00:46:43.111Z","2026-10-05T04:33:03.111Z"
"REC-CHN-000020-04","WF-CHN-RESTAURANT_RESERVATION-000020","restaurant_reservation","Chennai","Poonamallee","CUS-CHN-000020","Keerthana Murali","+91-90000-00020","customer000020@example.test","BUS-CHN-0021","Besant Beach Terrace Diner (SYNTHETIC DEMO ENTITY)","AGT-CHN-RES-01","STEP-04","4","5","reservation_service","create_reservation","cancel_reservation","true","true","false","STEP-03","WF-CHN-RESTAURANT_RESERVATION-000020-STEP-04-create_reservation","SKIPPED_DUE_TO_PREVIOUS_FAILURE","PARTIAL_FAILURE","1","3","CP-CHN-000020-STEP-04","State before create_reservation in Poonamallee","Expected valid create_reservation","Committed create_reservation","COMPENSATED","SAGA_REVERSE_COMPENSATION","false","PASSED","RESTORED","2026-10-04T00:46:43.111Z","2026-10-05T04:33:03.111Z"
"REC-CHN-000020-05","WF-CHN-RESTAURANT_RESERVATION-000020","restaurant_reservation","Chennai","Poonamallee","CUS-CHN-000020","Keerthana Murali","+91-90000-00020","customer000020@example.test","BUS-CHN-0021","Besant Beach Terrace Diner (SYNTHETIC DEMO ENTITY)","AGT-CHN-RES-01","STEP-05","5","5","messaging_service","send_confirmation",,"false","true","true","STEP-04","WF-CHN-RESTAURANT_RESERVATION-000020-STEP-05-send_confirmation","SKIPPED_DUE_TO_PREVIOUS_FAILURE","PARTIAL_FAILURE","1","3","CP-CHN-000020-STEP-05","State before send_confirmation in Poonamallee","Expected valid send_confirmation","Committed send_confirmation","SKIPPED","SAGA_REVERSE_COMPENSATION","false","PASSED","RESTORED","2026-10-04T00:46:43.111Z","2026-10-05T04:33:03.111Z"
"REC-CHN-000021-01","WF-CHN-CAB_BOOKING-000021","cab_booking","Chennai","Madhuravoyal","CUS-CHN-000021","Pradeep Venkatesh","+91-90000-00021","customer000021@example.test","BUS-CHN-0022","Coromandel Cabs (SYNTHETIC DEMO ENTITY)","AGT-CHN-CAB-01","STEP-01","1","5","ride_dispatcher","request_ride",,"false","true","false","NONE","WF-CHN-CAB_BOOKING-000021-STEP-01-request_ride","COMPLETED","CRASH","2","1","CP-CHN-000021-STEP-01","State before request_ride in Madhuravoyal","Expected valid request_ride","Committed request_ride","CHECKPOINTED","RESUME_FROM_DURABLE_LOG","false","PASSED","DURABLE_CHECKPOINT_SAVED","2026-10-04T00:46:44.111Z","2026-10-05T04:33:03.111Z"
"REC-CHN-000021-02","WF-CHN-CAB_BOOKING-000021","cab_booking","Chennai","Madhuravoyal","CUS-CHN-000021","Pradeep Venkatesh","+91-90000-00021","customer000021@example.test","BUS-CHN-0022","Coromandel Cabs (SYNTHETIC DEMO ENTITY)","AGT-CHN-CAB-01","STEP-02","2","5","driver_assignment","assign_driver","release_driver","true","true","false","STEP-01","WF-CHN-CAB_BOOKING-000021-STEP-02-assign_driver","SKIPPED_DUE_TO_CRASH","CRASH","2","1","CP-CHN-000021-STEP-02","State before assign_driver in Madhuravoyal","Expected valid assign_driver","Committed assign_driver","NONE","RESUME_OR_ROLLBACK_AFTER_CRASH","false","PASSED","PRESERVED_AT_CHECKPOINT","2026-10-04T00:46:44.111Z","2026-10-05T04:33:03.111Z"
"REC-CHN-000021-03","WF-CHN-CAB_BOOKING-000021","cab_booking","Chennai","Madhuravoyal","CUS-CHN-000021","Pradeep Venkatesh","+91-90000-00021","customer000021@example.test","BUS-CHN-0022","Coromandel Cabs (SYNTHETIC DEMO ENTITY)","AGT-CHN-CAB-01","STEP-03","3","5","trip_service","confirm_ride","cancel_ride","true","true","false","STEP-02","WF-CHN-CAB_BOOKING-000021-STEP-03-confirm_ride","SKIPPED_DUE_TO_CRASH","CRASH","2","1","CP-CHN-000021-STEP-03","State before confirm_ride in Madhuravoyal","Expected valid confirm_ride","Committed confirm_ride","NONE","RESUME_OR_ROLLBACK_AFTER_CRASH","false","PASSED","PRESERVED_AT_CHECKPOINT","2026-10-04T00:46:44.111Z","2026-10-05T04:33:03.111Z"
"REC-CHN-000021-04","WF-CHN-CAB_BOOKING-000021","cab_booking","Chennai","Madhuravoyal","CUS-CHN-000021","Pradeep Venkatesh","+91-90000-00021","customer000021@example.test","BUS-CHN-0022","Coromandel Cabs (SYNTHETIC DEMO ENTITY)","AGT-CHN-CAB-01","STEP-04","4","5","fare_service","charge_payment","refund_payment","true","true","false","STEP-03","WF-CHN-CAB_BOOKING-000021-STEP-04-charge_payment","SKIPPED_DUE_TO_CRASH","CRASH","2","1","CP-CHN-000021-STEP-04","State before charge_payment in Madhuravoyal","Expected valid charge_payment","Committed charge_payment","NONE","RESUME_OR_ROLLBACK_AFTER_CRASH","false","PASSED","PRESERVED_AT_CHECKPOINT","2026-10-04T00:46:44.112Z","2026-10-05T04:33:03.112Z"
"REC-CHN-000021-05","WF-CHN-CAB_BOOKING-000021","cab_booking","Chennai","Madhuravoyal","CUS-CHN-000021","Pradeep Venkatesh","+91-90000-00021","customer000021@example.test","BUS-CHN-0022","Coromandel Cabs (SYNTHETIC DEMO ENTITY)","AGT-CHN-CAB-01","STEP-05","5","5","comm_service","send_confirmation",,"false","true","true","STEP-04","WF-CHN-CAB_BOOKING-000021-STEP-05-send_confirmation","SKIPPED_DUE_TO_CRASH","CRASH","2","1","CP-CHN-000021-STEP-05","State before send_confirmation in Madhuravoyal","Expected valid send_confirmation","Committed send_confirmation","NONE","RESUME_OR_ROLLBACK_AFTER_CRASH","false","PASSED","PRESERVED_AT_CHECKPOINT","2026-10-04T00:46:44.112Z","2026-10-05T04:33:03.112Z"
"REC-CHN-000022-01","WF-CHN-EVENT_REGISTRATION-000022","event_registration","Chennai","Tambaram","CUS-CHN-000022","Janani Ramesh","+91-90000-00022","customer000022@example.test","BUS-CHN-0023","Marina Hackathon Expo (SYNTHETIC DEMO ENTITY)","AGT-CHN-EVE-01","STEP-01","1","5","event_service","register_participant","cancel_registration","true","true","false","NONE","WF-CHN-EVENT_REGISTRATION-000022-STEP-01-register_participant","COMPLETED","COMPENSATION_FAILURE","3","2","CP-CHN-000022-STEP-01","State before register_participant in Tambaram","Expected valid register_participant","Committed register_participant","NONE","FORWARD_EXECUTION","false","PASSED","COMMITTED","2026-10-04T00:46:45.112Z","2026-10-05T04:33:03.112Z"
"REC-CHN-000022-02","WF-CHN-EVENT_REGISTRATION-000022","event_registration","Chennai","Tambaram","CUS-CHN-000022","Janani Ramesh","+91-90000-00022","customer000022@example.test","BUS-CHN-0023","Marina Hackathon Expo (SYNTHETIC DEMO ENTITY)","AGT-CHN-EVE-01","STEP-02","2","5","seating_service","reserve_seat","release_seat","true","true","false","STEP-01","WF-CHN-EVENT_REGISTRATION-000022-STEP-02-reserve_seat","COMPLETED","COMPENSATION_FAILURE","3","2","CP-CHN-000022-STEP-02","State before reserve_seat in Tambaram","Expected valid reserve_seat","Committed reserve_seat","NONE","FORWARD_EXECUTION","false","PASSED","COMMITTED","2026-10-04T00:46:45.112Z","2026-10-05T04:33:03.112Z"
"REC-CHN-000022-03","WF-CHN-EVENT_REGISTRATION-000022","event_registration","Chennai","Tambaram","CUS-CHN-000022","Janani Ramesh","+91-90000-00022","customer000022@example.test","BUS-CHN-0023","Marina Hackathon Expo (SYNTHETIC DEMO ENTITY)","AGT-CHN-EVE-01","STEP-03","3","5","payment_gateway","process_payment","refund_payment","true","true","false","STEP-02","WF-CHN-EVENT_REGISTRATION-000022-STEP-03-process_payment","FAILED","COMPENSATION_FAILURE","3","2","CP-CHN-000022-STEP-03","State before process_payment in Tambaram","Expected valid process_payment","Committed process_payment","NONE","FORWARD_EXECUTION","false","PASSED","COMMITTED","2026-10-04T00:46:45.112Z","2026-10-05T04:33:03.112Z"
"REC-CHN-000022-04","WF-CHN-EVENT_REGISTRATION-000022","event_registration","Chennai","Tambaram","CUS-CHN-000022","Janani Ramesh","+91-90000-00022","customer000022@example.test","BUS-CHN-0023","Marina Hackathon Expo (SYNTHETIC DEMO ENTITY)","AGT-CHN-EVE-01","STEP-04","4","5","ticket_generator","generate_ticket","invalidate_ticket","true","true","false","STEP-03","WF-CHN-EVENT_REGISTRATION-000022-STEP-04-generate_ticket","SKIPPED_DUE_TO_PREVIOUS_FAILURE","COMPENSATION_FAILURE","3","2","CP-CHN-000022-STEP-04","State before generate_ticket in Tambaram","Expected valid generate_ticket","Committed generate_ticket","COMPENSATED","SAGA_REVERSE_COMPENSATION","false","PASSED","RESTORED","2026-10-04T00:46:45.112Z","2026-10-05T04:33:03.112Z"
"REC-CHN-000022-05","WF-CHN-EVENT_REGISTRATION-000022","event_registration","Chennai","Tambaram","CUS-CHN-000022","Janani Ramesh","+91-90000-00022","customer000022@example.test","BUS-CHN-0023","Marina Hackathon Expo (SYNTHETIC DEMO ENTITY)","AGT-CHN-EVE-01","STEP-05","5","5","email_dispatcher","email_ticket",,"false","true","true","STEP-04","WF-CHN-EVENT_REGISTRATION-000022-STEP-05-email_ticket","SKIPPED_DUE_TO_PREVIOUS_FAILURE","COMPENSATION_FAILURE","3","2","CP-CHN-000022-STEP-05","State before email_ticket in Tambaram","Expected valid email_ticket","Committed email_ticket","SKIPPED","SAGA_REVERSE_COMPENSATION","false","PASSED","RESTORED","2026-10-04T00:46:45.112Z","2026-10-05T04:33:03.112Z"
"REC-CHN-000023-01","WF-CHN-DELIVERY-000023","delivery","Chennai","Chromepet","CUS-CHN-000023","Dinesh Mohan","+91-90000-00023","customer000023@example.test","BUS-CHN-0024","Southern Parcel Dispatch (SYNTHETIC DEMO ENTITY)","AGT-CHN-DEL-01","STEP-01","1","5","dispatch_engine","create_delivery","cancel_delivery","true","true","false","NONE","WF-CHN-DELIVERY-000023-STEP-01-create_delivery","COMPLETED","IRREVERSIBLE_ACTION","4","3","CP-CHN-000023-STEP-01","State before create_delivery in Chromepet","Expected valid create_delivery","Committed create_delivery","NONE","FORWARD_EXECUTION","false","PASSED","COMMITTED","2026-10-04T00:46:46.112Z","2026-10-05T04:33:03.112Z"
"REC-CHN-000023-02","WF-CHN-DELIVERY-000023","delivery","Chennai","Chromepet","CUS-CHN-000023","Dinesh Mohan","+91-90000-00023","customer000023@example.test","BUS-CHN-0024","Southern Parcel Dispatch (SYNTHETIC DEMO ENTITY)","AGT-CHN-DEL-01","STEP-02","2","5","courier_service","assign_driver","unassign_driver","true","true","false","STEP-01","WF-CHN-DELIVERY-000023-STEP-02-assign_driver","COMPLETED","IRREVERSIBLE_ACTION","4","3","CP-CHN-000023-STEP-02","State before assign_driver in Chromepet","Expected valid assign_driver","Committed assign_driver","NONE","FORWARD_EXECUTION","false","PASSED","COMMITTED","2026-10-04T00:46:46.112Z","2026-10-05T04:33:03.112Z"
"REC-CHN-000023-03","WF-CHN-DELIVERY-000023","delivery","Chennai","Chromepet","CUS-CHN-000023","Dinesh Mohan","+91-90000-00023","customer000023@example.test","BUS-CHN-0024","Southern Parcel Dispatch (SYNTHETIC DEMO ENTITY)","AGT-CHN-DEL-01","STEP-03","3","5","fleet_service","reserve_vehicle","release_vehicle","true","true","false","STEP-02","WF-CHN-DELIVERY-000023-STEP-03-reserve_vehicle","COMPLETED","IRREVERSIBLE_ACTION","4","3","CP-CHN-000023-STEP-03","State before reserve_vehicle in Chromepet","Expected valid reserve_vehicle","Committed reserve_vehicle","NONE","FORWARD_EXECUTION","false","PASSED","COMMITTED","2026-10-04T00:46:46.112Z","2026-10-05T04:33:03.112Z"
"REC-CHN-000023-04","WF-CHN-DELIVERY-000023","delivery","Chennai","Chromepet","CUS-CHN-000023","Dinesh Mohan","+91-90000-00023","customer000023@example.test","BUS-CHN-0024","Southern Parcel Dispatch (SYNTHETIC DEMO ENTITY)","AGT-CHN-DEL-01","STEP-04","4","5","sorting_service","dispatch_package","recall_dispatch","true","true","false","STEP-03","WF-CHN-DELIVERY-000023-STEP-04-dispatch_package","COMPLETED","IRREVERSIBLE_ACTION","4","3","CP-CHN-000023-STEP-04","State before dispatch_package in Chromepet","Expected valid dispatch_package","Committed dispatch_package","NONE","FORWARD_EXECUTION","false","PASSED","COMMITTED","2026-10-04T00:46:46.112Z","2026-10-05T04:33:03.112Z"
"REC-CHN-000023-05","WF-CHN-DELIVERY-000023","delivery","Chennai","Chromepet","CUS-CHN-000023","Dinesh Mohan","+91-90000-00023","customer000023@example.test","BUS-CHN-0024","Southern Parcel Dispatch (SYNTHETIC DEMO ENTITY)","AGT-CHN-DEL-01","STEP-05","5","5","alert_service","notify_customer",,"false","true","true","STEP-04","WF-CHN-DELIVERY-000023-STEP-05-notify_customer","COMPLETED","IRREVERSIBLE_ACTION","4","3","CP-CHN-000023-STEP-05","State before notify_customer in Chromepet","Expected valid notify_customer","Committed notify_customer","NONE","FORWARD_EXECUTION","false","PASSED","COMMITTED","2026-10-04T00:46:46.112Z","2026-10-05T04:33:03.112Z"
"REC-CHN-000024-01","WF-CHN-APPOINTMENT_BOOKING-000024","appointment_booking","Chennai","Pallavaram","CUS-CHN-000024","Abirami Kalyan","+91-90000-00024","customer000024@example.test","BUS-CHN-0025","Apollo Health Hub Chennai (SYNTHETIC DEMO ENTITY)","AGT-CHN-APP-01","STEP-01","1","5","clinic_calendar","find_slot",,"false","true","false","NONE","WF-CHN-APPOINTMENT_BOOKING-000024-STEP-01-find_slot","COMPLETED","APPROVAL_REQUIRED","1","1","CP-CHN-000024-STEP-01","State before find_slot in Pallavaram","Expected valid find_slot","Committed find_slot","NONE","FORWARD_EXECUTION","false","PASSED","COMMITTED","2026-10-04T00:46:47.112Z","2026-10-05T04:33:03.112Z"
"REC-CHN-000024-02","WF-CHN-APPOINTMENT_BOOKING-000024","appointment_booking","Chennai","Pallavaram","CUS-CHN-000024","Abirami Kalyan","+91-90000-00024","customer000024@example.test","BUS-CHN-0025","Apollo Health Hub Chennai (SYNTHETIC DEMO ENTITY)","AGT-CHN-APP-01","STEP-02","2","5","slot_manager","reserve_slot","release_slot","true","true","false","STEP-01","WF-CHN-APPOINTMENT_BOOKING-000024-STEP-02-reserve_slot","COMPLETED","APPROVAL_REQUIRED","1","1","CP-CHN-000024-STEP-02","State before reserve_slot in Pallavaram","Expected valid reserve_slot","Committed reserve_slot","NONE","FORWARD_EXECUTION","false","PASSED","COMMITTED","2026-10-04T00:46:47.112Z","2026-10-05T04:33:03.112Z"
"REC-CHN-000024-03","WF-CHN-APPOINTMENT_BOOKING-000024","appointment_booking","Chennai","Pallavaram","CUS-CHN-000024","Abirami Kalyan","+91-90000-00024","customer000024@example.test","BUS-CHN-0025","Apollo Health Hub Chennai (SYNTHETIC DEMO ENTITY)","AGT-CHN-APP-01","STEP-03","3","5","billing_service","process_payment","refund_payment","true","true","false","STEP-02","WF-CHN-APPOINTMENT_BOOKING-000024-STEP-03-process_payment","COMPLETED","APPROVAL_REQUIRED","1","1","CP-CHN-000024-STEP-03","State before process_payment in Pallavaram","Expected valid process_payment","Committed process_payment","NONE","FORWARD_EXECUTION","false","PASSED","COMMITTED","2026-10-04T00:46:47.112Z","2026-10-05T04:33:03.112Z"
"REC-CHN-000024-04","WF-CHN-APPOINTMENT_BOOKING-000024","appointment_booking","Chennai","Pallavaram","CUS-CHN-000024","Abirami Kalyan","+91-90000-00024","customer000024@example.test","BUS-CHN-0025","Apollo Health Hub Chennai (SYNTHETIC DEMO ENTITY)","AGT-CHN-APP-01","STEP-04","4","5","emr_service","create_appointment","cancel_appointment","true","true","false","STEP-03","WF-CHN-APPOINTMENT_BOOKING-000024-STEP-04-create_appointment","COMPLETED","APPROVAL_REQUIRED","1","1","CP-CHN-000024-STEP-04","State before create_appointment in Pallavaram","Expected valid create_appointment","Committed create_appointment","NONE","FORWARD_EXECUTION","false","PASSED","COMMITTED","2026-10-04T00:46:47.112Z","2026-10-05T04:33:03.112Z"
"REC-CHN-000024-05","WF-CHN-APPOINTMENT_BOOKING-000024","appointment_booking","Chennai","Pallavaram","CUS-CHN-000024","Abirami Kalyan","+91-90000-00024","customer000024@example.test","BUS-CHN-0025","Apollo Health Hub Chennai (SYNTHETIC DEMO ENTITY)","AGT-CHN-APP-01","STEP-05","5","5","sms_service","send_confirmation",,"false","true","true","STEP-04","WF-CHN-APPOINTMENT_BOOKING-000024-STEP-05-send_confirmation","COMPLETED","APPROVAL_REQUIRED","1","1","CP-CHN-000024-STEP-05","State before send_confirmation in Pallavaram","Expected valid send_confirmation","Committed send_confirmation","NONE","FORWARD_EXECUTION","false","PASSED","COMMITTED","2026-10-04T00:46:47.112Z","2026-10-05T04:33:03.112Z"
"REC-CHN-000025-01","WF-CHN-HOTEL_BOOKING-000025","hotel_booking","Chennai","Perambur","CUS-CHN-000025","Surya Prakash","+91-90000-00025","customer000025@example.test","BUS-CHN-0026","Marina Comfort Suites (SYNTHETIC DEMO ENTITY)","AGT-CHN-HOT-01","STEP-01","1","5","hotel_search","search_hotel",,"false","true","false","NONE","WF-CHN-HOTEL_BOOKING-000025-STEP-01-search_hotel","COMPLETED","NORMAL","2","2","CP-CHN-000025-STEP-01","State before search_hotel in Perambur","Expected valid search_hotel","Committed search_hotel","COMMITTED_IRREVERSIBLE","NONE_REQUIRED","false","PASSED","RESTORED_OR_COMMITTED","2026-10-04T00:46:48.112Z","2026-10-05T04:33:03.112Z"
"REC-CHN-000025-02","WF-CHN-HOTEL_BOOKING-000025","hotel_booking","Chennai","Perambur","CUS-CHN-000025","Surya Prakash","+91-90000-00025","customer000025@example.test","BUS-CHN-0026","Marina Comfort Suites (SYNTHETIC DEMO ENTITY)","AGT-CHN-HOT-01","STEP-02","2","5","room_selection","select_room",,"false","true","false","STEP-01","WF-CHN-HOTEL_BOOKING-000025-STEP-02-select_room","COMPLETED","NORMAL","2","2","CP-CHN-000025-STEP-02","State before select_room in Perambur","Expected valid select_room","Committed select_room","COMMITTED_IRREVERSIBLE","NONE_REQUIRED","false","PASSED","RESTORED_OR_COMMITTED","2026-10-04T00:46:48.112Z","2026-10-05T04:33:03.112Z"
"REC-CHN-000025-03","WF-CHN-HOTEL_BOOKING-000025","hotel_booking","Chennai","Perambur","CUS-CHN-000025","Surya Prakash","+91-90000-00025","customer000025@example.test","BUS-CHN-0026","Marina Comfort Suites (SYNTHETIC DEMO ENTITY)","AGT-CHN-HOT-01","STEP-03","3","5","room_booking","book_room","cancel_booking","true","true","false","STEP-02","WF-CHN-HOTEL_BOOKING-000025-STEP-03-book_room","COMPLETED","NORMAL","2","2","CP-CHN-000025-STEP-03","State before book_room in Perambur","Expected valid book_room","Committed book_room","STANDBY_REVERSIBLE","NONE_REQUIRED","false","PASSED","RESTORED_OR_COMMITTED","2026-10-04T00:46:48.112Z","2026-10-05T04:33:03.112Z"
"REC-CHN-000025-04","WF-CHN-HOTEL_BOOKING-000025","hotel_booking","Chennai","Perambur","CUS-CHN-000025","Surya Prakash","+91-90000-00025","customer000025@example.test","BUS-CHN-0026","Marina Comfort Suites (SYNTHETIC DEMO ENTITY)","AGT-CHN-HOT-01","STEP-04","4","5","payment_processor","charge_card","refund_payment","true","true","false","STEP-03","WF-CHN-HOTEL_BOOKING-000025-STEP-04-charge_card","COMPLETED","NORMAL","2","2","CP-CHN-000025-STEP-04","State before charge_card in Perambur","Expected valid charge_card","Committed charge_card","STANDBY_REVERSIBLE","NONE_REQUIRED","false","PASSED","RESTORED_OR_COMMITTED","2026-10-04T00:46:48.112Z","2026-10-05T04:33:03.112Z"
"REC-CHN-000025-05","WF-CHN-HOTEL_BOOKING-000025","hotel_booking","Chennai","Perambur","CUS-CHN-000025","Surya Prakash","+91-90000-00025","customer000025@example.test","BUS-CHN-0026","Marina Comfort Suites (SYNTHETIC DEMO ENTITY)","AGT-CHN-HOT-01","STEP-05","5","5","email_service","email_customer",,"false","true","true","STEP-04","WF-CHN-HOTEL_BOOKING-000025-STEP-05-email_customer","COMPLETED","NORMAL","2","2","CP-CHN-000025-STEP-05","State before email_customer in Perambur","Expected valid email_customer","Committed email_customer","COMMITTED_IRREVERSIBLE","NONE_REQUIRED","false","PASSED","RESTORED_OR_COMMITTED","2026-10-04T00:46:48.112Z","2026-10-05T04:33:03.112Z"
"REC-CHN-000026-01","WF-CHN-ECOMMERCE_ORDER-000026","ecommerce_order","Chennai","Kilpauk","CUS-CHN-000026","Bhavani Shankar","+91-90000-00026","customer000026@example.test","BUS-CHN-0027","Namma Chennai Retail Hub (SYNTHETIC DEMO ENTITY)","AGT-CHN-ECO-01","STEP-01","1","5","order_service","create_order","cancel_order","true","true","false","NONE","WF-CHN-ECOMMERCE_ORDER-000026-STEP-01-create_order","COMPLETED","STEP_FAILURE","3","3","CP-CHN-000026-STEP-01","State before create_order in Kilpauk","Expected valid create_order","Originally completed, then reversed during recovery","COMPENSATED","REVERSE_COMPENSATE_STEP","false","PASSED","RESTORED","2026-10-04T00:46:49.112Z","2026-10-05T04:33:03.112Z"
"REC-CHN-000026-02","WF-CHN-ECOMMERCE_ORDER-000026","ecommerce_order","Chennai","Kilpauk","CUS-CHN-000026","Bhavani Shankar","+91-90000-00026","customer000026@example.test","BUS-CHN-0027","Namma Chennai Retail Hub (SYNTHETIC DEMO ENTITY)","AGT-CHN-ECO-01","STEP-02","2","5","inventory_service","reserve_inventory","release_inventory","true","true","false","STEP-01","WF-CHN-ECOMMERCE_ORDER-000026-STEP-02-reserve_inventory","COMPLETED","STEP_FAILURE","3","3","CP-CHN-000026-STEP-02","State before reserve_inventory in Kilpauk","Expected valid reserve_inventory","Originally completed, then reversed during recovery","COMPENSATED","REVERSE_COMPENSATE_STEP","false","PASSED","RESTORED","2026-10-04T00:46:49.112Z","2026-10-05T04:33:03.112Z"
"REC-CHN-000026-03","WF-CHN-ECOMMERCE_ORDER-000026","ecommerce_order","Chennai","Kilpauk","CUS-CHN-000026","Bhavani Shankar","+91-90000-00026","customer000026@example.test","BUS-CHN-0027","Namma Chennai Retail Hub (SYNTHETIC DEMO ENTITY)","AGT-CHN-ECO-01","STEP-03","3","5","payment_service","charge_card","refund_payment","true","true","false","STEP-02","WF-CHN-ECOMMERCE_ORDER-000026-STEP-03-charge_card","FAILED","STEP_FAILURE","3","3","CP-CHN-000026-STEP-03","State before charge_card in Kilpauk","Expected valid charge_card","Failed at charge_card: STEP_FAILURE","TRIGGERING_RECOVERY","SAGA_REVERSE_COMPENSATION","false","FAILED_AT_STEP","RESTORED","2026-10-04T00:46:49.112Z","2026-10-05T04:33:03.112Z"
"REC-CHN-000026-04","WF-CHN-ECOMMERCE_ORDER-000026","ecommerce_order","Chennai","Kilpauk","CUS-CHN-000026","Bhavani Shankar","+91-90000-00026","customer000026@example.test","BUS-CHN-0027","Namma Chennai Retail Hub (SYNTHETIC DEMO ENTITY)","AGT-CHN-ECO-01","STEP-04","4","5","shipment_service","create_shipment","cancel_shipment","true","true","false","STEP-03","WF-CHN-ECOMMERCE_ORDER-000026-STEP-04-create_shipment","SKIPPED_DUE_TO_PREVIOUS_FAILURE","STEP_FAILURE","3","3","CP-CHN-000026-STEP-04","State before create_shipment in Kilpauk","Expected valid create_shipment","Committed create_shipment","COMPENSATED","SAGA_REVERSE_COMPENSATION","false","PASSED","RESTORED","2026-10-04T00:46:49.112Z","2026-10-05T04:33:03.112Z"
"REC-CHN-000026-05","WF-CHN-ECOMMERCE_ORDER-000026","ecommerce_order","Chennai","Kilpauk","CUS-CHN-000026","Bhavani Shankar","+91-90000-00026","customer000026@example.test","BUS-CHN-0027","Namma Chennai Retail Hub (SYNTHETIC DEMO ENTITY)","AGT-CHN-ECO-01","STEP-05","5","5","notification_service","email_customer",,"false","true","true","STEP-04","WF-CHN-ECOMMERCE_ORDER-000026-STEP-05-email_customer","SKIPPED_DUE_TO_PREVIOUS_FAILURE","STEP_FAILURE","3","3","CP-CHN-000026-STEP-05","State before email_customer in Kilpauk","Expected valid email_customer","Committed email_customer","SKIPPED","SAGA_REVERSE_COMPENSATION","false","PASSED","RESTORED","2026-10-04T00:46:49.112Z","2026-10-05T04:33:03.112Z"
"REC-CHN-000027-01","WF-CHN-CUSTOMER_SUPPORT-000027","customer_support","Chennai","Egmore","CUS-CHN-000027","Vijay Anand","+91-90000-00027","customer000027@example.test","BUS-CHN-0028","Southern Tech Helpdesk (SYNTHETIC DEMO ENTITY)","AGT-CHN-CUS-01","STEP-01","1","5","crm_service","create_ticket","close_ticket","true","true","false","NONE","WF-CHN-CUSTOMER_SUPPORT-000027-STEP-01-create_ticket","COMPLETED","TOOL_FAILURE","4","1","CP-CHN-000027-STEP-01","State before create_ticket in Egmore","Expected valid create_ticket","Originally completed, then reversed during recovery","COMPENSATED","REVERSE_COMPENSATE_STEP","false","PASSED","RESTORED","2026-10-04T00:46:50.112Z","2026-10-05T04:33:03.112Z"
"REC-CHN-000027-02","WF-CHN-CUSTOMER_SUPPORT-000027","customer_support","Chennai","Egmore","CUS-CHN-000027","Vijay Anand","+91-90000-00027","customer000027@example.test","BUS-CHN-0028","Southern Tech Helpdesk (SYNTHETIC DEMO ENTITY)","AGT-CHN-CUS-01","STEP-02","2","5","routing_service","assign_agent","unassign_agent","true","true","false","STEP-01","WF-CHN-CUSTOMER_SUPPORT-000027-STEP-02-assign_agent","COMPLETED","TOOL_FAILURE","4","1","CP-CHN-000027-STEP-02","State before assign_agent in Egmore","Expected valid assign_agent","Originally completed, then reversed during recovery","COMPENSATED","REVERSE_COMPENSATE_STEP","false","PASSED","RESTORED","2026-10-04T00:46:50.112Z","2026-10-05T04:33:03.112Z"
"REC-CHN-000027-03","WF-CHN-CUSTOMER_SUPPORT-000027","customer_support","Chennai","Egmore","CUS-CHN-000027","Vijay Anand","+91-90000-00027","customer000027@example.test","BUS-CHN-0028","Southern Tech Helpdesk (SYNTHETIC DEMO ENTITY)","AGT-CHN-CUS-01","STEP-03","3","5","customer_record_service","update_customer_record","restore_customer_record","true","true","false","STEP-02","WF-CHN-CUSTOMER_SUPPORT-000027-STEP-03-update_customer_record","COMPLETED","TOOL_FAILURE","4","1","CP-CHN-000027-STEP-03","State before update_customer_record in Egmore","Expected valid update_customer_record","Originally completed, then reversed during recovery","COMPENSATED","REVERSE_COMPENSATE_STEP","false","PASSED","RESTORED","2026-10-04T00:46:50.112Z","2026-10-05T04:33:03.112Z"
"REC-CHN-000027-04","WF-CHN-CUSTOMER_SUPPORT-000027","customer_support","Chennai","Egmore","CUS-CHN-000027","Vijay Anand","+91-90000-00027","customer000027@example.test","BUS-CHN-0028","Southern Tech Helpdesk (SYNTHETIC DEMO ENTITY)","AGT-CHN-CUS-01","STEP-04","4","5","resolution_service","create_resolution","revert_resolution","true","true","false","STEP-03","WF-CHN-CUSTOMER_SUPPORT-000027-STEP-04-create_resolution","FAILED","TOOL_FAILURE","4","1","CP-CHN-000027-STEP-04","State before create_resolution in Egmore","Expected valid create_resolution","Failed at create_resolution: TOOL_FAILURE","TRIGGERING_RECOVERY","SAGA_REVERSE_COMPENSATION","false","FAILED_AT_STEP","RESTORED","2026-10-04T00:46:50.112Z","2026-10-05T04:33:03.112Z"
"REC-CHN-000027-05","WF-CHN-CUSTOMER_SUPPORT-000027","customer_support","Chennai","Egmore","CUS-CHN-000027","Vijay Anand","+91-90000-00027","customer000027@example.test","BUS-CHN-0028","Southern Tech Helpdesk (SYNTHETIC DEMO ENTITY)","AGT-CHN-CUS-01","STEP-05","5","5","notification_service","email_customer",,"false","true","true","STEP-04","WF-CHN-CUSTOMER_SUPPORT-000027-STEP-05-email_customer","SKIPPED_DUE_TO_PREVIOUS_FAILURE","TOOL_FAILURE","4","1","CP-CHN-000027-STEP-05","State before email_customer in Egmore","Expected valid email_customer","Committed email_customer","SKIPPED","SAGA_REVERSE_COMPENSATION","false","PASSED","RESTORED","2026-10-04T00:46:50.112Z","2026-10-05T04:33:03.112Z"
"REC-CHN-000028-01","WF-CHN-RESTAURANT_RESERVATION-000028","restaurant_reservation","Chennai","Royapettah","CUS-CHN-000028","Sneha Radhakrishnan","+91-90000-00028","customer000028@example.test","BUS-CHN-0029","Marina Spice House (SYNTHETIC DEMO ENTITY)","AGT-CHN-RES-01","STEP-01","1","5","dining_search","find_restaurant",,"false","true","false","NONE","WF-CHN-RESTAURANT_RESERVATION-000028-STEP-01-find_restaurant","FAILED","TIMEOUT","1","2","CP-CHN-000028-STEP-01","State before find_restaurant in Royapettah","Expected valid find_restaurant","Failed at find_restaurant: TIMEOUT","TRIGGERING_RECOVERY","SAGA_REVERSE_COMPENSATION","false","FAILED_AT_STEP","RESTORED","2026-10-04T00:46:51.112Z","2026-10-05T04:33:03.112Z"
"REC-CHN-000028-02","WF-CHN-RESTAURANT_RESERVATION-000028","restaurant_reservation","Chennai","Royapettah","CUS-CHN-000028","Sneha Radhakrishnan","+91-90000-00028","customer000028@example.test","BUS-CHN-0029","Marina Spice House (SYNTHETIC DEMO ENTITY)","AGT-CHN-RES-01","STEP-02","2","5","table_booking","reserve_table","release_table","true","true","false","STEP-01","WF-CHN-RESTAURANT_RESERVATION-000028-STEP-02-reserve_table","SKIPPED_DUE_TO_PREVIOUS_FAILURE","TIMEOUT","1","2","CP-CHN-000028-STEP-02","State before reserve_table in Royapettah","Expected valid reserve_table","Committed reserve_table","COMPENSATED","SAGA_REVERSE_COMPENSATION","false","PASSED","RESTORED","2026-10-04T00:46:51.112Z","2026-10-05T04:33:03.112Z"
"REC-CHN-000028-03","WF-CHN-RESTAURANT_RESERVATION-000028","restaurant_reservation","Chennai","Royapettah","CUS-CHN-000028","Sneha Radhakrishnan","+91-90000-00028","customer000028@example.test","BUS-CHN-0029","Marina Spice House (SYNTHETIC DEMO ENTITY)","AGT-CHN-RES-01","STEP-03","3","5","deposit_service","charge_deposit","refund_deposit","true","true","false","STEP-02","WF-CHN-RESTAURANT_RESERVATION-000028-STEP-03-charge_deposit","SKIPPED_DUE_TO_PREVIOUS_FAILURE","TIMEOUT","1","2","CP-CHN-000028-STEP-03","State before charge_deposit in Royapettah","Expected valid charge_deposit","Committed charge_deposit","COMPENSATED","SAGA_REVERSE_COMPENSATION","false","PASSED","RESTORED","2026-10-04T00:46:51.112Z","2026-10-05T04:33:03.112Z"
"REC-CHN-000028-04","WF-CHN-RESTAURANT_RESERVATION-000028","restaurant_reservation","Chennai","Royapettah","CUS-CHN-000028","Sneha Radhakrishnan","+91-90000-00028","customer000028@example.test","BUS-CHN-0029","Marina Spice House (SYNTHETIC DEMO ENTITY)","AGT-CHN-RES-01","STEP-04","4","5","reservation_service","create_reservation","cancel_reservation","true","true","false","STEP-03","WF-CHN-RESTAURANT_RESERVATION-000028-STEP-04-create_reservation","SKIPPED_DUE_TO_PREVIOUS_FAILURE","TIMEOUT","1","2","CP-CHN-000028-STEP-04","State before create_reservation in Royapettah","Expected valid create_reservation","Committed create_reservation","COMPENSATED","SAGA_REVERSE_COMPENSATION","false","PASSED","RESTORED","2026-10-04T00:46:51.112Z","2026-10-05T04:33:03.112Z"
"REC-CHN-000028-05","WF-CHN-RESTAURANT_RESERVATION-000028","restaurant_reservation","Chennai","Royapettah","CUS-CHN-000028","Sneha Radhakrishnan","+91-90000-00028","customer000028@example.test","BUS-CHN-0029","Marina Spice House (SYNTHETIC DEMO ENTITY)","AGT-CHN-RES-01","STEP-05","5","5","messaging_service","send_confirmation",,"false","true","true","STEP-04","WF-CHN-RESTAURANT_RESERVATION-000028-STEP-05-send_confirmation","SKIPPED_DUE_TO_PREVIOUS_FAILURE","TIMEOUT","1","2","CP-CHN-000028-STEP-05","State before send_confirmation in Royapettah","Expected valid send_confirmation","Committed send_confirmation","SKIPPED","SAGA_REVERSE_COMPENSATION","false","PASSED","RESTORED","2026-10-04T00:46:51.112Z","2026-10-05T04:33:03.112Z"
"REC-CHN-000029-01","WF-CHN-CAB_BOOKING-000029","cab_booking","Chennai","Triplicane","CUS-CHN-000029","Arun Kumar","+91-90000-00029","customer000029@example.test","BUS-CHN-0030","Coromandel Cabs (SYNTHETIC DEMO ENTITY)","AGT-CHN-CAB-01","STEP-01","1","5","ride_dispatcher","request_ride",,"false","true","false","NONE","WF-CHN-CAB_BOOKING-000029-STEP-01-request_ride","COMPLETED","NETWORK_FAILURE","2","3","CP-CHN-000029-STEP-01","State before request_ride in Triplicane","Expected valid request_ride","Originally completed, then reversed during recovery","NOT_APPLICABLE","REVERSE_COMPENSATE_STEP","false","PASSED","RESTORED","2026-10-04T00:46:52.112Z","2026-10-05T04:33:03.112Z"
"REC-CHN-000029-02","WF-CHN-CAB_BOOKING-000029","cab_booking","Chennai","Triplicane","CUS-CHN-000029","Arun Kumar","+91-90000-00029","customer000029@example.test","BUS-CHN-0030","Coromandel Cabs (SYNTHETIC DEMO ENTITY)","AGT-CHN-CAB-01","STEP-02","2","5","driver_assignment","assign_driver","release_driver","true","true","false","STEP-01","WF-CHN-CAB_BOOKING-000029-STEP-02-assign_driver","FAILED","NETWORK_FAILURE","2","3","CP-CHN-000029-STEP-02","State before assign_driver in Triplicane","Expected valid assign_driver","Failed at assign_driver: NETWORK_FAILURE","TRIGGERING_RECOVERY","SAGA_REVERSE_COMPENSATION","false","FAILED_AT_STEP","RESTORED","2026-10-04T00:46:52.112Z","2026-10-05T04:33:03.112Z"
"REC-CHN-000029-03","WF-CHN-CAB_BOOKING-000029","cab_booking","Chennai","Triplicane","CUS-CHN-000029","Arun Kumar","+91-90000-00029","customer000029@example.test","BUS-CHN-0030","Coromandel Cabs (SYNTHETIC DEMO ENTITY)","AGT-CHN-CAB-01","STEP-03","3","5","trip_service","confirm_ride","cancel_ride","true","true","false","STEP-02","WF-CHN-CAB_BOOKING-000029-STEP-03-confirm_ride","SKIPPED_DUE_TO_PREVIOUS_FAILURE","NETWORK_FAILURE","2","3","CP-CHN-000029-STEP-03","State before confirm_ride in Triplicane","Expected valid confirm_ride","Committed confirm_ride","COMPENSATED","SAGA_REVERSE_COMPENSATION","false","PASSED","RESTORED","2026-10-04T00:46:52.112Z","2026-10-05T04:33:03.112Z"
"REC-CHN-000029-04","WF-CHN-CAB_BOOKING-000029","cab_booking","Chennai","Triplicane","CUS-CHN-000029","Arun Kumar","+91-90000-00029","customer000029@example.test","BUS-CHN-0030","Coromandel Cabs (SYNTHETIC DEMO ENTITY)","AGT-CHN-CAB-01","STEP-04","4","5","fare_service","charge_payment","refund_payment","true","true","false","STEP-03","WF-CHN-CAB_BOOKING-000029-STEP-04-charge_payment","SKIPPED_DUE_TO_PREVIOUS_FAILURE","NETWORK_FAILURE","2","3","CP-CHN-000029-STEP-04","State before charge_payment in Triplicane","Expected valid charge_payment","Committed charge_payment","COMPENSATED","SAGA_REVERSE_COMPENSATION","false","PASSED","RESTORED","2026-10-04T00:46:52.112Z","2026-10-05T04:33:03.112Z"
"REC-CHN-000029-05","WF-CHN-CAB_BOOKING-000029","cab_booking","Chennai","Triplicane","CUS-CHN-000029","Arun Kumar","+91-90000-00029","customer000029@example.test","BUS-CHN-0030","Coromandel Cabs (SYNTHETIC DEMO ENTITY)","AGT-CHN-CAB-01","STEP-05","5","5","comm_service","send_confirmation",,"false","true","true","STEP-04","WF-CHN-CAB_BOOKING-000029-STEP-05-send_confirmation","SKIPPED_DUE_TO_PREVIOUS_FAILURE","NETWORK_FAILURE","2","3","CP-CHN-000029-STEP-05","State before send_confirmation in Triplicane","Expected valid send_confirmation","Committed send_confirmation","SKIPPED","SAGA_REVERSE_COMPENSATION","false","PASSED","RESTORED","2026-10-04T00:46:52.112Z","2026-10-05T04:33:03.112Z"
"REC-CHN-000030-01","WF-CHN-EVENT_REGISTRATION-000030","event_registration","Chennai","Madhavaram","CUS-CHN-000030","Kavin Raj","+91-90000-00030","customer000030@example.test","BUS-CHN-0031","Marina Hackathon Expo (SYNTHETIC DEMO ENTITY)","AGT-CHN-EVE-01","STEP-01","1","5","event_service","register_participant","cancel_registration","true","true","false","NONE","WF-CHN-EVENT_REGISTRATION-000030-STEP-01-register_participant","COMPLETED","DUPLICATE_REQUEST","3","1","CP-CHN-000030-STEP-01","State before register_participant in Madhavaram","Expected valid register_participant","Committed register_participant","NONE","FORWARD_EXECUTION","false","PASSED","COMMITTED","2026-10-04T00:46:53.112Z","2026-10-05T04:33:03.112Z"
"REC-CHN-000030-02","WF-CHN-EVENT_REGISTRATION-000030","event_registration","Chennai","Madhavaram","CUS-CHN-000030","Kavin Raj","+91-90000-00030","customer000030@example.test","BUS-CHN-0031","Marina Hackathon Expo (SYNTHETIC DEMO ENTITY)","AGT-CHN-EVE-01","STEP-02","2","5","seating_service","reserve_seat","release_seat","true","true","false","STEP-01","WF-CHN-EVENT_REGISTRATION-000030-STEP-02-reserve_seat","COMPLETED","DUPLICATE_REQUEST","3","1","CP-CHN-000030-STEP-02","State before reserve_seat in Madhavaram","Expected valid reserve_seat","Duplicate request detected via idempotency key: WF-CHN-EVENT_REGISTRATION-000030-STEP-02-reserve_seat. Returned cached response with 0 side effects.","NONE","IDEMPOTENCY_GUARD_PREVENT_DUPLICATE","false","PASSED","RESTORED_OR_COMMITTED","2026-10-04T00:46:53.112Z","2026-10-05T04:33:03.112Z"
"REC-CHN-000030-03","WF-CHN-EVENT_REGISTRATION-000030","event_registration","Chennai","Madhavaram","CUS-CHN-000030","Kavin Raj","+91-90000-00030","customer000030@example.test","BUS-CHN-0031","Marina Hackathon Expo (SYNTHETIC DEMO ENTITY)","AGT-CHN-EVE-01","STEP-03","3","5","payment_gateway","process_payment","refund_payment","true","true","false","STEP-02","WF-CHN-EVENT_REGISTRATION-000030-STEP-03-process_payment","COMPLETED","DUPLICATE_REQUEST","3","1","CP-CHN-000030-STEP-03","State before process_payment in Madhavaram","Expected valid process_payment","Committed process_payment","NONE","FORWARD_EXECUTION","false","PASSED","COMMITTED","2026-10-04T00:46:53.112Z","2026-10-05T04:33:03.112Z"
"REC-CHN-000030-04","WF-CHN-EVENT_REGISTRATION-000030","event_registration","Chennai","Madhavaram","CUS-CHN-000030","Kavin Raj","+91-90000-00030","customer000030@example.test","BUS-CHN-0031","Marina Hackathon Expo (SYNTHETIC DEMO ENTITY)","AGT-CHN-EVE-01","STEP-04","4","5","ticket_generator","generate_ticket","invalidate_ticket","true","true","false","STEP-03","WF-CHN-EVENT_REGISTRATION-000030-STEP-04-generate_ticket","COMPLETED","DUPLICATE_REQUEST","3","1","CP-CHN-000030-STEP-04","State before generate_ticket in Madhavaram","Expected valid generate_ticket","Committed generate_ticket","NONE","FORWARD_EXECUTION","false","PASSED","COMMITTED","2026-10-04T00:46:53.112Z","2026-10-05T04:33:03.112Z"
"REC-CHN-000030-05","WF-CHN-EVENT_REGISTRATION-000030","event_registration","Chennai","Madhavaram","CUS-CHN-000030","Kavin Raj","+91-90000-00030","customer000030@example.test","BUS-CHN-0031","Marina Hackathon Expo (SYNTHETIC DEMO ENTITY)","AGT-CHN-EVE-01","STEP-05","5","5","email_dispatcher","email_ticket",,"false","true","true","STEP-04","WF-CHN-EVENT_REGISTRATION-000030-STEP-05-email_ticket","COMPLETED","DUPLICATE_REQUEST","3","1","CP-CHN-000030-STEP-05","State before email_ticket in Madhavaram","Expected valid email_ticket","Committed email_ticket","NONE","FORWARD_EXECUTION","false","PASSED","COMMITTED","2026-10-04T00:46:53.112Z","2026-10-05T04:33:03.112Z"
"REC-CHN-000031-01","WF-CHN-DELIVERY-000031","delivery","Chennai","Kolathur","CUS-CHN-000031","Priya Anand","+91-90000-00031","customer000031@example.test","BUS-CHN-0032","Southern Parcel Dispatch (SYNTHETIC DEMO ENTITY)","AGT-CHN-DEL-01","STEP-01","1","5","dispatch_engine","create_delivery","cancel_delivery","true","true","false","NONE","WF-CHN-DELIVERY-000031-STEP-01-create_delivery","COMPLETED","UNKNOWN_STATE","4","2","CP-CHN-000031-STEP-01","State before create_delivery in Kolathur","Expected valid create_delivery","Committed create_delivery","NONE","FORWARD_EXECUTION","false","PASSED","COMMITTED","2026-10-04T00:46:54.112Z","2026-10-05T04:33:03.112Z"
"REC-CHN-000031-02","WF-CHN-DELIVERY-000031","delivery","Chennai","Kolathur","CUS-CHN-000031","Priya Anand","+91-90000-00031","customer000031@example.test","BUS-CHN-0032","Southern Parcel Dispatch (SYNTHETIC DEMO ENTITY)","AGT-CHN-DEL-01","STEP-02","2","5","courier_service","assign_driver","unassign_driver","true","true","false","STEP-01","WF-CHN-DELIVERY-000031-STEP-02-assign_driver","COMPLETED","UNKNOWN_STATE","4","2","CP-CHN-000031-STEP-02","State before assign_driver in Kolathur","Expected valid assign_driver","Committed assign_driver","NONE","FORWARD_EXECUTION","false","PASSED","COMMITTED","2026-10-04T00:46:54.112Z","2026-10-05T04:33:03.112Z"
"REC-CHN-000031-03","WF-CHN-DELIVERY-000031","delivery","Chennai","Kolathur","CUS-CHN-000031","Priya Anand","+91-90000-00031","customer000031@example.test","BUS-CHN-0032","Southern Parcel Dispatch (SYNTHETIC DEMO ENTITY)","AGT-CHN-DEL-01","STEP-03","3","5","fleet_service","reserve_vehicle","release_vehicle","true","true","false","STEP-02","WF-CHN-DELIVERY-000031-STEP-03-reserve_vehicle","COMPLETED","UNKNOWN_STATE","4","2","CP-CHN-000031-STEP-03","State before reserve_vehicle in Kolathur","Expected valid reserve_vehicle","Committed reserve_vehicle","NONE","FORWARD_EXECUTION","false","PASSED","COMMITTED","2026-10-04T00:46:54.112Z","2026-10-05T04:33:03.112Z"
"REC-CHN-000031-04","WF-CHN-DELIVERY-000031","delivery","Chennai","Kolathur","CUS-CHN-000031","Priya Anand","+91-90000-00031","customer000031@example.test","BUS-CHN-0032","Southern Parcel Dispatch (SYNTHETIC DEMO ENTITY)","AGT-CHN-DEL-01","STEP-04","4","5","sorting_service","dispatch_package","recall_dispatch","true","true","false","STEP-03","WF-CHN-DELIVERY-000031-STEP-04-dispatch_package","FAILED","UNKNOWN_STATE","4","2","CP-CHN-000031-STEP-04","State before dispatch_package in Kolathur","Expected valid dispatch_package","Committed dispatch_package","NONE","QUERY_AUTHORITATIVE_MOCK_WORLD_THEN_COMPENSATE","false","PASSED","RESTORED","2026-10-04T00:46:54.112Z","2026-10-05T04:33:03.112Z"
"REC-CHN-000031-05","WF-CHN-DELIVERY-000031","delivery","Chennai","Kolathur","CUS-CHN-000031","Priya Anand","+91-90000-00031","customer000031@example.test","BUS-CHN-0032","Southern Parcel Dispatch (SYNTHETIC DEMO ENTITY)","AGT-CHN-DEL-01","STEP-05","5","5","alert_service","notify_customer",,"false","true","true","STEP-04","WF-CHN-DELIVERY-000031-STEP-05-notify_customer","SKIPPED_DUE_TO_PREVIOUS_FAILURE","UNKNOWN_STATE","4","2","CP-CHN-000031-STEP-05","State before notify_customer in Kolathur","Expected valid notify_customer","Committed notify_customer","SKIPPED","SAGA_REVERSE_COMPENSATION","false","PASSED","RESTORED","2026-10-04T00:46:54.112Z","2026-10-05T04:33:03.112Z"
"REC-CHN-000032-01","WF-CHN-APPOINTMENT_BOOKING-000032","appointment_booking","Chennai","Pallikaranai","CUS-CHN-000032","Divya Krishnan","+91-90000-00032","customer000032@example.test","BUS-CHN-0033","Apollo Health Hub Chennai (SYNTHETIC DEMO ENTITY)","AGT-CHN-APP-01","STEP-01","1","5","clinic_calendar","find_slot",,"false","true","false","NONE","WF-CHN-APPOINTMENT_BOOKING-000032-STEP-01-find_slot","FAILED","PARTIAL_FAILURE","1","3","CP-CHN-000032-STEP-01","State before find_slot in Pallikaranai","Expected valid find_slot","Committed find_slot","NONE","QUERY_AUTHORITATIVE_MOCK_WORLD_THEN_COMPENSATE","false","PASSED","RESTORED","2026-10-04T00:46:55.112Z","2026-10-05T04:33:03.112Z"
"REC-CHN-000032-02","WF-CHN-APPOINTMENT_BOOKING-000032","appointment_booking","Chennai","Pallikaranai","CUS-CHN-000032","Divya Krishnan","+91-90000-00032","customer000032@example.test","BUS-CHN-0033","Apollo Health Hub Chennai (SYNTHETIC DEMO ENTITY)","AGT-CHN-APP-01","STEP-02","2","5","slot_manager","reserve_slot","release_slot","true","true","false","STEP-01","WF-CHN-APPOINTMENT_BOOKING-000032-STEP-02-reserve_slot","SKIPPED_DUE_TO_PREVIOUS_FAILURE","PARTIAL_FAILURE","1","3","CP-CHN-000032-STEP-02","State before reserve_slot in Pallikaranai","Expected valid reserve_slot","Committed reserve_slot","COMPENSATED","SAGA_REVERSE_COMPENSATION","false","PASSED","RESTORED","2026-10-04T00:46:55.112Z","2026-10-05T04:33:03.112Z"
"REC-CHN-000032-03","WF-CHN-APPOINTMENT_BOOKING-000032","appointment_booking","Chennai","Pallikaranai","CUS-CHN-000032","Divya Krishnan","+91-90000-00032","customer000032@example.test","BUS-CHN-0033","Apollo Health Hub Chennai (SYNTHETIC DEMO ENTITY)","AGT-CHN-APP-01","STEP-03","3","5","billing_service","process_payment","refund_payment","true","true","false","STEP-02","WF-CHN-APPOINTMENT_BOOKING-000032-STEP-03-process_payment","SKIPPED_DUE_TO_PREVIOUS_FAILURE","PARTIAL_FAILURE","1","3","CP-CHN-000032-STEP-03","State before process_payment in Pallikaranai","Expected valid process_payment","Committed process_payment","COMPENSATED","SAGA_REVERSE_COMPENSATION","false","PASSED","RESTORED","2026-10-04T00:46:55.112Z","2026-10-05T04:33:03.112Z"
"REC-CHN-000032-04","WF-CHN-APPOINTMENT_BOOKING-000032","appointment_booking","Chennai","Pallikaranai","CUS-CHN-000032","Divya Krishnan","+91-90000-00032","customer000032@example.test","BUS-CHN-0033","Apollo Health Hub Chennai (SYNTHETIC DEMO ENTITY)","AGT-CHN-APP-01","STEP-04","4","5","emr_service","create_appointment","cancel_appointment","true","true","false","STEP-03","WF-CHN-APPOINTMENT_BOOKING-000032-STEP-04-create_appointment","SKIPPED_DUE_TO_PREVIOUS_FAILURE","PARTIAL_FAILURE","1","3","CP-CHN-000032-STEP-04","State before create_appointment in Pallikaranai","Expected valid create_appointment","Committed create_appointment","COMPENSATED","SAGA_REVERSE_COMPENSATION","false","PASSED","RESTORED","2026-10-04T00:46:55.112Z","2026-10-05T04:33:03.112Z"
"REC-CHN-000032-05","WF-CHN-APPOINTMENT_BOOKING-000032","appointment_booking","Chennai","Pallikaranai","CUS-CHN-000032","Divya Krishnan","+91-90000-00032","customer000032@example.test","BUS-CHN-0033","Apollo Health Hub Chennai (SYNTHETIC DEMO ENTITY)","AGT-CHN-APP-01","STEP-05","5","5","sms_service","send_confirmation",,"false","true","true","STEP-04","WF-CHN-APPOINTMENT_BOOKING-000032-STEP-05-send_confirmation","SKIPPED_DUE_TO_PREVIOUS_FAILURE","PARTIAL_FAILURE","1","3","CP-CHN-000032-STEP-05","State before send_confirmation in Pallikaranai","Expected valid send_confirmation","Committed send_confirmation","SKIPPED","SAGA_REVERSE_COMPENSATION","false","PASSED","RESTORED","2026-10-04T00:46:55.112Z","2026-10-05T04:33:03.112Z"
"REC-CHN-000033-01","WF-CHN-HOTEL_BOOKING-000033","hotel_booking","Chennai","Medavakkam","CUS-CHN-000033","Sanjay Rao","+91-90000-00033","customer000033@example.test","BUS-CHN-0034","Marina Comfort Suites (SYNTHETIC DEMO ENTITY)","AGT-CHN-HOT-01","STEP-01","1","5","hotel_search","search_hotel",,"false","true","false","NONE","WF-CHN-HOTEL_BOOKING-000033-STEP-01-search_hotel","COMPLETED","CRASH","2","1","CP-CHN-000033-STEP-01","State before search_hotel in Medavakkam","Expected valid search_hotel","Committed search_hotel","CHECKPOINTED","RESUME_FROM_DURABLE_LOG","false","PASSED","DURABLE_CHECKPOINT_SAVED","2026-10-04T00:46:56.112Z","2026-10-05T04:33:03.112Z"
"REC-CHN-000033-02","WF-CHN-HOTEL_BOOKING-000033","hotel_booking","Chennai","Medavakkam","CUS-CHN-000033","Sanjay Rao","+91-90000-00033","customer000033@example.test","BUS-CHN-0034","Marina Comfort Suites (SYNTHETIC DEMO ENTITY)","AGT-CHN-HOT-01","STEP-02","2","5","room_selection","select_room",,"false","true","false","STEP-01","WF-CHN-HOTEL_BOOKING-000033-STEP-02-select_room","SKIPPED_DUE_TO_CRASH","CRASH","2","1","CP-CHN-000033-STEP-02","State before select_room in Medavakkam","Expected valid select_room","Committed select_room","NONE","RESUME_OR_ROLLBACK_AFTER_CRASH","false","PASSED","PRESERVED_AT_CHECKPOINT","2026-10-04T00:46:56.112Z","2026-10-05T04:33:03.112Z"
"REC-CHN-000033-03","WF-CHN-HOTEL_BOOKING-000033","hotel_booking","Chennai","Medavakkam","CUS-CHN-000033","Sanjay Rao","+91-90000-00033","customer000033@example.test","BUS-CHN-0034","Marina Comfort Suites (SYNTHETIC DEMO ENTITY)","AGT-CHN-HOT-01","STEP-03","3","5","room_booking","book_room","cancel_booking","true","true","false","STEP-02","WF-CHN-HOTEL_BOOKING-000033-STEP-03-book_room","SKIPPED_DUE_TO_CRASH","CRASH","2","1","CP-CHN-000033-STEP-03","State before book_room in Medavakkam","Expected valid book_room","Committed book_room","NONE","RESUME_OR_ROLLBACK_AFTER_CRASH","false","PASSED","PRESERVED_AT_CHECKPOINT","2026-10-04T00:46:56.112Z","2026-10-05T04:33:03.112Z"
"REC-CHN-000033-04","WF-CHN-HOTEL_BOOKING-000033","hotel_booking","Chennai","Medavakkam","CUS-CHN-000033","Sanjay Rao","+91-90000-00033","customer000033@example.test","BUS-CHN-0034","Marina Comfort Suites (SYNTHETIC DEMO ENTITY)","AGT-CHN-HOT-01","STEP-04","4","5","payment_processor","charge_card","refund_payment","true","true","false","STEP-03","WF-CHN-HOTEL_BOOKING-000033-STEP-04-charge_card","SKIPPED_DUE_TO_CRASH","CRASH","2","1","CP-CHN-000033-STEP-04","State before charge_card in Medavakkam","Expected valid charge_card","Committed charge_card","NONE","RESUME_OR_ROLLBACK_AFTER_CRASH","false","PASSED","PRESERVED_AT_CHECKPOINT","2026-10-04T00:46:56.112Z","2026-10-05T04:33:03.112Z"
"REC-CHN-000033-05","WF-CHN-HOTEL_BOOKING-000033","hotel_booking","Chennai","Medavakkam","CUS-CHN-000033","Sanjay Rao","+91-90000-00033","customer000033@example.test","BUS-CHN-0034","Marina Comfort Suites (SYNTHETIC DEMO ENTITY)","AGT-CHN-HOT-01","STEP-05","5","5","email_service","email_customer",,"false","true","true","STEP-04","WF-CHN-HOTEL_BOOKING-000033-STEP-05-email_customer","SKIPPED_DUE_TO_CRASH","CRASH","2","1","CP-CHN-000033-STEP-05","State before email_customer in Medavakkam","Expected valid email_customer","Committed email_customer","NONE","RESUME_OR_ROLLBACK_AFTER_CRASH","false","PASSED","PRESERVED_AT_CHECKPOINT","2026-10-04T00:46:56.112Z","2026-10-05T04:33:03.112Z"
"REC-CHN-000034-01","WF-CHN-ECOMMERCE_ORDER-000034","ecommerce_order","Chennai","Navalur","CUS-CHN-000034","Nithya Kumar","+91-90000-00034","customer000034@example.test","BUS-CHN-0035","Coromandel Provisions (SYNTHETIC DEMO ENTITY)","AGT-CHN-ECO-01","STEP-01","1","5","order_service","create_order","cancel_order","true","true","false","NONE","WF-CHN-ECOMMERCE_ORDER-000034-STEP-01-create_order","COMPLETED","COMPENSATION_FAILURE","3","2","CP-CHN-000034-STEP-01","State before create_order in Navalur","Expected valid create_order","Committed create_order","NONE","FORWARD_EXECUTION","false","PASSED","COMMITTED","2026-10-04T00:46:57.112Z","2026-10-05T04:33:03.112Z"
"REC-CHN-000034-02","WF-CHN-ECOMMERCE_ORDER-000034","ecommerce_order","Chennai","Navalur","CUS-CHN-000034","Nithya Kumar","+91-90000-00034","customer000034@example.test","BUS-CHN-0035","Coromandel Provisions (SYNTHETIC DEMO ENTITY)","AGT-CHN-ECO-01","STEP-02","2","5","inventory_service","reserve_inventory","release_inventory","true","true","false","STEP-01","WF-CHN-ECOMMERCE_ORDER-000034-STEP-02-reserve_inventory","COMPLETED","COMPENSATION_FAILURE","3","2","CP-CHN-000034-STEP-02","State before reserve_inventory in Navalur","Expected valid reserve_inventory","Committed reserve_inventory","NONE","FORWARD_EXECUTION","false","PASSED","COMMITTED","2026-10-04T00:46:57.112Z","2026-10-05T04:33:03.112Z"
"REC-CHN-000034-03","WF-CHN-ECOMMERCE_ORDER-000034","ecommerce_order","Chennai","Navalur","CUS-CHN-000034","Nithya Kumar","+91-90000-00034","customer000034@example.test","BUS-CHN-0035","Coromandel Provisions (SYNTHETIC DEMO ENTITY)","AGT-CHN-ECO-01","STEP-03","3","5","payment_service","charge_card","refund_payment","true","true","false","STEP-02","WF-CHN-ECOMMERCE_ORDER-000034-STEP-03-charge_card","FAILED","COMPENSATION_FAILURE","3","2","CP-CHN-000034-STEP-03","State before charge_card in Navalur","Expected valid charge_card","Committed charge_card","NONE","FORWARD_EXECUTION","false","PASSED","COMMITTED","2026-10-04T00:46:57.112Z","2026-10-05T04:33:03.112Z"
"REC-CHN-000034-04","WF-CHN-ECOMMERCE_ORDER-000034","ecommerce_order","Chennai","Navalur","CUS-CHN-000034","Nithya Kumar","+91-90000-00034","customer000034@example.test","BUS-CHN-0035","Coromandel Provisions (SYNTHETIC DEMO ENTITY)","AGT-CHN-ECO-01","STEP-04","4","5","shipment_service","create_shipment","cancel_shipment","true","true","false","STEP-03","WF-CHN-ECOMMERCE_ORDER-000034-STEP-04-create_shipment","SKIPPED_DUE_TO_PREVIOUS_FAILURE","COMPENSATION_FAILURE","3","2","CP-CHN-000034-STEP-04","State before create_shipment in Navalur","Expected valid create_shipment","Committed create_shipment","COMPENSATED","SAGA_REVERSE_COMPENSATION","false","PASSED","RESTORED","2026-10-04T00:46:57.112Z","2026-10-05T04:33:03.112Z"
"REC-CHN-000034-05","WF-CHN-ECOMMERCE_ORDER-000034","ecommerce_order","Chennai","Navalur","CUS-CHN-000034","Nithya Kumar","+91-90000-00034","customer000034@example.test","BUS-CHN-0035","Coromandel Provisions (SYNTHETIC DEMO ENTITY)","AGT-CHN-ECO-01","STEP-05","5","5","notification_service","email_customer",,"false","true","true","STEP-04","WF-CHN-ECOMMERCE_ORDER-000034-STEP-05-email_customer","SKIPPED_DUE_TO_PREVIOUS_FAILURE","COMPENSATION_FAILURE","3","2","CP-CHN-000034-STEP-05","State before email_customer in Navalur","Expected valid email_customer","Committed email_customer","SKIPPED","SAGA_REVERSE_COMPENSATION","false","PASSED","RESTORED","2026-10-04T00:46:57.112Z","2026-10-05T04:33:03.112Z"
"REC-CHN-000035-01","WF-CHN-CUSTOMER_SUPPORT-000035","customer_support","Chennai","Siruseri","CUS-CHN-000035","Rahul Varma","+91-90000-00035","customer000035@example.test","BUS-CHN-0036","Southern Tech Helpdesk (SYNTHETIC DEMO ENTITY)","AGT-CHN-CUS-01","STEP-01","1","5","crm_service","create_ticket","close_ticket","true","true","false","NONE","WF-CHN-CUSTOMER_SUPPORT-000035-STEP-01-create_ticket","COMPLETED","IRREVERSIBLE_ACTION","4","3","CP-CHN-000035-STEP-01","State before create_ticket in Siruseri","Expected valid create_ticket","Committed create_ticket","NONE","FORWARD_EXECUTION","false","PASSED","COMMITTED","2026-10-04T00:46:58.112Z","2026-10-05T04:33:03.112Z"
"REC-CHN-000035-02","WF-CHN-CUSTOMER_SUPPORT-000035","customer_support","Chennai","Siruseri","CUS-CHN-000035","Rahul Varma","+91-90000-00035","customer000035@example.test","BUS-CHN-0036","Southern Tech Helpdesk (SYNTHETIC DEMO ENTITY)","AGT-CHN-CUS-01","STEP-02","2","5","routing_service","assign_agent","unassign_agent","true","true","false","STEP-01","WF-CHN-CUSTOMER_SUPPORT-000035-STEP-02-assign_agent","COMPLETED","IRREVERSIBLE_ACTION","4","3","CP-CHN-000035-STEP-02","State before assign_agent in Siruseri","Expected valid assign_agent","Committed assign_agent","NONE","FORWARD_EXECUTION","false","PASSED","COMMITTED","2026-10-04T00:46:58.112Z","2026-10-05T04:33:03.112Z"
"REC-CHN-000035-03","WF-CHN-CUSTOMER_SUPPORT-000035","customer_support","Chennai","Siruseri","CUS-CHN-000035","Rahul Varma","+91-90000-00035","customer000035@example.test","BUS-CHN-0036","Southern Tech Helpdesk (SYNTHETIC DEMO ENTITY)","AGT-CHN-CUS-01","STEP-03","3","5","customer_record_service","update_customer_record","restore_customer_record","true","true","false","STEP-02","WF-CHN-CUSTOMER_SUPPORT-000035-STEP-03-update_customer_record","COMPLETED","IRREVERSIBLE_ACTION","4","3","CP-CHN-000035-STEP-03","State before update_customer_record in Siruseri","Expected valid update_customer_record","Committed update_customer_record","NONE","FORWARD_EXECUTION","false","PASSED","COMMITTED","2026-10-04T00:46:58.112Z","2026-10-05T04:33:03.112Z"
"REC-CHN-000035-04","WF-CHN-CUSTOMER_SUPPORT-000035","customer_support","Chennai","Siruseri","CUS-CHN-000035","Rahul Varma","+91-90000-00035","customer000035@example.test","BUS-CHN-0036","Southern Tech Helpdesk (SYNTHETIC DEMO ENTITY)","AGT-CHN-CUS-01","STEP-04","4","5","resolution_service","create_resolution","revert_resolution","true","true","false","STEP-03","WF-CHN-CUSTOMER_SUPPORT-000035-STEP-04-create_resolution","COMPLETED","IRREVERSIBLE_ACTION","4","3","CP-CHN-000035-STEP-04","State before create_resolution in Siruseri","Expected valid create_resolution","Committed create_resolution","NONE","FORWARD_EXECUTION","false","PASSED","COMMITTED","2026-10-04T00:46:58.112Z","2026-10-05T04:33:03.112Z"
"REC-CHN-000035-05","WF-CHN-CUSTOMER_SUPPORT-000035","customer_support","Chennai","Siruseri","CUS-CHN-000035","Rahul Varma","+91-90000-00035","customer000035@example.test","BUS-CHN-0036","Southern Tech Helpdesk (SYNTHETIC DEMO ENTITY)","AGT-CHN-CUS-01","STEP-05","5","5","notification_service","email_customer",,"false","true","true","STEP-04","WF-CHN-CUSTOMER_SUPPORT-000035-STEP-05-email_customer","COMPLETED","IRREVERSIBLE_ACTION","4","3","CP-CHN-000035-STEP-05","State before email_customer in Siruseri","Expected valid email_customer","Committed email_customer","NONE","FORWARD_EXECUTION","false","PASSED","COMMITTED","2026-10-04T00:46:58.112Z","2026-10-05T04:33:03.112Z"
"REC-CHN-000036-01","WF-CHN-RESTAURANT_RESERVATION-000036","restaurant_reservation","Chennai","Kelambakkam","CUS-CHN-000036","Meena Raj","+91-90000-00036","customer000036@example.test","BUS-CHN-0037","Adyar Table Bistro (SYNTHETIC DEMO ENTITY)","AGT-CHN-RES-01","STEP-01","1","5","dining_search","find_restaurant",,"false","true","false","NONE","WF-CHN-RESTAURANT_RESERVATION-000036-STEP-01-find_restaurant","COMPLETED","APPROVAL_REQUIRED","1","1","CP-CHN-000036-STEP-01","State before find_restaurant in Kelambakkam","Expected valid find_restaurant","Committed find_restaurant","NONE","FORWARD_EXECUTION","false","PASSED","COMMITTED","2026-10-04T00:46:59.112Z","2026-10-05T04:33:03.112Z"
"REC-CHN-000036-02","WF-CHN-RESTAURANT_RESERVATION-000036","restaurant_reservation","Chennai","Kelambakkam","CUS-CHN-000036","Meena Raj","+91-90000-00036","customer000036@example.test","BUS-CHN-0037","Adyar Table Bistro (SYNTHETIC DEMO ENTITY)","AGT-CHN-RES-01","STEP-02","2","5","table_booking","reserve_table","release_table","true","true","false","STEP-01","WF-CHN-RESTAURANT_RESERVATION-000036-STEP-02-reserve_table","COMPLETED","APPROVAL_REQUIRED","1","1","CP-CHN-000036-STEP-02","State before reserve_table in Kelambakkam","Expected valid reserve_table","Committed reserve_table","NONE","FORWARD_EXECUTION","false","PASSED","COMMITTED","2026-10-04T00:46:59.112Z","2026-10-05T04:33:03.112Z"
"REC-CHN-000036-03","WF-CHN-RESTAURANT_RESERVATION-000036","restaurant_reservation","Chennai","Kelambakkam","CUS-CHN-000036","Meena Raj","+91-90000-00036","customer000036@example.test","BUS-CHN-0037","Adyar Table Bistro (SYNTHETIC DEMO ENTITY)","AGT-CHN-RES-01","STEP-03","3","5","deposit_service","charge_deposit","refund_deposit","true","true","false","STEP-02","WF-CHN-RESTAURANT_RESERVATION-000036-STEP-03-charge_deposit","COMPLETED","APPROVAL_REQUIRED","1","1","CP-CHN-000036-STEP-03","State before charge_deposit in Kelambakkam","Expected valid charge_deposit","Committed charge_deposit","NONE","FORWARD_EXECUTION","false","PASSED","COMMITTED","2026-10-04T00:46:59.112Z","2026-10-05T04:33:03.112Z"
"REC-CHN-000036-04","WF-CHN-RESTAURANT_RESERVATION-000036","restaurant_reservation","Chennai","Kelambakkam","CUS-CHN-000036","Meena Raj","+91-90000-00036","customer000036@example.test","BUS-CHN-0037","Adyar Table Bistro (SYNTHETIC DEMO ENTITY)","AGT-CHN-RES-01","STEP-04","4","5","reservation_service","create_reservation","cancel_reservation","true","true","false","STEP-03","WF-CHN-RESTAURANT_RESERVATION-000036-STEP-04-create_reservation","COMPLETED","APPROVAL_REQUIRED","1","1","CP-CHN-000036-STEP-04","State before create_reservation in Kelambakkam","Expected valid create_reservation","Committed create_reservation","NONE","FORWARD_EXECUTION","false","PASSED","COMMITTED","2026-10-04T00:46:59.112Z","2026-10-05T04:33:03.112Z"
"REC-CHN-000036-05","WF-CHN-RESTAURANT_RESERVATION-000036","restaurant_reservation","Chennai","Kelambakkam","CUS-CHN-000036","Meena Raj","+91-90000-00036","customer000036@example.test","BUS-CHN-0037","Adyar Table Bistro (SYNTHETIC DEMO ENTITY)","AGT-CHN-RES-01","STEP-05","5","5","messaging_service","send_confirmation",,"false","true","true","STEP-04","WF-CHN-RESTAURANT_RESERVATION-000036-STEP-05-send_confirmation","COMPLETED","APPROVAL_REQUIRED","1","1","CP-CHN-000036-STEP-05","State before send_confirmation in Kelambakkam","Expected valid send_confirmation","Committed send_confirmation","NONE","FORWARD_EXECUTION","false","PASSED","COMMITTED","2026-10-04T00:46:59.112Z","2026-10-05T04:33:03.112Z"
"REC-CHN-000037-01","WF-CHN-CAB_BOOKING-000037","cab_booking","Chennai","T. Nagar","CUS-CHN-000037","Karthik Sundaram","+91-90000-00037","customer000037@example.test","BUS-CHN-0038","Coromandel Cabs (SYNTHETIC DEMO ENTITY)","AGT-CHN-CAB-01","STEP-01","1","5","ride_dispatcher","request_ride",,"false","true","false","NONE","WF-CHN-CAB_BOOKING-000037-STEP-01-request_ride","COMPLETED","NORMAL","2","2","CP-CHN-000037-STEP-01","State before request_ride in T. Nagar","Expected valid request_ride","Committed request_ride","COMMITTED_IRREVERSIBLE","NONE_REQUIRED","false","PASSED","RESTORED_OR_COMMITTED","2026-10-04T00:47:00.112Z","2026-10-05T04:33:03.112Z"
"REC-CHN-000037-02","WF-CHN-CAB_BOOKING-000037","cab_booking","Chennai","T. Nagar","CUS-CHN-000037","Karthik Sundaram","+91-90000-00037","customer000037@example.test","BUS-CHN-0038","Coromandel Cabs (SYNTHETIC DEMO ENTITY)","AGT-CHN-CAB-01","STEP-02","2","5","driver_assignment","assign_driver","release_driver","true","true","false","STEP-01","WF-CHN-CAB_BOOKING-000037-STEP-02-assign_driver","COMPLETED","NORMAL","2","2","CP-CHN-000037-STEP-02","State before assign_driver in T. Nagar","Expected valid assign_driver","Committed assign_driver","STANDBY_REVERSIBLE","NONE_REQUIRED","false","PASSED","RESTORED_OR_COMMITTED","2026-10-04T00:47:00.112Z","2026-10-05T04:33:03.112Z"
"REC-CHN-000037-03","WF-CHN-CAB_BOOKING-000037","cab_booking","Chennai","T. Nagar","CUS-CHN-000037","Karthik Sundaram","+91-90000-00037","customer000037@example.test","BUS-CHN-0038","Coromandel Cabs (SYNTHETIC DEMO ENTITY)","AGT-CHN-CAB-01","STEP-03","3","5","trip_service","confirm_ride","cancel_ride","true","true","false","STEP-02","WF-CHN-CAB_BOOKING-000037-STEP-03-confirm_ride","COMPLETED","NORMAL","2","2","CP-CHN-000037-STEP-03","State before confirm_ride in T. Nagar","Expected valid confirm_ride","Committed confirm_ride","STANDBY_REVERSIBLE","NONE_REQUIRED","false","PASSED","RESTORED_OR_COMMITTED","2026-10-04T00:47:00.112Z","2026-10-05T04:33:03.112Z"
"REC-CHN-000037-04","WF-CHN-CAB_BOOKING-000037","cab_booking","Chennai","T. Nagar","CUS-CHN-000037","Karthik Sundaram","+91-90000-00037","customer000037@example.test","BUS-CHN-0038","Coromandel Cabs (SYNTHETIC DEMO ENTITY)","AGT-CHN-CAB-01","STEP-04","4","5","fare_service","charge_payment","refund_payment","true","true","false","STEP-03","WF-CHN-CAB_BOOKING-000037-STEP-04-charge_payment","COMPLETED","NORMAL","2","2","CP-CHN-000037-STEP-04","State before charge_payment in T. Nagar","Expected valid charge_payment","Committed charge_payment","STANDBY_REVERSIBLE","NONE_REQUIRED","false","PASSED","RESTORED_OR_COMMITTED","2026-10-04T00:47:00.112Z","2026-10-05T04:33:03.112Z"
"REC-CHN-000037-05","WF-CHN-CAB_BOOKING-000037","cab_booking","Chennai","T. Nagar","CUS-CHN-000037","Karthik Sundaram","+91-90000-00037","customer000037@example.test","BUS-CHN-0038","Coromandel Cabs (SYNTHETIC DEMO ENTITY)","AGT-CHN-CAB-01","STEP-05","5","5","comm_service","send_confirmation",,"false","true","true","STEP-04","WF-CHN-CAB_BOOKING-000037-STEP-05-send_confirmation","COMPLETED","NORMAL","2","2","CP-CHN-000037-STEP-05","State before send_confirmation in T. Nagar","Expected valid send_confirmation","Committed send_confirmation","COMMITTED_IRREVERSIBLE","NONE_REQUIRED","false","PASSED","RESTORED_OR_COMMITTED","2026-10-04T00:47:00.112Z","2026-10-05T04:33:03.112Z"
"REC-CHN-000038-01","WF-CHN-EVENT_REGISTRATION-000038","event_registration","Chennai","Nungambakkam","CUS-CHN-000038","Ananya Balaji","+91-90000-00038","customer000038@example.test","BUS-CHN-0039","Marina Hackathon Expo (SYNTHETIC DEMO ENTITY)","AGT-CHN-EVE-01","STEP-01","1","5","event_service","register_participant","cancel_registration","true","true","false","NONE","WF-CHN-EVENT_REGISTRATION-000038-STEP-01-register_participant","COMPLETED","STEP_FAILURE","3","3","CP-CHN-000038-STEP-01","State before register_participant in Nungambakkam","Expected valid register_participant","Originally completed, then reversed during recovery","COMPENSATED","REVERSE_COMPENSATE_STEP","false","PASSED","RESTORED","2026-10-04T00:47:01.112Z","2026-10-05T04:33:03.112Z"
"REC-CHN-000038-02","WF-CHN-EVENT_REGISTRATION-000038","event_registration","Chennai","Nungambakkam","CUS-CHN-000038","Ananya Balaji","+91-90000-00038","customer000038@example.test","BUS-CHN-0039","Marina Hackathon Expo (SYNTHETIC DEMO ENTITY)","AGT-CHN-EVE-01","STEP-02","2","5","seating_service","reserve_seat","release_seat","true","true","false","STEP-01","WF-CHN-EVENT_REGISTRATION-000038-STEP-02-reserve_seat","COMPLETED","STEP_FAILURE","3","3","CP-CHN-000038-STEP-02","State before reserve_seat in Nungambakkam","Expected valid reserve_seat","Originally completed, then reversed during recovery","COMPENSATED","REVERSE_COMPENSATE_STEP","false","PASSED","RESTORED","2026-10-04T00:47:01.112Z","2026-10-05T04:33:03.112Z"
"REC-CHN-000038-03","WF-CHN-EVENT_REGISTRATION-000038","event_registration","Chennai","Nungambakkam","CUS-CHN-000038","Ananya Balaji","+91-90000-00038","customer000038@example.test","BUS-CHN-0039","Marina Hackathon Expo (SYNTHETIC DEMO ENTITY)","AGT-CHN-EVE-01","STEP-03","3","5","payment_gateway","process_payment","refund_payment","true","true","false","STEP-02","WF-CHN-EVENT_REGISTRATION-000038-STEP-03-process_payment","FAILED","STEP_FAILURE","3","3","CP-CHN-000038-STEP-03","State before process_payment in Nungambakkam","Expected valid process_payment","Failed at process_payment: STEP_FAILURE","TRIGGERING_RECOVERY","SAGA_REVERSE_COMPENSATION","false","FAILED_AT_STEP","RESTORED","2026-10-04T00:47:01.112Z","2026-10-05T04:33:03.112Z"
"REC-CHN-000038-04","WF-CHN-EVENT_REGISTRATION-000038","event_registration","Chennai","Nungambakkam","CUS-CHN-000038","Ananya Balaji","+91-90000-00038","customer000038@example.test","BUS-CHN-0039","Marina Hackathon Expo (SYNTHETIC DEMO ENTITY)","AGT-CHN-EVE-01","STEP-04","4","5","ticket_generator","generate_ticket","invalidate_ticket","true","true","false","STEP-03","WF-CHN-EVENT_REGISTRATION-000038-STEP-04-generate_ticket","SKIPPED_DUE_TO_PREVIOUS_FAILURE","STEP_FAILURE","3","3","CP-CHN-000038-STEP-04","State before generate_ticket in Nungambakkam","Expected valid generate_ticket","Committed generate_ticket","COMPENSATED","SAGA_REVERSE_COMPENSATION","false","PASSED","RESTORED","2026-10-04T00:47:01.112Z","2026-10-05T04:33:03.112Z"
"REC-CHN-000038-05","WF-CHN-EVENT_REGISTRATION-000038","event_registration","Chennai","Nungambakkam","CUS-CHN-000038","Ananya Balaji","+91-90000-00038","customer000038@example.test","BUS-CHN-0039","Marina Hackathon Expo (SYNTHETIC DEMO ENTITY)","AGT-CHN-EVE-01","STEP-05","5","5","email_dispatcher","email_ticket",,"false","true","true","STEP-04","WF-CHN-EVENT_REGISTRATION-000038-STEP-05-email_ticket","SKIPPED_DUE_TO_PREVIOUS_FAILURE","STEP_FAILURE","3","3","CP-CHN-000038-STEP-05","State before email_ticket in Nungambakkam","Expected valid email_ticket","Committed email_ticket","SKIPPED","SAGA_REVERSE_COMPENSATION","false","PASSED","RESTORED","2026-10-04T00:47:01.112Z","2026-10-05T04:33:03.112Z"
"REC-CHN-000039-01","WF-CHN-DELIVERY-000039","delivery","Chennai","Anna Nagar","CUS-CHN-000039","Vignesh Natarajan","+91-90000-00039","customer000039@example.test","BUS-CHN-0040","Southern Parcel Dispatch (SYNTHETIC DEMO ENTITY)","AGT-CHN-DEL-01","STEP-01","1","5","dispatch_engine","create_delivery","cancel_delivery","true","true","false","NONE","WF-CHN-DELIVERY-000039-STEP-01-create_delivery","COMPLETED","TOOL_FAILURE","4","1","CP-CHN-000039-STEP-01","State before create_delivery in Anna Nagar","Expected valid create_delivery","Originally completed, then reversed during recovery","COMPENSATED","REVERSE_COMPENSATE_STEP","false","PASSED","RESTORED","2026-10-04T00:47:02.112Z","2026-10-05T04:33:03.112Z"
"REC-CHN-000039-02","WF-CHN-DELIVERY-000039","delivery","Chennai","Anna Nagar","CUS-CHN-000039","Vignesh Natarajan","+91-90000-00039","customer000039@example.test","BUS-CHN-0040","Southern Parcel Dispatch (SYNTHETIC DEMO ENTITY)","AGT-CHN-DEL-01","STEP-02","2","5","courier_service","assign_driver","unassign_driver","true","true","false","STEP-01","WF-CHN-DELIVERY-000039-STEP-02-assign_driver","COMPLETED","TOOL_FAILURE","4","1","CP-CHN-000039-STEP-02","State before assign_driver in Anna Nagar","Expected valid assign_driver","Originally completed, then reversed during recovery","COMPENSATED","REVERSE_COMPENSATE_STEP","false","PASSED","RESTORED","2026-10-04T00:47:02.112Z","2026-10-05T04:33:03.112Z"
"REC-CHN-000039-03","WF-CHN-DELIVERY-000039","delivery","Chennai","Anna Nagar","CUS-CHN-000039","Vignesh Natarajan","+91-90000-00039","customer000039@example.test","BUS-CHN-0040","Southern Parcel Dispatch (SYNTHETIC DEMO ENTITY)","AGT-CHN-DEL-01","STEP-03","3","5","fleet_service","reserve_vehicle","release_vehicle","true","true","false","STEP-02","WF-CHN-DELIVERY-000039-STEP-03-reserve_vehicle","COMPLETED","TOOL_FAILURE","4","1","CP-CHN-000039-STEP-03","State before reserve_vehicle in Anna Nagar","Expected valid reserve_vehicle","Originally completed, then reversed during recovery","COMPENSATED","REVERSE_COMPENSATE_STEP","false","PASSED","RESTORED","2026-10-04T00:47:02.112Z","2026-10-05T04:33:03.112Z"
"REC-CHN-000039-04","WF-CHN-DELIVERY-000039","delivery","Chennai","Anna Nagar","CUS-CHN-000039","Vignesh Natarajan","+91-90000-00039","customer000039@example.test","BUS-CHN-0040","Southern Parcel Dispatch (SYNTHETIC DEMO ENTITY)","AGT-CHN-DEL-01","STEP-04","4","5","sorting_service","dispatch_package","recall_dispatch","true","true","false","STEP-03","WF-CHN-DELIVERY-000039-STEP-04-dispatch_package","FAILED","TOOL_FAILURE","4","1","CP-CHN-000039-STEP-04","State before dispatch_package in Anna Nagar","Expected valid dispatch_package","Failed at dispatch_package: TOOL_FAILURE","TRIGGERING_RECOVERY","SAGA_REVERSE_COMPENSATION","false","FAILED_AT_STEP","RESTORED","2026-10-04T00:47:02.112Z","2026-10-05T04:33:03.112Z"
"REC-CHN-000039-05","WF-CHN-DELIVERY-000039","delivery","Chennai","Anna Nagar","CUS-CHN-000039","Vignesh Natarajan","+91-90000-00039","customer000039@example.test","BUS-CHN-0040","Southern Parcel Dispatch (SYNTHETIC DEMO ENTITY)","AGT-CHN-DEL-01","STEP-05","5","5","alert_service","notify_customer",,"false","true","true","STEP-04","WF-CHN-DELIVERY-000039-STEP-05-notify_customer","SKIPPED_DUE_TO_PREVIOUS_FAILURE","TOOL_FAILURE","4","1","CP-CHN-000039-STEP-05","State before notify_customer in Anna Nagar","Expected valid notify_customer","Committed notify_customer","SKIPPED","SAGA_REVERSE_COMPENSATION","false","PASSED","RESTORED","2026-10-04T00:47:02.112Z","2026-10-05T04:33:03.112Z"
"REC-CHN-000040-01","WF-CHN-APPOINTMENT_BOOKING-000040","appointment_booking","Chennai","Adyar","CUS-CHN-000040","Deepa Venkat","+91-90000-00040","customer000040@example.test","BUS-CHN-0041","Apollo Health Hub Chennai (SYNTHETIC DEMO ENTITY)","AGT-CHN-APP-01","STEP-01","1","5","clinic_calendar","find_slot",,"false","true","false","NONE","WF-CHN-APPOINTMENT_BOOKING-000040-STEP-01-find_slot","FAILED","TIMEOUT","1","2","CP-CHN-000040-STEP-01","State before find_slot in Adyar","Expected valid find_slot","Failed at find_slot: TIMEOUT","TRIGGERING_RECOVERY","SAGA_REVERSE_COMPENSATION","false","FAILED_AT_STEP","RESTORED","2026-10-04T00:47:03.112Z","2026-10-05T04:33:03.112Z"
"REC-CHN-000040-02","WF-CHN-APPOINTMENT_BOOKING-000040","appointment_booking","Chennai","Adyar","CUS-CHN-000040","Deepa Venkat","+91-90000-00040","customer000040@example.test","BUS-CHN-0041","Apollo Health Hub Chennai (SYNTHETIC DEMO ENTITY)","AGT-CHN-APP-01","STEP-02","2","5","slot_manager","reserve_slot","release_slot","true","true","false","STEP-01","WF-CHN-APPOINTMENT_BOOKING-000040-STEP-02-reserve_slot","SKIPPED_DUE_TO_PREVIOUS_FAILURE","TIMEOUT","1","2","CP-CHN-000040-STEP-02","State before reserve_slot in Adyar","Expected valid reserve_slot","Committed reserve_slot","COMPENSATED","SAGA_REVERSE_COMPENSATION","false","PASSED","RESTORED","2026-10-04T00:47:03.112Z","2026-10-05T04:33:03.112Z"
"REC-CHN-000040-03","WF-CHN-APPOINTMENT_BOOKING-000040","appointment_booking","Chennai","Adyar","CUS-CHN-000040","Deepa Venkat","+91-90000-00040","customer000040@example.test","BUS-CHN-0041","Apollo Health Hub Chennai (SYNTHETIC DEMO ENTITY)","AGT-CHN-APP-01","STEP-03","3","5","billing_service","process_payment","refund_payment","true","true","false","STEP-02","WF-CHN-APPOINTMENT_BOOKING-000040-STEP-03-process_payment","SKIPPED_DUE_TO_PREVIOUS_FAILURE","TIMEOUT","1","2","CP-CHN-000040-STEP-03","State before process_payment in Adyar","Expected valid process_payment","Committed process_payment","COMPENSATED","SAGA_REVERSE_COMPENSATION","false","PASSED","RESTORED","2026-10-04T00:47:03.112Z","2026-10-05T04:33:03.112Z"
"REC-CHN-000040-04","WF-CHN-APPOINTMENT_BOOKING-000040","appointment_booking","Chennai","Adyar","CUS-CHN-000040","Deepa Venkat","+91-90000-00040","customer000040@example.test","BUS-CHN-0041","Apollo Health Hub Chennai (SYNTHETIC DEMO ENTITY)","AGT-CHN-APP-01","STEP-04","4","5","emr_service","create_appointment","cancel_appointment","true","true","false","STEP-03","WF-CHN-APPOINTMENT_BOOKING-000040-STEP-04-create_appointment","SKIPPED_DUE_TO_PREVIOUS_FAILURE","TIMEOUT","1","2","CP-CHN-000040-STEP-04","State before create_appointment in Adyar","Expected valid create_appointment","Committed create_appointment","COMPENSATED","SAGA_REVERSE_COMPENSATION","false","PASSED","RESTORED","2026-10-04T00:47:03.112Z","2026-10-05T04:33:03.112Z"
"REC-CHN-000040-05","WF-CHN-APPOINTMENT_BOOKING-000040","appointment_booking","Chennai","Adyar","CUS-CHN-000040","Deepa Venkat","+91-90000-00040","customer000040@example.test","BUS-CHN-0041","Apollo Health Hub Chennai (SYNTHETIC DEMO ENTITY)","AGT-CHN-APP-01","STEP-05","5","5","sms_service","send_confirmation",,"false","true","true","STEP-04","WF-CHN-APPOINTMENT_BOOKING-000040-STEP-05-send_confirmation","SKIPPED_DUE_TO_PREVIOUS_FAILURE","TIMEOUT","1","2","CP-CHN-000040-STEP-05","State before send_confirmation in Adyar","Expected valid send_confirmation","Committed send_confirmation","SKIPPED","SAGA_REVERSE_COMPENSATION","false","PASSED","RESTORED","2026-10-04T00:47:03.112Z","2026-10-05T04:33:03.112Z"
"REC-CHN-000041-01","WF-CHN-HOTEL_BOOKING-000041","hotel_booking","Chennai","Mylapore","CUS-CHN-000041","Suresh Ranganathan","+91-90000-00041","customer000041@example.test","BUS-CHN-0042","Marina Comfort Suites (SYNTHETIC DEMO ENTITY)","AGT-CHN-HOT-01","STEP-01","1","5","hotel_search","search_hotel",,"false","true","false","NONE","WF-CHN-HOTEL_BOOKING-000041-STEP-01-search_hotel","COMPLETED","NETWORK_FAILURE","2","3","CP-CHN-000041-STEP-01","State before search_hotel in Mylapore","Expected valid search_hotel","Originally completed, then reversed during recovery","NOT_APPLICABLE","REVERSE_COMPENSATE_STEP","false","PASSED","RESTORED","2026-10-04T00:47:04.112Z","2026-10-05T04:33:03.112Z"
"REC-CHN-000041-02","WF-CHN-HOTEL_BOOKING-000041","hotel_booking","Chennai","Mylapore","CUS-CHN-000041","Suresh Ranganathan","+91-90000-00041","customer000041@example.test","BUS-CHN-0042","Marina Comfort Suites (SYNTHETIC DEMO ENTITY)","AGT-CHN-HOT-01","STEP-02","2","5","room_selection","select_room",,"false","true","false","STEP-01","WF-CHN-HOTEL_BOOKING-000041-STEP-02-select_room","FAILED","NETWORK_FAILURE","2","3","CP-CHN-000041-STEP-02","State before select_room in Mylapore","Expected valid select_room","Failed at select_room: NETWORK_FAILURE","TRIGGERING_RECOVERY","SAGA_REVERSE_COMPENSATION","false","FAILED_AT_STEP","RESTORED","2026-10-04T00:47:04.112Z","2026-10-05T04:33:03.112Z"
"REC-CHN-000041-03","WF-CHN-HOTEL_BOOKING-000041","hotel_booking","Chennai","Mylapore","CUS-CHN-000041","Suresh Ranganathan","+91-90000-00041","customer000041@example.test","BUS-CHN-0042","Marina Comfort Suites (SYNTHETIC DEMO ENTITY)","AGT-CHN-HOT-01","STEP-03","3","5","room_booking","book_room","cancel_booking","true","true","false","STEP-02","WF-CHN-HOTEL_BOOKING-000041-STEP-03-book_room","SKIPPED_DUE_TO_PREVIOUS_FAILURE","NETWORK_FAILURE","2","3","CP-CHN-000041-STEP-03","State before book_room in Mylapore","Expected valid book_room","Committed book_room","COMPENSATED","SAGA_REVERSE_COMPENSATION","false","PASSED","RESTORED","2026-10-04T00:47:04.112Z","2026-10-05T04:33:03.112Z"
"REC-CHN-000041-04","WF-CHN-HOTEL_BOOKING-000041","hotel_booking","Chennai","Mylapore","CUS-CHN-000041","Suresh Ranganathan","+91-90000-00041","customer000041@example.test","BUS-CHN-0042","Marina Comfort Suites (SYNTHETIC DEMO ENTITY)","AGT-CHN-HOT-01","STEP-04","4","5","payment_processor","charge_card","refund_payment","true","true","false","STEP-03","WF-CHN-HOTEL_BOOKING-000041-STEP-04-charge_card","SKIPPED_DUE_TO_PREVIOUS_FAILURE","NETWORK_FAILURE","2","3","CP-CHN-000041-STEP-04","State before charge_card in Mylapore","Expected valid charge_card","Committed charge_card","COMPENSATED","SAGA_REVERSE_COMPENSATION","false","PASSED","RESTORED","2026-10-04T00:47:04.112Z","2026-10-05T04:33:03.112Z"
"REC-CHN-000041-05","WF-CHN-HOTEL_BOOKING-000041","hotel_booking","Chennai","Mylapore","CUS-CHN-000041","Suresh Ranganathan","+91-90000-00041","customer000041@example.test","BUS-CHN-0042","Marina Comfort Suites (SYNTHETIC DEMO ENTITY)","AGT-CHN-HOT-01","STEP-05","5","5","email_service","email_customer",,"false","true","true","STEP-04","WF-CHN-HOTEL_BOOKING-000041-STEP-05-email_customer","SKIPPED_DUE_TO_PREVIOUS_FAILURE","NETWORK_FAILURE","2","3","CP-CHN-000041-STEP-05","State before email_customer in Mylapore","Expected valid email_customer","Committed email_customer","SKIPPED","SAGA_REVERSE_COMPENSATION","false","PASSED","RESTORED","2026-10-04T00:47:04.112Z","2026-10-05T04:33:03.112Z"
"REC-CHN-000042-01","WF-CHN-ECOMMERCE_ORDER-000042","ecommerce_order","Chennai","Velachery","CUS-CHN-000042","Lavanya Sridhar","+91-90000-00042","customer000042@example.test","BUS-CHN-0043","OMR SuperStore Online (SYNTHETIC DEMO ENTITY)","AGT-CHN-ECO-01","STEP-01","1","5","order_service","create_order","cancel_order","true","true","false","NONE","WF-CHN-ECOMMERCE_ORDER-000042-STEP-01-create_order","COMPLETED","DUPLICATE_REQUEST","3","1","CP-CHN-000042-STEP-01","State before create_order in Velachery","Expected valid create_order","Committed create_order","NONE","FORWARD_EXECUTION","false","PASSED","COMMITTED","2026-10-04T00:47:05.112Z","2026-10-05T04:33:03.112Z"
"REC-CHN-000042-02","WF-CHN-ECOMMERCE_ORDER-000042","ecommerce_order","Chennai","Velachery","CUS-CHN-000042","Lavanya Sridhar","+91-90000-00042","customer000042@example.test","BUS-CHN-0043","OMR SuperStore Online (SYNTHETIC DEMO ENTITY)","AGT-CHN-ECO-01","STEP-02","2","5","inventory_service","reserve_inventory","release_inventory","true","true","false","STEP-01","WF-CHN-ECOMMERCE_ORDER-000042-STEP-02-reserve_inventory","COMPLETED","DUPLICATE_REQUEST","3","1","CP-CHN-000042-STEP-02","State before reserve_inventory in Velachery","Expected valid reserve_inventory","Duplicate request detected via idempotency key: WF-CHN-ECOMMERCE_ORDER-000042-STEP-02-reserve_inventory. Returned cached response with 0 side effects.","NONE","IDEMPOTENCY_GUARD_PREVENT_DUPLICATE","false","PASSED","RESTORED_OR_COMMITTED","2026-10-04T00:47:05.112Z","2026-10-05T04:33:03.112Z"
"REC-CHN-000042-03","WF-CHN-ECOMMERCE_ORDER-000042","ecommerce_order","Chennai","Velachery","CUS-CHN-000042","Lavanya Sridhar","+91-90000-00042","customer000042@example.test","BUS-CHN-0043","OMR SuperStore Online (SYNTHETIC DEMO ENTITY)","AGT-CHN-ECO-01","STEP-03","3","5","payment_service","charge_card","refund_payment","true","true","false","STEP-02","WF-CHN-ECOMMERCE_ORDER-000042-STEP-03-charge_card","COMPLETED","DUPLICATE_REQUEST","3","1","CP-CHN-000042-STEP-03","State before charge_card in Velachery","Expected valid charge_card","Committed charge_card","NONE","FORWARD_EXECUTION","false","PASSED","COMMITTED","2026-10-04T00:47:05.112Z","2026-10-05T04:33:03.112Z"
"REC-CHN-000042-04","WF-CHN-ECOMMERCE_ORDER-000042","ecommerce_order","Chennai","Velachery","CUS-CHN-000042","Lavanya Sridhar","+91-90000-00042","customer000042@example.test","BUS-CHN-0043","OMR SuperStore Online (SYNTHETIC DEMO ENTITY)","AGT-CHN-ECO-01","STEP-04","4","5","shipment_service","create_shipment","cancel_shipment","true","true","false","STEP-03","WF-CHN-ECOMMERCE_ORDER-000042-STEP-04-create_shipment","COMPLETED","DUPLICATE_REQUEST","3","1","CP-CHN-000042-STEP-04","State before create_shipment in Velachery","Expected valid create_shipment","Committed create_shipment","NONE","FORWARD_EXECUTION","false","PASSED","COMMITTED","2026-10-04T00:47:05.112Z","2026-10-05T04:33:03.112Z"
"REC-CHN-000042-05","WF-CHN-ECOMMERCE_ORDER-000042","ecommerce_order","Chennai","Velachery","CUS-CHN-000042","Lavanya Sridhar","+91-90000-00042","customer000042@example.test","BUS-CHN-0043","OMR SuperStore Online (SYNTHETIC DEMO ENTITY)","AGT-CHN-ECO-01","STEP-05","5","5","notification_service","email_customer",,"false","true","true","STEP-04","WF-CHN-ECOMMERCE_ORDER-000042-STEP-05-email_customer","COMPLETED","DUPLICATE_REQUEST","3","1","CP-CHN-000042-STEP-05","State before email_customer in Velachery","Expected valid email_customer","Committed email_customer","NONE","FORWARD_EXECUTION","false","PASSED","COMMITTED","2026-10-04T00:47:05.112Z","2026-10-05T04:33:03.112Z"
"REC-CHN-000043-01","WF-CHN-CUSTOMER_SUPPORT-000043","customer_support","Chennai","Guindy","CUS-CHN-000043","Gautham Chandrasekar","+91-90000-00043","customer000043@example.test","BUS-CHN-0044","Southern Tech Helpdesk (SYNTHETIC DEMO ENTITY)","AGT-CHN-CUS-01","STEP-01","1","5","crm_service","create_ticket","close_ticket","true","true","false","NONE","WF-CHN-CUSTOMER_SUPPORT-000043-STEP-01-create_ticket","COMPLETED","UNKNOWN_STATE","4","2","CP-CHN-000043-STEP-01","State before create_ticket in Guindy","Expected valid create_ticket","Committed create_ticket","NONE","FORWARD_EXECUTION","false","PASSED","COMMITTED","2026-10-04T00:47:06.112Z","2026-10-05T04:33:03.112Z"
"REC-CHN-000043-02","WF-CHN-CUSTOMER_SUPPORT-000043","customer_support","Chennai","Guindy","CUS-CHN-000043","Gautham Chandrasekar","+91-90000-00043","customer000043@example.test","BUS-CHN-0044","Southern Tech Helpdesk (SYNTHETIC DEMO ENTITY)","AGT-CHN-CUS-01","STEP-02","2","5","routing_service","assign_agent","unassign_agent","true","true","false","STEP-01","WF-CHN-CUSTOMER_SUPPORT-000043-STEP-02-assign_agent","COMPLETED","UNKNOWN_STATE","4","2","CP-CHN-000043-STEP-02","State before assign_agent in Guindy","Expected valid assign_agent","Committed assign_agent","NONE","FORWARD_EXECUTION","false","PASSED","COMMITTED","2026-10-04T00:47:06.112Z","2026-10-05T04:33:03.112Z"
"REC-CHN-000043-03","WF-CHN-CUSTOMER_SUPPORT-000043","customer_support","Chennai","Guindy","CUS-CHN-000043","Gautham Chandrasekar","+91-90000-00043","customer000043@example.test","BUS-CHN-0044","Southern Tech Helpdesk (SYNTHETIC DEMO ENTITY)","AGT-CHN-CUS-01","STEP-03","3","5","customer_record_service","update_customer_record","restore_customer_record","true","true","false","STEP-02","WF-CHN-CUSTOMER_SUPPORT-000043-STEP-03-update_customer_record","COMPLETED","UNKNOWN_STATE","4","2","CP-CHN-000043-STEP-03","State before update_customer_record in Guindy","Expected valid update_customer_record","Committed update_customer_record","NONE","FORWARD_EXECUTION","false","PASSED","COMMITTED","2026-10-04T00:47:06.112Z","2026-10-05T04:33:03.112Z"
"REC-CHN-000043-04","WF-CHN-CUSTOMER_SUPPORT-000043","customer_support","Chennai","Guindy","CUS-CHN-000043","Gautham Chandrasekar","+91-90000-00043","customer000043@example.test","BUS-CHN-0044","Southern Tech Helpdesk (SYNTHETIC DEMO ENTITY)","AGT-CHN-CUS-01","STEP-04","4","5","resolution_service","create_resolution","revert_resolution","true","true","false","STEP-03","WF-CHN-CUSTOMER_SUPPORT-000043-STEP-04-create_resolution","FAILED","UNKNOWN_STATE","4","2","CP-CHN-000043-STEP-04","State before create_resolution in Guindy","Expected valid create_resolution","Committed create_resolution","NONE","QUERY_AUTHORITATIVE_MOCK_WORLD_THEN_COMPENSATE","false","PASSED","RESTORED","2026-10-04T00:47:06.112Z","2026-10-05T04:33:03.112Z"
"REC-CHN-000043-05","WF-CHN-CUSTOMER_SUPPORT-000043","customer_support","Chennai","Guindy","CUS-CHN-000043","Gautham Chandrasekar","+91-90000-00043","customer000043@example.test","BUS-CHN-0044","Southern Tech Helpdesk (SYNTHETIC DEMO ENTITY)","AGT-CHN-CUS-01","STEP-05","5","5","notification_service","email_customer",,"false","true","true","STEP-04","WF-CHN-CUSTOMER_SUPPORT-000043-STEP-05-email_customer","SKIPPED_DUE_TO_PREVIOUS_FAILURE","UNKNOWN_STATE","4","2","CP-CHN-000043-STEP-05","State before email_customer in Guindy","Expected valid email_customer","Committed email_customer","SKIPPED","SAGA_REVERSE_COMPENSATION","false","PASSED","RESTORED","2026-10-04T00:47:06.112Z","2026-10-05T04:33:03.112Z"
"REC-CHN-000044-01","WF-CHN-RESTAURANT_RESERVATION-000044","restaurant_reservation","Chennai","Saidapet","CUS-CHN-000044","Swetha Subramanian","+91-90000-00044","customer000044@example.test","BUS-CHN-0045","OMR Kitchen & Grills (SYNTHETIC DEMO ENTITY)","AGT-CHN-RES-01","STEP-01","1","5","dining_search","find_restaurant",,"false","true","false","NONE","WF-CHN-RESTAURANT_RESERVATION-000044-STEP-01-find_restaurant","FAILED","PARTIAL_FAILURE","1","3","CP-CHN-000044-STEP-01","State before find_restaurant in Saidapet","Expected valid find_restaurant","Committed find_restaurant","NONE","QUERY_AUTHORITATIVE_MOCK_WORLD_THEN_COMPENSATE","false","PASSED","RESTORED","2026-10-04T00:47:07.112Z","2026-10-05T04:33:03.112Z"
"REC-CHN-000044-02","WF-CHN-RESTAURANT_RESERVATION-000044","restaurant_reservation","Chennai","Saidapet","CUS-CHN-000044","Swetha Subramanian","+91-90000-00044","customer000044@example.test","BUS-CHN-0045","OMR Kitchen & Grills (SYNTHETIC DEMO ENTITY)","AGT-CHN-RES-01","STEP-02","2","5","table_booking","reserve_table","release_table","true","true","false","STEP-01","WF-CHN-RESTAURANT_RESERVATION-000044-STEP-02-reserve_table","SKIPPED_DUE_TO_PREVIOUS_FAILURE","PARTIAL_FAILURE","1","3","CP-CHN-000044-STEP-02","State before reserve_table in Saidapet","Expected valid reserve_table","Committed reserve_table","COMPENSATED","SAGA_REVERSE_COMPENSATION","false","PASSED","RESTORED","2026-10-04T00:47:07.112Z","2026-10-05T04:33:03.112Z"
"REC-CHN-000044-03","WF-CHN-RESTAURANT_RESERVATION-000044","restaurant_reservation","Chennai","Saidapet","CUS-CHN-000044","Swetha Subramanian","+91-90000-00044","customer000044@example.test","BUS-CHN-0045","OMR Kitchen & Grills (SYNTHETIC DEMO ENTITY)","AGT-CHN-RES-01","STEP-03","3","5","deposit_service","charge_deposit","refund_deposit","true","true","false","STEP-02","WF-CHN-RESTAURANT_RESERVATION-000044-STEP-03-charge_deposit","SKIPPED_DUE_TO_PREVIOUS_FAILURE","PARTIAL_FAILURE","1","3","CP-CHN-000044-STEP-03","State before charge_deposit in Saidapet","Expected valid charge_deposit","Committed charge_deposit","COMPENSATED","SAGA_REVERSE_COMPENSATION","false","PASSED","RESTORED","2026-10-04T00:47:07.112Z","2026-10-05T04:33:03.112Z"
"REC-CHN-000044-04","WF-CHN-RESTAURANT_RESERVATION-000044","restaurant_reservation","Chennai","Saidapet","CUS-CHN-000044","Swetha Subramanian","+91-90000-00044","customer000044@example.test","BUS-CHN-0045","OMR Kitchen & Grills (SYNTHETIC DEMO ENTITY)","AGT-CHN-RES-01","STEP-04","4","5","reservation_service","create_reservation","cancel_reservation","true","true","false","STEP-03","WF-CHN-RESTAURANT_RESERVATION-000044-STEP-04-create_reservation","SKIPPED_DUE_TO_PREVIOUS_FAILURE","PARTIAL_FAILURE","1","3","CP-CHN-000044-STEP-04","State before create_reservation in Saidapet","Expected valid create_reservation","Committed create_reservation","COMPENSATED","SAGA_REVERSE_COMPENSATION","false","PASSED","RESTORED","2026-10-04T00:47:07.112Z","2026-10-05T04:33:03.112Z"
"REC-CHN-000044-05","WF-CHN-RESTAURANT_RESERVATION-000044","restaurant_reservation","Chennai","Saidapet","CUS-CHN-000044","Swetha Subramanian","+91-90000-00044","customer000044@example.test","BUS-CHN-0045","OMR Kitchen & Grills (SYNTHETIC DEMO ENTITY)","AGT-CHN-RES-01","STEP-05","5","5","messaging_service","send_confirmation",,"false","true","true","STEP-04","WF-CHN-RESTAURANT_RESERVATION-000044-STEP-05-send_confirmation","SKIPPED_DUE_TO_PREVIOUS_FAILURE","PARTIAL_FAILURE","1","3","CP-CHN-000044-STEP-05","State before send_confirmation in Saidapet","Expected valid send_confirmation","Committed send_confirmation","SKIPPED","SAGA_REVERSE_COMPENSATION","false","PASSED","RESTORED","2026-10-04T00:47:07.112Z","2026-10-05T04:33:03.112Z"
"REC-CHN-000045-01","WF-CHN-CAB_BOOKING-000045","cab_booking","Chennai","Besant Nagar","CUS-CHN-000045","Manoj Parthasarathy","+91-90000-00045","customer000045@example.test","BUS-CHN-0046","Coromandel Cabs (SYNTHETIC DEMO ENTITY)","AGT-CHN-CAB-01","STEP-01","1","5","ride_dispatcher","request_ride",,"false","true","false","NONE","WF-CHN-CAB_BOOKING-000045-STEP-01-request_ride","COMPLETED","CRASH","2","1","CP-CHN-000045-STEP-01","State before request_ride in Besant Nagar","Expected valid request_ride","Committed request_ride","CHECKPOINTED","RESUME_FROM_DURABLE_LOG","false","PASSED","DURABLE_CHECKPOINT_SAVED","2026-10-04T00:47:08.112Z","2026-10-05T04:33:03.112Z"
"REC-CHN-000045-02","WF-CHN-CAB_BOOKING-000045","cab_booking","Chennai","Besant Nagar","CUS-CHN-000045","Manoj Parthasarathy","+91-90000-00045","customer000045@example.test","BUS-CHN-0046","Coromandel Cabs (SYNTHETIC DEMO ENTITY)","AGT-CHN-CAB-01","STEP-02","2","5","driver_assignment","assign_driver","release_driver","true","true","false","STEP-01","WF-CHN-CAB_BOOKING-000045-STEP-02-assign_driver","SKIPPED_DUE_TO_CRASH","CRASH","2","1","CP-CHN-000045-STEP-02","State before assign_driver in Besant Nagar","Expected valid assign_driver","Committed assign_driver","NONE","RESUME_OR_ROLLBACK_AFTER_CRASH","false","PASSED","PRESERVED_AT_CHECKPOINT","2026-10-04T00:47:08.112Z","2026-10-05T04:33:03.112Z"
"REC-CHN-000045-03","WF-CHN-CAB_BOOKING-000045","cab_booking","Chennai","Besant Nagar","CUS-CHN-000045","Manoj Parthasarathy","+91-90000-00045","customer000045@example.test","BUS-CHN-0046","Coromandel Cabs (SYNTHETIC DEMO ENTITY)","AGT-CHN-CAB-01","STEP-03","3","5","trip_service","confirm_ride","cancel_ride","true","true","false","STEP-02","WF-CHN-CAB_BOOKING-000045-STEP-03-confirm_ride","SKIPPED_DUE_TO_CRASH","CRASH","2","1","CP-CHN-000045-STEP-03","State before confirm_ride in Besant Nagar","Expected valid confirm_ride","Committed confirm_ride","NONE","RESUME_OR_ROLLBACK_AFTER_CRASH","false","PASSED","PRESERVED_AT_CHECKPOINT","2026-10-04T00:47:08.112Z","2026-10-05T04:33:03.112Z"
"REC-CHN-000045-04","WF-CHN-CAB_BOOKING-000045","cab_booking","Chennai","Besant Nagar","CUS-CHN-000045","Manoj Parthasarathy","+91-90000-00045","customer000045@example.test","BUS-CHN-0046","Coromandel Cabs (SYNTHETIC DEMO ENTITY)","AGT-CHN-CAB-01","STEP-04","4","5","fare_service","charge_payment","refund_payment","true","true","false","STEP-03","WF-CHN-CAB_BOOKING-000045-STEP-04-charge_payment","SKIPPED_DUE_TO_CRASH","CRASH","2","1","CP-CHN-000045-STEP-04","State before charge_payment in Besant Nagar","Expected valid charge_payment","Committed charge_payment","NONE","RESUME_OR_ROLLBACK_AFTER_CRASH","false","PASSED","PRESERVED_AT_CHECKPOINT","2026-10-04T00:47:08.112Z","2026-10-05T04:33:03.112Z"
"REC-CHN-000045-05","WF-CHN-CAB_BOOKING-000045","cab_booking","Chennai","Besant Nagar","CUS-CHN-000045","Manoj Parthasarathy","+91-90000-00045","customer000045@example.test","BUS-CHN-0046","Coromandel Cabs (SYNTHETIC DEMO ENTITY)","AGT-CHN-CAB-01","STEP-05","5","5","comm_service","send_confirmation",,"false","true","true","STEP-04","WF-CHN-CAB_BOOKING-000045-STEP-05-send_confirmation","SKIPPED_DUE_TO_CRASH","CRASH","2","1","CP-CHN-000045-STEP-05","State before send_confirmation in Besant Nagar","Expected valid send_confirmation","Committed send_confirmation","NONE","RESUME_OR_ROLLBACK_AFTER_CRASH","false","PASSED","PRESERVED_AT_CHECKPOINT","2026-10-04T00:47:08.112Z","2026-10-05T04:33:03.112Z"
"REC-CHN-000046-01","WF-CHN-EVENT_REGISTRATION-000046","event_registration","Chennai","Thiruvanmiyur","CUS-CHN-000046","Harini Raghavan","+91-90000-00046","customer000046@example.test","BUS-CHN-0047","Marina Hackathon Expo (SYNTHETIC DEMO ENTITY)","AGT-CHN-EVE-01","STEP-01","1","5","event_service","register_participant","cancel_registration","true","true","false","NONE","WF-CHN-EVENT_REGISTRATION-000046-STEP-01-register_participant","COMPLETED","COMPENSATION_FAILURE","3","2","CP-CHN-000046-STEP-01","State before register_participant in Thiruvanmiyur","Expected valid register_participant","Committed register_participant","NONE","FORWARD_EXECUTION","false","PASSED","COMMITTED","2026-10-04T00:47:09.112Z","2026-10-05T04:33:03.112Z"
"REC-CHN-000046-02","WF-CHN-EVENT_REGISTRATION-000046","event_registration","Chennai","Thiruvanmiyur","CUS-CHN-000046","Harini Raghavan","+91-90000-00046","customer000046@example.test","BUS-CHN-0047","Marina Hackathon Expo (SYNTHETIC DEMO ENTITY)","AGT-CHN-EVE-01","STEP-02","2","5","seating_service","reserve_seat","release_seat","true","true","false","STEP-01","WF-CHN-EVENT_REGISTRATION-000046-STEP-02-reserve_seat","COMPLETED","COMPENSATION_FAILURE","3","2","CP-CHN-000046-STEP-02","State before reserve_seat in Thiruvanmiyur","Expected valid reserve_seat","Committed reserve_seat","NONE","FORWARD_EXECUTION","false","PASSED","COMMITTED","2026-10-04T00:47:09.112Z","2026-10-05T04:33:03.112Z"
"REC-CHN-000046-03","WF-CHN-EVENT_REGISTRATION-000046","event_registration","Chennai","Thiruvanmiyur","CUS-CHN-000046","Harini Raghavan","+91-90000-00046","customer000046@example.test","BUS-CHN-0047","Marina Hackathon Expo (SYNTHETIC DEMO ENTITY)","AGT-CHN-EVE-01","STEP-03","3","5","payment_gateway","process_payment","refund_payment","true","true","false","STEP-02","WF-CHN-EVENT_REGISTRATION-000046-STEP-03-process_payment","FAILED","COMPENSATION_FAILURE","3","2","CP-CHN-000046-STEP-03","State before process_payment in Thiruvanmiyur","Expected valid process_payment","Committed process_payment","NONE","FORWARD_EXECUTION","false","PASSED","COMMITTED","2026-10-04T00:47:09.112Z","2026-10-05T04:33:03.112Z"
"REC-CHN-000046-04","WF-CHN-EVENT_REGISTRATION-000046","event_registration","Chennai","Thiruvanmiyur","CUS-CHN-000046","Harini Raghavan","+91-90000-00046","customer000046@example.test","BUS-CHN-0047","Marina Hackathon Expo (SYNTHETIC DEMO ENTITY)","AGT-CHN-EVE-01","STEP-04","4","5","ticket_generator","generate_ticket","invalidate_ticket","true","true","false","STEP-03","WF-CHN-EVENT_REGISTRATION-000046-STEP-04-generate_ticket","SKIPPED_DUE_TO_PREVIOUS_FAILURE","COMPENSATION_FAILURE","3","2","CP-CHN-000046-STEP-04","State before generate_ticket in Thiruvanmiyur","Expected valid generate_ticket","Committed generate_ticket","COMPENSATED","SAGA_REVERSE_COMPENSATION","false","PASSED","RESTORED","2026-10-04T00:47:09.112Z","2026-10-05T04:33:03.112Z"
"REC-CHN-000046-05","WF-CHN-EVENT_REGISTRATION-000046","event_registration","Chennai","Thiruvanmiyur","CUS-CHN-000046","Harini Raghavan","+91-90000-00046","customer000046@example.test","BUS-CHN-0047","Marina Hackathon Expo (SYNTHETIC DEMO ENTITY)","AGT-CHN-EVE-01","STEP-05","5","5","email_dispatcher","email_ticket",,"false","true","true","STEP-04","WF-CHN-EVENT_REGISTRATION-000046-STEP-05-email_ticket","SKIPPED_DUE_TO_PREVIOUS_FAILURE","COMPENSATION_FAILURE","3","2","CP-CHN-000046-STEP-05","State before email_ticket in Thiruvanmiyur","Expected valid email_ticket","Committed email_ticket","SKIPPED","SAGA_REVERSE_COMPENSATION","false","PASSED","RESTORED","2026-10-04T00:47:09.112Z","2026-10-05T04:33:03.112Z"
"REC-CHN-000047-01","WF-CHN-DELIVERY-000047","delivery","Chennai","Perungudi","CUS-CHN-000047","Ashok Narayanan","+91-90000-00047","customer000047@example.test","BUS-CHN-0048","Southern Parcel Dispatch (SYNTHETIC DEMO ENTITY)","AGT-CHN-DEL-01","STEP-01","1","5","dispatch_engine","create_delivery","cancel_delivery","true","true","false","NONE","WF-CHN-DELIVERY-000047-STEP-01-create_delivery","COMPLETED","IRREVERSIBLE_ACTION","4","3","CP-CHN-000047-STEP-01","State before create_delivery in Perungudi","Expected valid create_delivery","Committed create_delivery","NONE","FORWARD_EXECUTION","false","PASSED","COMMITTED","2026-10-04T00:47:10.112Z","2026-10-05T04:33:03.112Z"
"REC-CHN-000047-02","WF-CHN-DELIVERY-000047","delivery","Chennai","Perungudi","CUS-CHN-000047","Ashok Narayanan","+91-90000-00047","customer000047@example.test","BUS-CHN-0048","Southern Parcel Dispatch (SYNTHETIC DEMO ENTITY)","AGT-CHN-DEL-01","STEP-02","2","5","courier_service","assign_driver","unassign_driver","true","true","false","STEP-01","WF-CHN-DELIVERY-000047-STEP-02-assign_driver","COMPLETED","IRREVERSIBLE_ACTION","4","3","CP-CHN-000047-STEP-02","State before assign_driver in Perungudi","Expected valid assign_driver","Committed assign_driver","NONE","FORWARD_EXECUTION","false","PASSED","COMMITTED","2026-10-04T00:47:10.112Z","2026-10-05T04:33:03.112Z"
"REC-CHN-000047-03","WF-CHN-DELIVERY-000047","delivery","Chennai","Perungudi","CUS-CHN-000047","Ashok Narayanan","+91-90000-00047","customer000047@example.test","BUS-CHN-0048","Southern Parcel Dispatch (SYNTHETIC DEMO ENTITY)","AGT-CHN-DEL-01","STEP-03","3","5","fleet_service","reserve_vehicle","release_vehicle","true","true","false","STEP-02","WF-CHN-DELIVERY-000047-STEP-03-reserve_vehicle","COMPLETED","IRREVERSIBLE_ACTION","4","3","CP-CHN-000047-STEP-03","State before reserve_vehicle in Perungudi","Expected valid reserve_vehicle","Committed reserve_vehicle","NONE","FORWARD_EXECUTION","false","PASSED","COMMITTED","2026-10-04T00:47:10.112Z","2026-10-05T04:33:03.112Z"
"REC-CHN-000047-04","WF-CHN-DELIVERY-000047","delivery","Chennai","Perungudi","CUS-CHN-000047","Ashok Narayanan","+91-90000-00047","customer000047@example.test","BUS-CHN-0048","Southern Parcel Dispatch (SYNTHETIC DEMO ENTITY)","AGT-CHN-DEL-01","STEP-04","4","5","sorting_service","dispatch_package","recall_dispatch","true","true","false","STEP-03","WF-CHN-DELIVERY-000047-STEP-04-dispatch_package","COMPLETED","IRREVERSIBLE_ACTION","4","3","CP-CHN-000047-STEP-04","State before dispatch_package in Perungudi","Expected valid dispatch_package","Committed dispatch_package","NONE","FORWARD_EXECUTION","false","PASSED","COMMITTED","2026-10-04T00:47:10.112Z","2026-10-05T04:33:03.112Z"
"REC-CHN-000047-05","WF-CHN-DELIVERY-000047","delivery","Chennai","Perungudi","CUS-CHN-000047","Ashok Narayanan","+91-90000-00047","customer000047@example.test","BUS-CHN-0048","Southern Parcel Dispatch (SYNTHETIC DEMO ENTITY)","AGT-CHN-DEL-01","STEP-05","5","5","alert_service","notify_customer",,"false","true","true","STEP-04","WF-CHN-DELIVERY-000047-STEP-05-notify_customer","COMPLETED","IRREVERSIBLE_ACTION","4","3","CP-CHN-000047-STEP-05","State before notify_customer in Perungudi","Expected valid notify_customer","Committed notify_customer","NONE","FORWARD_EXECUTION","false","PASSED","COMMITTED","2026-10-04T00:47:10.112Z","2026-10-05T04:33:03.112Z"
"REC-CHN-000048-01","WF-CHN-APPOINTMENT_BOOKING-000048","appointment_booking","Chennai","Thoraipakkam","CUS-CHN-000048","Keerthana Murali","+91-90000-00048","customer000048@example.test","BUS-CHN-0049","Apollo Health Hub Chennai (SYNTHETIC DEMO ENTITY)","AGT-CHN-APP-01","STEP-01","1","5","clinic_calendar","find_slot",,"false","true","false","NONE","WF-CHN-APPOINTMENT_BOOKING-000048-STEP-01-find_slot","COMPLETED","APPROVAL_REQUIRED","1","1","CP-CHN-000048-STEP-01","State before find_slot in Thoraipakkam","Expected valid find_slot","Committed find_slot","NONE","FORWARD_EXECUTION","false","PASSED","COMMITTED","2026-10-04T00:47:11.112Z","2026-10-05T04:33:03.112Z"
"REC-CHN-000048-02","WF-CHN-APPOINTMENT_BOOKING-000048","appointment_booking","Chennai","Thoraipakkam","CUS-CHN-000048","Keerthana Murali","+91-90000-00048","customer000048@example.test","BUS-CHN-0049","Apollo Health Hub Chennai (SYNTHETIC DEMO ENTITY)","AGT-CHN-APP-01","STEP-02","2","5","slot_manager","reserve_slot","release_slot","true","true","false","STEP-01","WF-CHN-APPOINTMENT_BOOKING-000048-STEP-02-reserve_slot","COMPLETED","APPROVAL_REQUIRED","1","1","CP-CHN-000048-STEP-02","State before reserve_slot in Thoraipakkam","Expected valid reserve_slot","Committed reserve_slot","NONE","FORWARD_EXECUTION","false","PASSED","COMMITTED","2026-10-04T00:47:11.112Z","2026-10-05T04:33:03.112Z"
"REC-CHN-000048-03","WF-CHN-APPOINTMENT_BOOKING-000048","appointment_booking","Chennai","Thoraipakkam","CUS-CHN-000048","Keerthana Murali","+91-90000-00048","customer000048@example.test","BUS-CHN-0049","Apollo Health Hub Chennai (SYNTHETIC DEMO ENTITY)","AGT-CHN-APP-01","STEP-03","3","5","billing_service","process_payment","refund_payment","true","true","false","STEP-02","WF-CHN-APPOINTMENT_BOOKING-000048-STEP-03-process_payment","COMPLETED","APPROVAL_REQUIRED","1","1","CP-CHN-000048-STEP-03","State before process_payment in Thoraipakkam","Expected valid process_payment","Committed process_payment","NONE","FORWARD_EXECUTION","false","PASSED","COMMITTED","2026-10-04T00:47:11.112Z","2026-10-05T04:33:03.112Z"
"REC-CHN-000048-04","WF-CHN-APPOINTMENT_BOOKING-000048","appointment_booking","Chennai","Thoraipakkam","CUS-CHN-000048","Keerthana Murali","+91-90000-00048","customer000048@example.test","BUS-CHN-0049","Apollo Health Hub Chennai (SYNTHETIC DEMO ENTITY)","AGT-CHN-APP-01","STEP-04","4","5","emr_service","create_appointment","cancel_appointment","true","true","false","STEP-03","WF-CHN-APPOINTMENT_BOOKING-000048-STEP-04-create_appointment","COMPLETED","APPROVAL_REQUIRED","1","1","CP-CHN-000048-STEP-04","State before create_appointment in Thoraipakkam","Expected valid create_appointment","Committed create_appointment","NONE","FORWARD_EXECUTION","false","PASSED","COMMITTED","2026-10-04T00:47:11.112Z","2026-10-05T04:33:03.112Z"
"REC-CHN-000048-05","WF-CHN-APPOINTMENT_BOOKING-000048","appointment_booking","Chennai","Thoraipakkam","CUS-CHN-000048","Keerthana Murali","+91-90000-00048","customer000048@example.test","BUS-CHN-0049","Apollo Health Hub Chennai (SYNTHETIC DEMO ENTITY)","AGT-CHN-APP-01","STEP-05","5","5","sms_service","send_confirmation",,"false","true","true","STEP-04","WF-CHN-APPOINTMENT_BOOKING-000048-STEP-05-send_confirmation","COMPLETED","APPROVAL_REQUIRED","1","1","CP-CHN-000048-STEP-05","State before send_confirmation in Thoraipakkam","Expected valid send_confirmation","Committed send_confirmation","NONE","FORWARD_EXECUTION","false","PASSED","COMMITTED","2026-10-04T00:47:11.112Z","2026-10-05T04:33:03.112Z"
"REC-CHN-000049-01","WF-CHN-HOTEL_BOOKING-000049","hotel_booking","Chennai","Sholinganallur","CUS-CHN-000049","Pradeep Venkatesh","+91-90000-00049","customer000049@example.test","BUS-CHN-0050","Marina Comfort Suites (SYNTHETIC DEMO ENTITY)","AGT-CHN-HOT-01","STEP-01","1","5","hotel_search","search_hotel",,"false","true","false","NONE","WF-CHN-HOTEL_BOOKING-000049-STEP-01-search_hotel","COMPLETED","NORMAL","2","2","CP-CHN-000049-STEP-01","State before search_hotel in Sholinganallur","Expected valid search_hotel","Committed search_hotel","COMMITTED_IRREVERSIBLE","NONE_REQUIRED","false","PASSED","RESTORED_OR_COMMITTED","2026-10-04T00:47:12.112Z","2026-10-05T04:33:03.112Z"
"REC-CHN-000049-02","WF-CHN-HOTEL_BOOKING-000049","hotel_booking","Chennai","Sholinganallur","CUS-CHN-000049","Pradeep Venkatesh","+91-90000-00049","customer000049@example.test","BUS-CHN-0050","Marina Comfort Suites (SYNTHETIC DEMO ENTITY)","AGT-CHN-HOT-01","STEP-02","2","5","room_selection","select_room",,"false","true","false","STEP-01","WF-CHN-HOTEL_BOOKING-000049-STEP-02-select_room","COMPLETED","NORMAL","2","2","CP-CHN-000049-STEP-02","State before select_room in Sholinganallur","Expected valid select_room","Committed select_room","COMMITTED_IRREVERSIBLE","NONE_REQUIRED","false","PASSED","RESTORED_OR_COMMITTED","2026-10-04T00:47:12.112Z","2026-10-05T04:33:03.112Z"
"REC-CHN-000049-03","WF-CHN-HOTEL_BOOKING-000049","hotel_booking","Chennai","Sholinganallur","CUS-CHN-000049","Pradeep Venkatesh","+91-90000-00049","customer000049@example.test","BUS-CHN-0050","Marina Comfort Suites (SYNTHETIC DEMO ENTITY)","AGT-CHN-HOT-01","STEP-03","3","5","room_booking","book_room","cancel_booking","true","true","false","STEP-02","WF-CHN-HOTEL_BOOKING-000049-STEP-03-book_room","COMPLETED","NORMAL","2","2","CP-CHN-000049-STEP-03","State before book_room in Sholinganallur","Expected valid book_room","Committed book_room","STANDBY_REVERSIBLE","NONE_REQUIRED","false","PASSED","RESTORED_OR_COMMITTED","2026-10-04T00:47:12.112Z","2026-10-05T04:33:03.112Z"
"REC-CHN-000049-04","WF-CHN-HOTEL_BOOKING-000049","hotel_booking","Chennai","Sholinganallur","CUS-CHN-000049","Pradeep Venkatesh","+91-90000-00049","customer000049@example.test","BUS-CHN-0050","Marina Comfort Suites (SYNTHETIC DEMO ENTITY)","AGT-CHN-HOT-01","STEP-04","4","5","payment_processor","charge_card","refund_payment","true","true","false","STEP-03","WF-CHN-HOTEL_BOOKING-000049-STEP-04-charge_card","COMPLETED","NORMAL","2","2","CP-CHN-000049-STEP-04","State before charge_card in Sholinganallur","Expected valid charge_card","Committed charge_card","STANDBY_REVERSIBLE","NONE_REQUIRED","false","PASSED","RESTORED_OR_COMMITTED","2026-10-04T00:47:12.112Z","2026-10-05T04:33:03.112Z"
"REC-CHN-000049-05","WF-CHN-HOTEL_BOOKING-000049","hotel_booking","Chennai","Sholinganallur","CUS-CHN-000049","Pradeep Venkatesh","+91-90000-00049","customer000049@example.test","BUS-CHN-0050","Marina Comfort Suites (SYNTHETIC DEMO ENTITY)","AGT-CHN-HOT-01","STEP-05","5","5","email_service","email_customer",,"false","true","true","STEP-04","WF-CHN-HOTEL_BOOKING-000049-STEP-05-email_customer","COMPLETED","NORMAL","2","2","CP-CHN-000049-STEP-05","State before email_customer in Sholinganallur","Expected valid email_customer","Committed email_customer","COMMITTED_IRREVERSIBLE","NONE_REQUIRED","false","PASSED","RESTORED_OR_COMMITTED","2026-10-04T00:47:12.112Z","2026-10-05T04:33:03.112Z"
"REC-CHN-000050-01","WF-CHN-ECOMMERCE_ORDER-000050","ecommerce_order","Chennai","OMR","CUS-CHN-000050","Janani Ramesh","+91-90000-00050","customer000050@example.test","BUS-CHN-0001","Chennai MegaMart Digital (SYNTHETIC DEMO ENTITY)","AGT-CHN-ECO-01","STEP-01","1","5","order_service","create_order","cancel_order","true","true","false","NONE","WF-CHN-ECOMMERCE_ORDER-000050-STEP-01-create_order","COMPLETED","STEP_FAILURE","3","3","CP-CHN-000050-STEP-01","State before create_order in OMR","Expected valid create_order","Originally completed, then reversed during recovery","COMPENSATED","REVERSE_COMPENSATE_STEP","false","PASSED","RESTORED","2026-10-04T00:47:13.112Z","2026-10-05T04:33:03.112Z"
"REC-CHN-000050-02","WF-CHN-ECOMMERCE_ORDER-000050","ecommerce_order","Chennai","OMR","CUS-CHN-000050","Janani Ramesh","+91-90000-00050","customer000050@example.test","BUS-CHN-0001","Chennai MegaMart Digital (SYNTHETIC DEMO ENTITY)","AGT-CHN-ECO-01","STEP-02","2","5","inventory_service","reserve_inventory","release_inventory","true","true","false","STEP-01","WF-CHN-ECOMMERCE_ORDER-000050-STEP-02-reserve_inventory","COMPLETED","STEP_FAILURE","3","3","CP-CHN-000050-STEP-02","State before reserve_inventory in OMR","Expected valid reserve_inventory","Originally completed, then reversed during recovery","COMPENSATED","REVERSE_COMPENSATE_STEP","false","PASSED","RESTORED","2026-10-04T00:47:13.112Z","2026-10-05T04:33:03.112Z"
"REC-CHN-000050-03","WF-CHN-ECOMMERCE_ORDER-000050","ecommerce_order","Chennai","OMR","CUS-CHN-000050","Janani Ramesh","+91-90000-00050","customer000050@example.test","BUS-CHN-0001","Chennai MegaMart Digital (SYNTHETIC DEMO ENTITY)","AGT-CHN-ECO-01","STEP-03","3","5","payment_service","charge_card","refund_payment","true","true","false","STEP-02","WF-CHN-ECOMMERCE_ORDER-000050-STEP-03-charge_card","FAILED","STEP_FAILURE","3","3","CP-CHN-000050-STEP-03","State before charge_card in OMR","Expected valid charge_card","Failed at charge_card: STEP_FAILURE","TRIGGERING_RECOVERY","SAGA_REVERSE_COMPENSATION","false","FAILED_AT_STEP","RESTORED","2026-10-04T00:47:13.112Z","2026-10-05T04:33:03.112Z"
"REC-CHN-000050-04","WF-CHN-ECOMMERCE_ORDER-000050","ecommerce_order","Chennai","OMR","CUS-CHN-000050","Janani Ramesh","+91-90000-00050","customer000050@example.test","BUS-CHN-0001","Chennai MegaMart Digital (SYNTHETIC DEMO ENTITY)","AGT-CHN-ECO-01","STEP-04","4","5","shipment_service","create_shipment","cancel_shipment","true","true","false","STEP-03","WF-CHN-ECOMMERCE_ORDER-000050-STEP-04-create_shipment","SKIPPED_DUE_TO_PREVIOUS_FAILURE","STEP_FAILURE","3","3","CP-CHN-000050-STEP-04","State before create_shipment in OMR","Expected valid create_shipment","Committed create_shipment","COMPENSATED","SAGA_REVERSE_COMPENSATION","false","PASSED","RESTORED","2026-10-04T00:47:13.112Z","2026-10-05T04:33:03.112Z"
"REC-CHN-000050-05","WF-CHN-ECOMMERCE_ORDER-000050","ecommerce_order","Chennai","OMR","CUS-CHN-000050","Janani Ramesh","+91-90000-00050","customer000050@example.test","BUS-CHN-0001","Chennai MegaMart Digital (SYNTHETIC DEMO ENTITY)","AGT-CHN-ECO-01","STEP-05","5","5","notification_service","email_customer",,"false","true","true","STEP-04","WF-CHN-ECOMMERCE_ORDER-000050-STEP-05-email_customer","SKIPPED_DUE_TO_PREVIOUS_FAILURE","STEP_FAILURE","3","3","CP-CHN-000050-STEP-05","State before email_customer in OMR","Expected valid email_customer","Committed email_customer","SKIPPED","SAGA_REVERSE_COMPENSATION","false","PASSED","RESTORED","2026-10-04T00:47:13.112Z","2026-10-05T04:33:03.112Z"
"REC-CHN-000051-01","WF-CHN-CUSTOMER_SUPPORT-000051","customer_support","Chennai","Porur","CUS-CHN-000051","Dinesh Mohan","+91-90000-00051","customer000051@example.test","BUS-CHN-0002","Southern Tech Helpdesk (SYNTHETIC DEMO ENTITY)","AGT-CHN-CUS-01","STEP-01","1","5","crm_service","create_ticket","close_ticket","true","true","false","NONE","WF-CHN-CUSTOMER_SUPPORT-000051-STEP-01-create_ticket","COMPLETED","TOOL_FAILURE","4","1","CP-CHN-000051-STEP-01","State before create_ticket in Porur","Expected valid create_ticket","Originally completed, then reversed during recovery","COMPENSATED","REVERSE_COMPENSATE_STEP","false","PASSED","RESTORED","2026-10-04T00:47:14.112Z","2026-10-05T04:33:03.112Z"
"REC-CHN-000051-02","WF-CHN-CUSTOMER_SUPPORT-000051","customer_support","Chennai","Porur","CUS-CHN-000051","Dinesh Mohan","+91-90000-00051","customer000051@example.test","BUS-CHN-0002","Southern Tech Helpdesk (SYNTHETIC DEMO ENTITY)","AGT-CHN-CUS-01","STEP-02","2","5","routing_service","assign_agent","unassign_agent","true","true","false","STEP-01","WF-CHN-CUSTOMER_SUPPORT-000051-STEP-02-assign_agent","COMPLETED","TOOL_FAILURE","4","1","CP-CHN-000051-STEP-02","State before assign_agent in Porur","Expected valid assign_agent","Originally completed, then reversed during recovery","COMPENSATED","REVERSE_COMPENSATE_STEP","false","PASSED","RESTORED","2026-10-04T00:47:14.112Z","2026-10-05T04:33:03.112Z"
"REC-CHN-000051-03","WF-CHN-CUSTOMER_SUPPORT-000051","customer_support","Chennai","Porur","CUS-CHN-000051","Dinesh Mohan","+91-90000-00051","customer000051@example.test","BUS-CHN-0002","Southern Tech Helpdesk (SYNTHETIC DEMO ENTITY)","AGT-CHN-CUS-01","STEP-03","3","5","customer_record_service","update_customer_record","restore_customer_record","true","true","false","STEP-02","WF-CHN-CUSTOMER_SUPPORT-000051-STEP-03-update_customer_record","COMPLETED","TOOL_FAILURE","4","1","CP-CHN-000051-STEP-03","State before update_customer_record in Porur","Expected valid update_customer_record","Originally completed, then reversed during recovery","COMPENSATED","REVERSE_COMPENSATE_STEP","false","PASSED","RESTORED","2026-10-04T00:47:14.112Z","2026-10-05T04:33:03.112Z"
"REC-CHN-000051-04","WF-CHN-CUSTOMER_SUPPORT-000051","customer_support","Chennai","Porur","CUS-CHN-000051","Dinesh Mohan","+91-90000-00051","customer000051@example.test","BUS-CHN-0002","Southern Tech Helpdesk (SYNTHETIC DEMO ENTITY)","AGT-CHN-CUS-01","STEP-04","4","5","resolution_service","create_resolution","revert_resolution","true","true","false","STEP-03","WF-CHN-CUSTOMER_SUPPORT-000051-STEP-04-create_resolution","FAILED","TOOL_FAILURE","4","1","CP-CHN-000051-STEP-04","State before create_resolution in Porur","Expected valid create_resolution","Failed at create_resolution: TOOL_FAILURE","TRIGGERING_RECOVERY","SAGA_REVERSE_COMPENSATION","false","FAILED_AT_STEP","RESTORED","2026-10-04T00:47:14.112Z","2026-10-05T04:33:03.112Z"
"REC-CHN-000051-05","WF-CHN-CUSTOMER_SUPPORT-000051","customer_support","Chennai","Porur","CUS-CHN-000051","Dinesh Mohan","+91-90000-00051","customer000051@example.test","BUS-CHN-0002","Southern Tech Helpdesk (SYNTHETIC DEMO ENTITY)","AGT-CHN-CUS-01","STEP-05","5","5","notification_service","email_customer",,"false","true","true","STEP-04","WF-CHN-CUSTOMER_SUPPORT-000051-STEP-05-email_customer","SKIPPED_DUE_TO_PREVIOUS_FAILURE","TOOL_FAILURE","4","1","CP-CHN-000051-STEP-05","State before email_customer in Porur","Expected valid email_customer","Committed email_customer","SKIPPED","SAGA_REVERSE_COMPENSATION","false","PASSED","RESTORED","2026-10-04T00:47:14.112Z","2026-10-05T04:33:03.112Z"
"REC-CHN-000052-01","WF-CHN-RESTAURANT_RESERVATION-000052","restaurant_reservation","Chennai","Koyambedu","CUS-CHN-000052","Abirami Kalyan","+91-90000-00052","customer000052@example.test","BUS-CHN-0003","Velachery Bistro & Cafe (SYNTHETIC DEMO ENTITY)","AGT-CHN-RES-01","STEP-01","1","5","dining_search","find_restaurant",,"false","true","false","NONE","WF-CHN-RESTAURANT_RESERVATION-000052-STEP-01-find_restaurant","FAILED","TIMEOUT","1","2","CP-CHN-000052-STEP-01","State before find_restaurant in Koyambedu","Expected valid find_restaurant","Failed at find_restaurant: TIMEOUT","TRIGGERING_RECOVERY","SAGA_REVERSE_COMPENSATION","false","FAILED_AT_STEP","RESTORED","2026-10-04T00:47:15.112Z","2026-10-05T04:33:03.112Z"
"REC-CHN-000052-02","WF-CHN-RESTAURANT_RESERVATION-000052","restaurant_reservation","Chennai","Koyambedu","CUS-CHN-000052","Abirami Kalyan","+91-90000-00052","customer000052@example.test","BUS-CHN-0003","Velachery Bistro & Cafe (SYNTHETIC DEMO ENTITY)","AGT-CHN-RES-01","STEP-02","2","5","table_booking","reserve_table","release_table","true","true","false","STEP-01","WF-CHN-RESTAURANT_RESERVATION-000052-STEP-02-reserve_table","SKIPPED_DUE_TO_PREVIOUS_FAILURE","TIMEOUT","1","2","CP-CHN-000052-STEP-02","State before reserve_table in Koyambedu","Expected valid reserve_table","Committed reserve_table","COMPENSATED","SAGA_REVERSE_COMPENSATION","false","PASSED","RESTORED","2026-10-04T00:47:15.112Z","2026-10-05T04:33:03.112Z"
"REC-CHN-000052-03","WF-CHN-RESTAURANT_RESERVATION-000052","restaurant_reservation","Chennai","Koyambedu","CUS-CHN-000052","Abirami Kalyan","+91-90000-00052","customer000052@example.test","BUS-CHN-0003","Velachery Bistro & Cafe (SYNTHETIC DEMO ENTITY)","AGT-CHN-RES-01","STEP-03","3","5","deposit_service","charge_deposit","refund_deposit","true","true","false","STEP-02","WF-CHN-RESTAURANT_RESERVATION-000052-STEP-03-charge_deposit","SKIPPED_DUE_TO_PREVIOUS_FAILURE","TIMEOUT","1","2","CP-CHN-000052-STEP-03","State before charge_deposit in Koyambedu","Expected valid charge_deposit","Committed charge_deposit","COMPENSATED","SAGA_REVERSE_COMPENSATION","false","PASSED","RESTORED","2026-10-04T00:47:15.112Z","2026-10-05T04:33:03.112Z"
"REC-CHN-000052-04","WF-CHN-RESTAURANT_RESERVATION-000052","restaurant_reservation","Chennai","Koyambedu","CUS-CHN-000052","Abirami Kalyan","+91-90000-00052","customer000052@example.test","BUS-CHN-0003","Velachery Bistro & Cafe (SYNTHETIC DEMO ENTITY)","AGT-CHN-RES-01","STEP-04","4","5","reservation_service","create_reservation","cancel_reservation","true","true","false","STEP-03","WF-CHN-RESTAURANT_RESERVATION-000052-STEP-04-create_reservation","SKIPPED_DUE_TO_PREVIOUS_FAILURE","TIMEOUT","1","2","CP-CHN-000052-STEP-04","State before create_reservation in Koyambedu","Expected valid create_reservation","Committed create_reservation","COMPENSATED","SAGA_REVERSE_COMPENSATION","false","PASSED","RESTORED","2026-10-04T00:47:15.112Z","2026-10-05T04:33:03.112Z"
"REC-CHN-000052-05","WF-CHN-RESTAURANT_RESERVATION-000052","restaurant_reservation","Chennai","Koyambedu","CUS-CHN-000052","Abirami Kalyan","+91-90000-00052","customer000052@example.test","BUS-CHN-0003","Velachery Bistro & Cafe (SYNTHETIC DEMO ENTITY)","AGT-CHN-RES-01","STEP-05","5","5","messaging_service","send_confirmation",,"false","true","true","STEP-04","WF-CHN-RESTAURANT_RESERVATION-000052-STEP-05-send_confirmation","SKIPPED_DUE_TO_PREVIOUS_FAILURE","TIMEOUT","1","2","CP-CHN-000052-STEP-05","State before send_confirmation in Koyambedu","Expected valid send_confirmation","Committed send_confirmation","SKIPPED","SAGA_REVERSE_COMPENSATION","false","PASSED","RESTORED","2026-10-04T00:47:15.112Z","2026-10-05T04:33:03.112Z"
"REC-CHN-000053-01","WF-CHN-CAB_BOOKING-000053","cab_booking","Chennai","Ambattur","CUS-CHN-000053","Surya Prakash","+91-90000-00053","customer000053@example.test","BUS-CHN-0004","Coromandel Cabs (SYNTHETIC DEMO ENTITY)","AGT-CHN-CAB-01","STEP-01","1","5","ride_dispatcher","request_ride",,"false","true","false","NONE","WF-CHN-CAB_BOOKING-000053-STEP-01-request_ride","COMPLETED","NETWORK_FAILURE","2","3","CP-CHN-000053-STEP-01","State before request_ride in Ambattur","Expected valid request_ride","Originally completed, then reversed during recovery","NOT_APPLICABLE","REVERSE_COMPENSATE_STEP","false","PASSED","RESTORED","2026-10-04T00:47:16.112Z","2026-10-05T04:33:03.112Z"
"REC-CHN-000053-02","WF-CHN-CAB_BOOKING-000053","cab_booking","Chennai","Ambattur","CUS-CHN-000053","Surya Prakash","+91-90000-00053","customer000053@example.test","BUS-CHN-0004","Coromandel Cabs (SYNTHETIC DEMO ENTITY)","AGT-CHN-CAB-01","STEP-02","2","5","driver_assignment","assign_driver","release_driver","true","true","false","STEP-01","WF-CHN-CAB_BOOKING-000053-STEP-02-assign_driver","FAILED","NETWORK_FAILURE","2","3","CP-CHN-000053-STEP-02","State before assign_driver in Ambattur","Expected valid assign_driver","Failed at assign_driver: NETWORK_FAILURE","TRIGGERING_RECOVERY","SAGA_REVERSE_COMPENSATION","false","FAILED_AT_STEP","RESTORED","2026-10-04T00:47:16.112Z","2026-10-05T04:33:03.112Z"
"REC-CHN-000053-03","WF-CHN-CAB_BOOKING-000053","cab_booking","Chennai","Ambattur","CUS-CHN-000053","Surya Prakash","+91-90000-00053","customer000053@example.test","BUS-CHN-0004","Coromandel Cabs (SYNTHETIC DEMO ENTITY)","AGT-CHN-CAB-01","STEP-03","3","5","trip_service","confirm_ride","cancel_ride","true","true","false","STEP-02","WF-CHN-CAB_BOOKING-000053-STEP-03-confirm_ride","SKIPPED_DUE_TO_PREVIOUS_FAILURE","NETWORK_FAILURE","2","3","CP-CHN-000053-STEP-03","State before confirm_ride in Ambattur","Expected valid confirm_ride","Committed confirm_ride","COMPENSATED","SAGA_REVERSE_COMPENSATION","false","PASSED","RESTORED","2026-10-04T00:47:16.112Z","2026-10-05T04:33:03.112Z"
"REC-CHN-000053-04","WF-CHN-CAB_BOOKING-000053","cab_booking","Chennai","Ambattur","CUS-CHN-000053","Surya Prakash","+91-90000-00053","customer000053@example.test","BUS-CHN-0004","Coromandel Cabs (SYNTHETIC DEMO ENTITY)","AGT-CHN-CAB-01","STEP-04","4","5","fare_service","charge_payment","refund_payment","true","true","false","STEP-03","WF-CHN-CAB_BOOKING-000053-STEP-04-charge_payment","SKIPPED_DUE_TO_PREVIOUS_FAILURE","NETWORK_FAILURE","2","3","CP-CHN-000053-STEP-04","State before charge_payment in Ambattur","Expected valid charge_payment","Committed charge_payment","COMPENSATED","SAGA_REVERSE_COMPENSATION","false","PASSED","RESTORED","2026-10-04T00:47:16.112Z","2026-10-05T04:33:03.112Z"
"REC-CHN-000053-05","WF-CHN-CAB_BOOKING-000053","cab_booking","Chennai","Ambattur","CUS-CHN-000053","Surya Prakash","+91-90000-00053","customer000053@example.test","BUS-CHN-0004","Coromandel Cabs (SYNTHETIC DEMO ENTITY)","AGT-CHN-CAB-01","STEP-05","5","5","comm_service","send_confirmation",,"false","true","true","STEP-04","WF-CHN-CAB_BOOKING-000053-STEP-05-send_confirmation","SKIPPED_DUE_TO_PREVIOUS_FAILURE","NETWORK_FAILURE","2","3","CP-CHN-000053-STEP-05","State before send_confirmation in Ambattur","Expected valid send_confirmation","Committed send_confirmation","SKIPPED","SAGA_REVERSE_COMPENSATION","false","PASSED","RESTORED","2026-10-04T00:47:16.112Z","2026-10-05T04:33:03.113Z"
"REC-CHN-000054-01","WF-CHN-EVENT_REGISTRATION-000054","event_registration","Chennai","Avadi","CUS-CHN-000054","Bhavani Shankar","+91-90000-00054","customer000054@example.test","BUS-CHN-0005","Marina Hackathon Expo (SYNTHETIC DEMO ENTITY)","AGT-CHN-EVE-01","STEP-01","1","5","event_service","register_participant","cancel_registration","true","true","false","NONE","WF-CHN-EVENT_REGISTRATION-000054-STEP-01-register_participant","COMPLETED","DUPLICATE_REQUEST","3","1","CP-CHN-000054-STEP-01","State before register_participant in Avadi","Expected valid register_participant","Committed register_participant","NONE","FORWARD_EXECUTION","false","PASSED","COMMITTED","2026-10-04T00:47:17.113Z","2026-10-05T04:33:03.113Z"
"REC-CHN-000054-02","WF-CHN-EVENT_REGISTRATION-000054","event_registration","Chennai","Avadi","CUS-CHN-000054","Bhavani Shankar","+91-90000-00054","customer000054@example.test","BUS-CHN-0005","Marina Hackathon Expo (SYNTHETIC DEMO ENTITY)","AGT-CHN-EVE-01","STEP-02","2","5","seating_service","reserve_seat","release_seat","true","true","false","STEP-01","WF-CHN-EVENT_REGISTRATION-000054-STEP-02-reserve_seat","COMPLETED","DUPLICATE_REQUEST","3","1","CP-CHN-000054-STEP-02","State before reserve_seat in Avadi","Expected valid reserve_seat","Duplicate request detected via idempotency key: WF-CHN-EVENT_REGISTRATION-000054-STEP-02-reserve_seat. Returned cached response with 0 side effects.","NONE","IDEMPOTENCY_GUARD_PREVENT_DUPLICATE","false","PASSED","RESTORED_OR_COMMITTED","2026-10-04T00:47:17.113Z","2026-10-05T04:33:03.113Z"
"REC-CHN-000054-03","WF-CHN-EVENT_REGISTRATION-000054","event_registration","Chennai","Avadi","CUS-CHN-000054","Bhavani Shankar","+91-90000-00054","customer000054@example.test","BUS-CHN-0005","Marina Hackathon Expo (SYNTHETIC DEMO ENTITY)","AGT-CHN-EVE-01","STEP-03","3","5","payment_gateway","process_payment","refund_payment","true","true","false","STEP-02","WF-CHN-EVENT_REGISTRATION-000054-STEP-03-process_payment","COMPLETED","DUPLICATE_REQUEST","3","1","CP-CHN-000054-STEP-03","State before process_payment in Avadi","Expected valid process_payment","Committed process_payment","NONE","FORWARD_EXECUTION","false","PASSED","COMMITTED","2026-10-04T00:47:17.113Z","2026-10-05T04:33:03.113Z"
"REC-CHN-000054-04","WF-CHN-EVENT_REGISTRATION-000054","event_registration","Chennai","Avadi","CUS-CHN-000054","Bhavani Shankar","+91-90000-00054","customer000054@example.test","BUS-CHN-0005","Marina Hackathon Expo (SYNTHETIC DEMO ENTITY)","AGT-CHN-EVE-01","STEP-04","4","5","ticket_generator","generate_ticket","invalidate_ticket","true","true","false","STEP-03","WF-CHN-EVENT_REGISTRATION-000054-STEP-04-generate_ticket","COMPLETED","DUPLICATE_REQUEST","3","1","CP-CHN-000054-STEP-04","State before generate_ticket in Avadi","Expected valid generate_ticket","Committed generate_ticket","NONE","FORWARD_EXECUTION","false","PASSED","COMMITTED","2026-10-04T00:47:17.113Z","2026-10-05T04:33:03.113Z"
"REC-CHN-000054-05","WF-CHN-EVENT_REGISTRATION-000054","event_registration","Chennai","Avadi","CUS-CHN-000054","Bhavani Shankar","+91-90000-00054","customer000054@example.test","BUS-CHN-0005","Marina Hackathon Expo (SYNTHETIC DEMO ENTITY)","AGT-CHN-EVE-01","STEP-05","5","5","email_dispatcher","email_ticket",,"false","true","true","STEP-04","WF-CHN-EVENT_REGISTRATION-000054-STEP-05-email_ticket","COMPLETED","DUPLICATE_REQUEST","3","1","CP-CHN-000054-STEP-05","State before email_ticket in Avadi","Expected valid email_ticket","Committed email_ticket","NONE","FORWARD_EXECUTION","false","PASSED","COMMITTED","2026-10-04T00:47:17.113Z","2026-10-05T04:33:03.113Z"
"REC-CHN-000055-01","WF-CHN-DELIVERY-000055","delivery","Chennai","Mogappair","CUS-CHN-000055","Vijay Anand","+91-90000-00055","customer000055@example.test","BUS-CHN-0006","Southern Parcel Dispatch (SYNTHETIC DEMO ENTITY)","AGT-CHN-DEL-01","STEP-01","1","5","dispatch_engine","create_delivery","cancel_delivery","true","true","false","NONE","WF-CHN-DELIVERY-000055-STEP-01-create_delivery","COMPLETED","UNKNOWN_STATE","4","2","CP-CHN-000055-STEP-01","State before create_delivery in Mogappair","Expected valid create_delivery","Committed create_delivery","NONE","FORWARD_EXECUTION","false","PASSED","COMMITTED","2026-10-04T00:47:18.113Z","2026-10-05T04:33:03.113Z"
"REC-CHN-000055-02","WF-CHN-DELIVERY-000055","delivery","Chennai","Mogappair","CUS-CHN-000055","Vijay Anand","+91-90000-00055","customer000055@example.test","BUS-CHN-0006","Southern Parcel Dispatch (SYNTHETIC DEMO ENTITY)","AGT-CHN-DEL-01","STEP-02","2","5","courier_service","assign_driver","unassign_driver","true","true","false","STEP-01","WF-CHN-DELIVERY-000055-STEP-02-assign_driver","COMPLETED","UNKNOWN_STATE","4","2","CP-CHN-000055-STEP-02","State before assign_driver in Mogappair","Expected valid assign_driver","Committed assign_driver","NONE","FORWARD_EXECUTION","false","PASSED","COMMITTED","2026-10-04T00:47:18.113Z","2026-10-05T04:33:03.113Z"
"REC-CHN-000055-03","WF-CHN-DELIVERY-000055","delivery","Chennai","Mogappair","CUS-CHN-000055","Vijay Anand","+91-90000-00055","customer000055@example.test","BUS-CHN-0006","Southern Parcel Dispatch (SYNTHETIC DEMO ENTITY)","AGT-CHN-DEL-01","STEP-03","3","5","fleet_service","reserve_vehicle","release_vehicle","true","true","false","STEP-02","WF-CHN-DELIVERY-000055-STEP-03-reserve_vehicle","COMPLETED","UNKNOWN_STATE","4","2","CP-CHN-000055-STEP-03","State before reserve_vehicle in Mogappair","Expected valid reserve_vehicle","Committed reserve_vehicle","NONE","FORWARD_EXECUTION","false","PASSED","COMMITTED","2026-10-04T00:47:18.113Z","2026-10-05T04:33:03.113Z"
"REC-CHN-000055-04","WF-CHN-DELIVERY-000055","delivery","Chennai","Mogappair","CUS-CHN-000055","Vijay Anand","+91-90000-00055","customer000055@example.test","BUS-CHN-0006","Southern Parcel Dispatch (SYNTHETIC DEMO ENTITY)","AGT-CHN-DEL-01","STEP-04","4","5","sorting_service","dispatch_package","recall_dispatch","true","true","false","STEP-03","WF-CHN-DELIVERY-000055-STEP-04-dispatch_package","FAILED","UNKNOWN_STATE","4","2","CP-CHN-000055-STEP-04","State before dispatch_package in Mogappair","Expected valid dispatch_package","Committed dispatch_package","NONE","QUERY_AUTHORITATIVE_MOCK_WORLD_THEN_COMPENSATE","false","PASSED","RESTORED","2026-10-04T00:47:18.113Z","2026-10-05T04:33:03.113Z"
"REC-CHN-000055-05","WF-CHN-DELIVERY-000055","delivery","Chennai","Mogappair","CUS-CHN-000055","Vijay Anand","+91-90000-00055","customer000055@example.test","BUS-CHN-0006","Southern Parcel Dispatch (SYNTHETIC DEMO ENTITY)","AGT-CHN-DEL-01","STEP-05","5","5","alert_service","notify_customer",,"false","true","true","STEP-04","WF-CHN-DELIVERY-000055-STEP-05-notify_customer","SKIPPED_DUE_TO_PREVIOUS_FAILURE","UNKNOWN_STATE","4","2","CP-CHN-000055-STEP-05","State before notify_customer in Mogappair","Expected valid notify_customer","Committed notify_customer","SKIPPED","SAGA_REVERSE_COMPENSATION","false","PASSED","RESTORED","2026-10-04T00:47:18.113Z","2026-10-05T04:33:03.113Z"
"REC-CHN-000056-01","WF-CHN-APPOINTMENT_BOOKING-000056","appointment_booking","Chennai","Poonamallee","CUS-CHN-000056","Sneha Radhakrishnan","+91-90000-00056","customer000056@example.test","BUS-CHN-0007","Apollo Health Hub Chennai (SYNTHETIC DEMO ENTITY)","AGT-CHN-APP-01","STEP-01","1","5","clinic_calendar","find_slot",,"false","true","false","NONE","WF-CHN-APPOINTMENT_BOOKING-000056-STEP-01-find_slot","FAILED","PARTIAL_FAILURE","1","3","CP-CHN-000056-STEP-01","State before find_slot in Poonamallee","Expected valid find_slot","Committed find_slot","NONE","QUERY_AUTHORITATIVE_MOCK_WORLD_THEN_COMPENSATE","false","PASSED","RESTORED","2026-10-04T00:47:19.113Z","2026-10-05T04:33:03.113Z"
"REC-CHN-000056-02","WF-CHN-APPOINTMENT_BOOKING-000056","appointment_booking","Chennai","Poonamallee","CUS-CHN-000056","Sneha Radhakrishnan","+91-90000-00056","customer000056@example.test","BUS-CHN-0007","Apollo Health Hub Chennai (SYNTHETIC DEMO ENTITY)","AGT-CHN-APP-01","STEP-02","2","5","slot_manager","reserve_slot","release_slot","true","true","false","STEP-01","WF-CHN-APPOINTMENT_BOOKING-000056-STEP-02-reserve_slot","SKIPPED_DUE_TO_PREVIOUS_FAILURE","PARTIAL_FAILURE","1","3","CP-CHN-000056-STEP-02","State before reserve_slot in Poonamallee","Expected valid reserve_slot","Committed reserve_slot","COMPENSATED","SAGA_REVERSE_COMPENSATION","false","PASSED","RESTORED","2026-10-04T00:47:19.113Z","2026-10-05T04:33:03.113Z"
"REC-CHN-000056-03","WF-CHN-APPOINTMENT_BOOKING-000056","appointment_booking","Chennai","Poonamallee","CUS-CHN-000056","Sneha Radhakrishnan","+91-90000-00056","customer000056@example.test","BUS-CHN-0007","Apollo Health Hub Chennai (SYNTHETIC DEMO ENTITY)","AGT-CHN-APP-01","STEP-03","3","5","billing_service","process_payment","refund_payment","true","true","false","STEP-02","WF-CHN-APPOINTMENT_BOOKING-000056-STEP-03-process_payment","SKIPPED_DUE_TO_PREVIOUS_FAILURE","PARTIAL_FAILURE","1","3","CP-CHN-000056-STEP-03","State before process_payment in Poonamallee","Expected valid process_payment","Committed process_payment","COMPENSATED","SAGA_REVERSE_COMPENSATION","false","PASSED","RESTORED","2026-10-04T00:47:19.113Z","2026-10-05T04:33:03.113Z"
"REC-CHN-000056-04","WF-CHN-APPOINTMENT_BOOKING-000056","appointment_booking","Chennai","Poonamallee","CUS-CHN-000056","Sneha Radhakrishnan","+91-90000-00056","customer000056@example.test","BUS-CHN-0007","Apollo Health Hub Chennai (SYNTHETIC DEMO ENTITY)","AGT-CHN-APP-01","STEP-04","4","5","emr_service","create_appointment","cancel_appointment","true","true","false","STEP-03","WF-CHN-APPOINTMENT_BOOKING-000056-STEP-04-create_appointment","SKIPPED_DUE_TO_PREVIOUS_FAILURE","PARTIAL_FAILURE","1","3","CP-CHN-000056-STEP-04","State before create_appointment in Poonamallee","Expected valid create_appointment","Committed create_appointment","COMPENSATED","SAGA_REVERSE_COMPENSATION","false","PASSED","RESTORED","2026-10-04T00:47:19.113Z","2026-10-05T04:33:03.113Z"
"REC-CHN-000056-05","WF-CHN-APPOINTMENT_BOOKING-000056","appointment_booking","Chennai","Poonamallee","CUS-CHN-000056","Sneha Radhakrishnan","+91-90000-00056","customer000056@example.test","BUS-CHN-0007","Apollo Health Hub Chennai (SYNTHETIC DEMO ENTITY)","AGT-CHN-APP-01","STEP-05","5","5","sms_service","send_confirmation",,"false","true","true","STEP-04","WF-CHN-APPOINTMENT_BOOKING-000056-STEP-05-send_confirmation","SKIPPED_DUE_TO_PREVIOUS_FAILURE","PARTIAL_FAILURE","1","3","CP-CHN-000056-STEP-05","State before send_confirmation in Poonamallee","Expected valid send_confirmation","Committed send_confirmation","SKIPPED","SAGA_REVERSE_COMPENSATION","false","PASSED","RESTORED","2026-10-04T00:47:19.113Z","2026-10-05T04:33:03.113Z"
"REC-CHN-000057-01","WF-CHN-HOTEL_BOOKING-000057","hotel_booking","Chennai","Madhuravoyal","CUS-CHN-000057","Arun Kumar","+91-90000-00057","customer000057@example.test","BUS-CHN-0008","Marina Comfort Suites (SYNTHETIC DEMO ENTITY)","AGT-CHN-HOT-01","STEP-01","1","5","hotel_search","search_hotel",,"false","true","false","NONE","WF-CHN-HOTEL_BOOKING-000057-STEP-01-search_hotel","COMPLETED","CRASH","2","1","CP-CHN-000057-STEP-01","State before search_hotel in Madhuravoyal","Expected valid search_hotel","Committed search_hotel","CHECKPOINTED","RESUME_FROM_DURABLE_LOG","false","PASSED","DURABLE_CHECKPOINT_SAVED","2026-10-04T00:47:20.113Z","2026-10-05T04:33:03.113Z"
"REC-CHN-000057-02","WF-CHN-HOTEL_BOOKING-000057","hotel_booking","Chennai","Madhuravoyal","CUS-CHN-000057","Arun Kumar","+91-90000-00057","customer000057@example.test","BUS-CHN-0008","Marina Comfort Suites (SYNTHETIC DEMO ENTITY)","AGT-CHN-HOT-01","STEP-02","2","5","room_selection","select_room",,"false","true","false","STEP-01","WF-CHN-HOTEL_BOOKING-000057-STEP-02-select_room","SKIPPED_DUE_TO_CRASH","CRASH","2","1","CP-CHN-000057-STEP-02","State before select_room in Madhuravoyal","Expected valid select_room","Committed select_room","NONE","RESUME_OR_ROLLBACK_AFTER_CRASH","false","PASSED","PRESERVED_AT_CHECKPOINT","2026-10-04T00:47:20.113Z","2026-10-05T04:33:03.113Z"
"REC-CHN-000057-03","WF-CHN-HOTEL_BOOKING-000057","hotel_booking","Chennai","Madhuravoyal","CUS-CHN-000057","Arun Kumar","+91-90000-00057","customer000057@example.test","BUS-CHN-0008","Marina Comfort Suites (SYNTHETIC DEMO ENTITY)","AGT-CHN-HOT-01","STEP-03","3","5","room_booking","book_room","cancel_booking","true","true","false","STEP-02","WF-CHN-HOTEL_BOOKING-000057-STEP-03-book_room","SKIPPED_DUE_TO_CRASH","CRASH","2","1","CP-CHN-000057-STEP-03","State before book_room in Madhuravoyal","Expected valid book_room","Committed book_room","NONE","RESUME_OR_ROLLBACK_AFTER_CRASH","false","PASSED","PRESERVED_AT_CHECKPOINT","2026-10-04T00:47:20.113Z","2026-10-05T04:33:03.113Z"
"REC-CHN-000057-04","WF-CHN-HOTEL_BOOKING-000057","hotel_booking","Chennai","Madhuravoyal","CUS-CHN-000057","Arun Kumar","+91-90000-00057","customer000057@example.test","BUS-CHN-0008","Marina Comfort Suites (SYNTHETIC DEMO ENTITY)","AGT-CHN-HOT-01","STEP-04","4","5","payment_processor","charge_card","refund_payment","true","true","false","STEP-03","WF-CHN-HOTEL_BOOKING-000057-STEP-04-charge_card","SKIPPED_DUE_TO_CRASH","CRASH","2","1","CP-CHN-000057-STEP-04","State before charge_card in Madhuravoyal","Expected valid charge_card","Committed charge_card","NONE","RESUME_OR_ROLLBACK_AFTER_CRASH","false","PASSED","PRESERVED_AT_CHECKPOINT","2026-10-04T00:47:20.113Z","2026-10-05T04:33:03.113Z"
"REC-CHN-000057-05","WF-CHN-HOTEL_BOOKING-000057","hotel_booking","Chennai","Madhuravoyal","CUS-CHN-000057","Arun Kumar","+91-90000-00057","customer000057@example.test","BUS-CHN-0008","Marina Comfort Suites (SYNTHETIC DEMO ENTITY)","AGT-CHN-HOT-01","STEP-05","5","5","email_service","email_customer",,"false","true","true","STEP-04","WF-CHN-HOTEL_BOOKING-000057-STEP-05-email_customer","SKIPPED_DUE_TO_CRASH","CRASH","2","1","CP-CHN-000057-STEP-05","State before email_customer in Madhuravoyal","Expected valid email_customer","Committed email_customer","NONE","RESUME_OR_ROLLBACK_AFTER_CRASH","false","PASSED","PRESERVED_AT_CHECKPOINT","2026-10-04T00:47:20.113Z","2026-10-05T04:33:03.113Z"
"REC-CHN-000058-01","WF-CHN-ECOMMERCE_ORDER-000058","ecommerce_order","Chennai","Tambaram","CUS-CHN-000058","Kavin Raj","+91-90000-00058","customer000058@example.test","BUS-CHN-0009","Bay View Electronics Chennai (SYNTHETIC DEMO ENTITY)","AGT-CHN-ECO-01","STEP-01","1","5","order_service","create_order","cancel_order","true","true","false","NONE","WF-CHN-ECOMMERCE_ORDER-000058-STEP-01-create_order","COMPLETED","COMPENSATION_FAILURE","3","2","CP-CHN-000058-STEP-01","State before create_order in Tambaram","Expected valid create_order","Committed create_order","NONE","FORWARD_EXECUTION","false","PASSED","COMMITTED","2026-10-04T00:47:21.113Z","2026-10-05T04:33:03.113Z"
"REC-CHN-000058-02","WF-CHN-ECOMMERCE_ORDER-000058","ecommerce_order","Chennai","Tambaram","CUS-CHN-000058","Kavin Raj","+91-90000-00058","customer000058@example.test","BUS-CHN-0009","Bay View Electronics Chennai (SYNTHETIC DEMO ENTITY)","AGT-CHN-ECO-01","STEP-02","2","5","inventory_service","reserve_inventory","release_inventory","true","true","false","STEP-01","WF-CHN-ECOMMERCE_ORDER-000058-STEP-02-reserve_inventory","COMPLETED","COMPENSATION_FAILURE","3","2","CP-CHN-000058-STEP-02","State before reserve_inventory in Tambaram","Expected valid reserve_inventory","Committed reserve_inventory","NONE","FORWARD_EXECUTION","false","PASSED","COMMITTED","2026-10-04T00:47:21.113Z","2026-10-05T04:33:03.113Z"
"REC-CHN-000058-03","WF-CHN-ECOMMERCE_ORDER-000058","ecommerce_order","Chennai","Tambaram","CUS-CHN-000058","Kavin Raj","+91-90000-00058","customer000058@example.test","BUS-CHN-0009","Bay View Electronics Chennai (SYNTHETIC DEMO ENTITY)","AGT-CHN-ECO-01","STEP-03","3","5","payment_service","charge_card","refund_payment","true","true","false","STEP-02","WF-CHN-ECOMMERCE_ORDER-000058-STEP-03-charge_card","FAILED","COMPENSATION_FAILURE","3","2","CP-CHN-000058-STEP-03","State before charge_card in Tambaram","Expected valid charge_card","Committed charge_card","NONE","FORWARD_EXECUTION","false","PASSED","COMMITTED","2026-10-04T00:47:21.113Z","2026-10-05T04:33:03.113Z"
"REC-CHN-000058-04","WF-CHN-ECOMMERCE_ORDER-000058","ecommerce_order","Chennai","Tambaram","CUS-CHN-000058","Kavin Raj","+91-90000-00058","customer000058@example.test","BUS-CHN-0009","Bay View Electronics Chennai (SYNTHETIC DEMO ENTITY)","AGT-CHN-ECO-01","STEP-04","4","5","shipment_service","create_shipment","cancel_shipment","true","true","false","STEP-03","WF-CHN-ECOMMERCE_ORDER-000058-STEP-04-create_shipment","SKIPPED_DUE_TO_PREVIOUS_FAILURE","COMPENSATION_FAILURE","3","2","CP-CHN-000058-STEP-04","State before create_shipment in Tambaram","Expected valid create_shipment","Committed create_shipment","COMPENSATED","SAGA_REVERSE_COMPENSATION","false","PASSED","RESTORED","2026-10-04T00:47:21.113Z","2026-10-05T04:33:03.113Z"
"REC-CHN-000058-05","WF-CHN-ECOMMERCE_ORDER-000058","ecommerce_order","Chennai","Tambaram","CUS-CHN-000058","Kavin Raj","+91-90000-00058","customer000058@example.test","BUS-CHN-0009","Bay View Electronics Chennai (SYNTHETIC DEMO ENTITY)","AGT-CHN-ECO-01","STEP-05","5","5","notification_service","email_customer",,"false","true","true","STEP-04","WF-CHN-ECOMMERCE_ORDER-000058-STEP-05-email_customer","SKIPPED_DUE_TO_PREVIOUS_FAILURE","COMPENSATION_FAILURE","3","2","CP-CHN-000058-STEP-05","State before email_customer in Tambaram","Expected valid email_customer","Committed email_customer","SKIPPED","SAGA_REVERSE_COMPENSATION","false","PASSED","RESTORED","2026-10-04T00:47:21.113Z","2026-10-05T04:33:03.113Z"
"REC-CHN-000059-01","WF-CHN-CUSTOMER_SUPPORT-000059","customer_support","Chennai","Chromepet","CUS-CHN-000059","Priya Anand","+91-90000-00059","customer000059@example.test","BUS-CHN-0010","Southern Tech Helpdesk (SYNTHETIC DEMO ENTITY)","AGT-CHN-CUS-01","STEP-01","1","5","crm_service","create_ticket","close_ticket","true","true","false","NONE","WF-CHN-CUSTOMER_SUPPORT-000059-STEP-01-create_ticket","COMPLETED","IRREVERSIBLE_ACTION","4","3","CP-CHN-000059-STEP-01","State before create_ticket in Chromepet","Expected valid create_ticket","Committed create_ticket","NONE","FORWARD_EXECUTION","false","PASSED","COMMITTED","2026-10-04T00:47:22.113Z","2026-10-05T04:33:03.113Z"
"REC-CHN-000059-02","WF-CHN-CUSTOMER_SUPPORT-000059","customer_support","Chennai","Chromepet","CUS-CHN-000059","Priya Anand","+91-90000-00059","customer000059@example.test","BUS-CHN-0010","Southern Tech Helpdesk (SYNTHETIC DEMO ENTITY)","AGT-CHN-CUS-01","STEP-02","2","5","routing_service","assign_agent","unassign_agent","true","true","false","STEP-01","WF-CHN-CUSTOMER_SUPPORT-000059-STEP-02-assign_agent","COMPLETED","IRREVERSIBLE_ACTION","4","3","CP-CHN-000059-STEP-02","State before assign_agent in Chromepet","Expected valid assign_agent","Committed assign_agent","NONE","FORWARD_EXECUTION","false","PASSED","COMMITTED","2026-10-04T00:47:22.113Z","2026-10-05T04:33:03.113Z"
"REC-CHN-000059-03","WF-CHN-CUSTOMER_SUPPORT-000059","customer_support","Chennai","Chromepet","CUS-CHN-000059","Priya Anand","+91-90000-00059","customer000059@example.test","BUS-CHN-0010","Southern Tech Helpdesk (SYNTHETIC DEMO ENTITY)","AGT-CHN-CUS-01","STEP-03","3","5","customer_record_service","update_customer_record","restore_customer_record","true","true","false","STEP-02","WF-CHN-CUSTOMER_SUPPORT-000059-STEP-03-update_customer_record","COMPLETED","IRREVERSIBLE_ACTION","4","3","CP-CHN-000059-STEP-03","State before update_customer_record in Chromepet","Expected valid update_customer_record","Committed update_customer_record","NONE","FORWARD_EXECUTION","false","PASSED","COMMITTED","2026-10-04T00:47:22.113Z","2026-10-05T04:33:03.113Z"
"REC-CHN-000059-04","WF-CHN-CUSTOMER_SUPPORT-000059","customer_support","Chennai","Chromepet","CUS-CHN-000059","Priya Anand","+91-90000-00059","customer000059@example.test","BUS-CHN-0010","Southern Tech Helpdesk (SYNTHETIC DEMO ENTITY)","AGT-CHN-CUS-01","STEP-04","4","5","resolution_service","create_resolution","revert_resolution","true","true","false","STEP-03","WF-CHN-CUSTOMER_SUPPORT-000059-STEP-04-create_resolution","COMPLETED","IRREVERSIBLE_ACTION","4","3","CP-CHN-000059-STEP-04","State before create_resolution in Chromepet","Expected valid create_resolution","Committed create_resolution","NONE","FORWARD_EXECUTION","false","PASSED","COMMITTED","2026-10-04T00:47:22.113Z","2026-10-05T04:33:03.113Z"
"REC-CHN-000059-05","WF-CHN-CUSTOMER_SUPPORT-000059","customer_support","Chennai","Chromepet","CUS-CHN-000059","Priya Anand","+91-90000-00059","customer000059@example.test","BUS-CHN-0010","Southern Tech Helpdesk (SYNTHETIC DEMO ENTITY)","AGT-CHN-CUS-01","STEP-05","5","5","notification_service","email_customer",,"false","true","true","STEP-04","WF-CHN-CUSTOMER_SUPPORT-000059-STEP-05-email_customer","COMPLETED","IRREVERSIBLE_ACTION","4","3","CP-CHN-000059-STEP-05","State before email_customer in Chromepet","Expected valid email_customer","Committed email_customer","NONE","FORWARD_EXECUTION","false","PASSED","COMMITTED","2026-10-04T00:47:22.113Z","2026-10-05T04:33:03.113Z"
"REC-CHN-000060-01","WF-CHN-RESTAURANT_RESERVATION-000060","restaurant_reservation","Chennai","Pallavaram","CUS-CHN-000060","Divya Krishnan","+91-90000-00060","customer000060@example.test","BUS-CHN-0011","Mylapore Rasam & Curries (SYNTHETIC DEMO ENTITY)","AGT-CHN-RES-01","STEP-01","1","5","dining_search","find_restaurant",,"false","true","false","NONE","WF-CHN-RESTAURANT_RESERVATION-000060-STEP-01-find_restaurant","COMPLETED","APPROVAL_REQUIRED","1","1","CP-CHN-000060-STEP-01","State before find_restaurant in Pallavaram","Expected valid find_restaurant","Committed find_restaurant","NONE","FORWARD_EXECUTION","false","PASSED","COMMITTED","2026-10-04T00:47:23.113Z","2026-10-05T04:33:03.113Z"
"REC-CHN-000060-02","WF-CHN-RESTAURANT_RESERVATION-000060","restaurant_reservation","Chennai","Pallavaram","CUS-CHN-000060","Divya Krishnan","+91-90000-00060","customer000060@example.test","BUS-CHN-0011","Mylapore Rasam & Curries (SYNTHETIC DEMO ENTITY)","AGT-CHN-RES-01","STEP-02","2","5","table_booking","reserve_table","release_table","true","true","false","STEP-01","WF-CHN-RESTAURANT_RESERVATION-000060-STEP-02-reserve_table","COMPLETED","APPROVAL_REQUIRED","1","1","CP-CHN-000060-STEP-02","State before reserve_table in Pallavaram","Expected valid reserve_table","Committed reserve_table","NONE","FORWARD_EXECUTION","false","PASSED","COMMITTED","2026-10-04T00:47:23.113Z","2026-10-05T04:33:03.113Z"
"REC-CHN-000060-03","WF-CHN-RESTAURANT_RESERVATION-000060","restaurant_reservation","Chennai","Pallavaram","CUS-CHN-000060","Divya Krishnan","+91-90000-00060","customer000060@example.test","BUS-CHN-0011","Mylapore Rasam & Curries (SYNTHETIC DEMO ENTITY)","AGT-CHN-RES-01","STEP-03","3","5","deposit_service","charge_deposit","refund_deposit","true","true","false","STEP-02","WF-CHN-RESTAURANT_RESERVATION-000060-STEP-03-charge_deposit","COMPLETED","APPROVAL_REQUIRED","1","1","CP-CHN-000060-STEP-03","State before charge_deposit in Pallavaram","Expected valid charge_deposit","Committed charge_deposit","NONE","FORWARD_EXECUTION","false","PASSED","COMMITTED","2026-10-04T00:47:23.113Z","2026-10-05T04:33:03.113Z"
"REC-CHN-000060-04","WF-CHN-RESTAURANT_RESERVATION-000060","restaurant_reservation","Chennai","Pallavaram","CUS-CHN-000060","Divya Krishnan","+91-90000-00060","customer000060@example.test","BUS-CHN-0011","Mylapore Rasam & Curries (SYNTHETIC DEMO ENTITY)","AGT-CHN-RES-01","STEP-04","4","5","reservation_service","create_reservation","cancel_reservation","true","true","false","STEP-03","WF-CHN-RESTAURANT_RESERVATION-000060-STEP-04-create_reservation","COMPLETED","APPROVAL_REQUIRED","1","1","CP-CHN-000060-STEP-04","State before create_reservation in Pallavaram","Expected valid create_reservation","Committed create_reservation","NONE","FORWARD_EXECUTION","false","PASSED","COMMITTED","2026-10-04T00:47:23.113Z","2026-10-05T04:33:03.113Z"
"REC-CHN-000060-05","WF-CHN-RESTAURANT_RESERVATION-000060","restaurant_reservation","Chennai","Pallavaram","CUS-CHN-000060","Divya Krishnan","+91-90000-00060","customer000060@example.test","BUS-CHN-0011","Mylapore Rasam & Curries (SYNTHETIC DEMO ENTITY)","AGT-CHN-RES-01","STEP-05","5","5","messaging_service","send_confirmation",,"false","true","true","STEP-04","WF-CHN-RESTAURANT_RESERVATION-000060-STEP-05-send_confirmation","COMPLETED","APPROVAL_REQUIRED","1","1","CP-CHN-000060-STEP-05","State before send_confirmation in Pallavaram","Expected valid send_confirmation","Committed send_confirmation","NONE","FORWARD_EXECUTION","false","PASSED","COMMITTED","2026-10-04T00:47:23.113Z","2026-10-05T04:33:03.113Z"
"REC-CHN-000061-01","WF-CHN-CAB_BOOKING-000061","cab_booking","Chennai","Perambur","CUS-CHN-000061","Sanjay Rao","+91-90000-00061","customer000061@example.test","BUS-CHN-0012","Coromandel Cabs (SYNTHETIC DEMO ENTITY)","AGT-CHN-CAB-01","STEP-01","1","5","ride_dispatcher","request_ride",,"false","true","false","NONE","WF-CHN-CAB_BOOKING-000061-STEP-01-request_ride","COMPLETED","NORMAL","2","2","CP-CHN-000061-STEP-01","State before request_ride in Perambur","Expected valid request_ride","Committed request_ride","COMMITTED_IRREVERSIBLE","NONE_REQUIRED","false","PASSED","RESTORED_OR_COMMITTED","2026-10-04T00:47:24.113Z","2026-10-05T04:33:03.113Z"
"REC-CHN-000061-02","WF-CHN-CAB_BOOKING-000061","cab_booking","Chennai","Perambur","CUS-CHN-000061","Sanjay Rao","+91-90000-00061","customer000061@example.test","BUS-CHN-0012","Coromandel Cabs (SYNTHETIC DEMO ENTITY)","AGT-CHN-CAB-01","STEP-02","2","5","driver_assignment","assign_driver","release_driver","true","true","false","STEP-01","WF-CHN-CAB_BOOKING-000061-STEP-02-assign_driver","COMPLETED","NORMAL","2","2","CP-CHN-000061-STEP-02","State before assign_driver in Perambur","Expected valid assign_driver","Committed assign_driver","STANDBY_REVERSIBLE","NONE_REQUIRED","false","PASSED","RESTORED_OR_COMMITTED","2026-10-04T00:47:24.113Z","2026-10-05T04:33:03.113Z"
"REC-CHN-000061-03","WF-CHN-CAB_BOOKING-000061","cab_booking","Chennai","Perambur","CUS-CHN-000061","Sanjay Rao","+91-90000-00061","customer000061@example.test","BUS-CHN-0012","Coromandel Cabs (SYNTHETIC DEMO ENTITY)","AGT-CHN-CAB-01","STEP-03","3","5","trip_service","confirm_ride","cancel_ride","true","true","false","STEP-02","WF-CHN-CAB_BOOKING-000061-STEP-03-confirm_ride","COMPLETED","NORMAL","2","2","CP-CHN-000061-STEP-03","State before confirm_ride in Perambur","Expected valid confirm_ride","Committed confirm_ride","STANDBY_REVERSIBLE","NONE_REQUIRED","false","PASSED","RESTORED_OR_COMMITTED","2026-10-04T00:47:24.113Z","2026-10-05T04:33:03.113Z"
"REC-CHN-000061-04","WF-CHN-CAB_BOOKING-000061","cab_booking","Chennai","Perambur","CUS-CHN-000061","Sanjay Rao","+91-90000-00061","customer000061@example.test","BUS-CHN-0012","Coromandel Cabs (SYNTHETIC DEMO ENTITY)","AGT-CHN-CAB-01","STEP-04","4","5","fare_service","charge_payment","refund_payment","true","true","false","STEP-03","WF-CHN-CAB_BOOKING-000061-STEP-04-charge_payment","COMPLETED","NORMAL","2","2","CP-CHN-000061-STEP-04","State before charge_payment in Perambur","Expected valid charge_payment","Committed charge_payment","STANDBY_REVERSIBLE","NONE_REQUIRED","false","PASSED","RESTORED_OR_COMMITTED","2026-10-04T00:47:24.113Z","2026-10-05T04:33:03.113Z"
"REC-CHN-000061-05","WF-CHN-CAB_BOOKING-000061","cab_booking","Chennai","Perambur","CUS-CHN-000061","Sanjay Rao","+91-90000-00061","customer000061@example.test","BUS-CHN-0012","Coromandel Cabs (SYNTHETIC DEMO ENTITY)","AGT-CHN-CAB-01","STEP-05","5","5","comm_service","send_confirmation",,"false","true","true","STEP-04","WF-CHN-CAB_BOOKING-000061-STEP-05-send_confirmation","COMPLETED","NORMAL","2","2","CP-CHN-000061-STEP-05","State before send_confirmation in Perambur","Expected valid send_confirmation","Committed send_confirmation","COMMITTED_IRREVERSIBLE","NONE_REQUIRED","false","PASSED","RESTORED_OR_COMMITTED","2026-10-04T00:47:24.113Z","2026-10-05T04:33:03.113Z"
"REC-CHN-000062-01","WF-CHN-EVENT_REGISTRATION-000062","event_registration","Chennai","Kilpauk","CUS-CHN-000062","Nithya Kumar","+91-90000-00062","customer000062@example.test","BUS-CHN-0013","Marina Hackathon Expo (SYNTHETIC DEMO ENTITY)","AGT-CHN-EVE-01","STEP-01","1","5","event_service","register_participant","cancel_registration","true","true","false","NONE","WF-CHN-EVENT_REGISTRATION-000062-STEP-01-register_participant","COMPLETED","STEP_FAILURE","3","3","CP-CHN-000062-STEP-01","State before register_participant in Kilpauk","Expected valid register_participant","Originally completed, then reversed during recovery","COMPENSATED","REVERSE_COMPENSATE_STEP","false","PASSED","RESTORED","2026-10-04T00:47:25.113Z","2026-10-05T04:33:03.113Z"
"REC-CHN-000062-02","WF-CHN-EVENT_REGISTRATION-000062","event_registration","Chennai","Kilpauk","CUS-CHN-000062","Nithya Kumar","+91-90000-00062","customer000062@example.test","BUS-CHN-0013","Marina Hackathon Expo (SYNTHETIC DEMO ENTITY)","AGT-CHN-EVE-01","STEP-02","2","5","seating_service","reserve_seat","release_seat","true","true","false","STEP-01","WF-CHN-EVENT_REGISTRATION-000062-STEP-02-reserve_seat","COMPLETED","STEP_FAILURE","3","3","CP-CHN-000062-STEP-02","State before reserve_seat in Kilpauk","Expected valid reserve_seat","Originally completed, then reversed during recovery","COMPENSATED","REVERSE_COMPENSATE_STEP","false","PASSED","RESTORED","2026-10-04T00:47:25.113Z","2026-10-05T04:33:03.113Z"
"REC-CHN-000062-03","WF-CHN-EVENT_REGISTRATION-000062","event_registration","Chennai","Kilpauk","CUS-CHN-000062","Nithya Kumar","+91-90000-00062","customer000062@example.test","BUS-CHN-0013","Marina Hackathon Expo (SYNTHETIC DEMO ENTITY)","AGT-CHN-EVE-01","STEP-03","3","5","payment_gateway","process_payment","refund_payment","true","true","false","STEP-02","WF-CHN-EVENT_REGISTRATION-000062-STEP-03-process_payment","FAILED","STEP_FAILURE","3","3","CP-CHN-000062-STEP-03","State before process_payment in Kilpauk","Expected valid process_payment","Failed at process_payment: STEP_FAILURE","TRIGGERING_RECOVERY","SAGA_REVERSE_COMPENSATION","false","FAILED_AT_STEP","RESTORED","2026-10-04T00:47:25.113Z","2026-10-05T04:33:03.113Z"
"REC-CHN-000062-04","WF-CHN-EVENT_REGISTRATION-000062","event_registration","Chennai","Kilpauk","CUS-CHN-000062","Nithya Kumar","+91-90000-00062","customer000062@example.test","BUS-CHN-0013","Marina Hackathon Expo (SYNTHETIC DEMO ENTITY)","AGT-CHN-EVE-01","STEP-04","4","5","ticket_generator","generate_ticket","invalidate_ticket","true","true","false","STEP-03","WF-CHN-EVENT_REGISTRATION-000062-STEP-04-generate_ticket","SKIPPED_DUE_TO_PREVIOUS_FAILURE","STEP_FAILURE","3","3","CP-CHN-000062-STEP-04","State before generate_ticket in Kilpauk","Expected valid generate_ticket","Committed generate_ticket","COMPENSATED","SAGA_REVERSE_COMPENSATION","false","PASSED","RESTORED","2026-10-04T00:47:25.113Z","2026-10-05T04:33:03.113Z"
"REC-CHN-000062-05","WF-CHN-EVENT_REGISTRATION-000062","event_registration","Chennai","Kilpauk","CUS-CHN-000062","Nithya Kumar","+91-90000-00062","customer000062@example.test","BUS-CHN-0013","Marina Hackathon Expo (SYNTHETIC DEMO ENTITY)","AGT-CHN-EVE-01","STEP-05","5","5","email_dispatcher","email_ticket",,"false","true","true","STEP-04","WF-CHN-EVENT_REGISTRATION-000062-STEP-05-email_ticket","SKIPPED_DUE_TO_PREVIOUS_FAILURE","STEP_FAILURE","3","3","CP-CHN-000062-STEP-05","State before email_ticket in Kilpauk","Expected valid email_ticket","Committed email_ticket","SKIPPED","SAGA_REVERSE_COMPENSATION","false","PASSED","RESTORED","2026-10-04T00:47:25.113Z","2026-10-05T04:33:03.113Z"
"REC-CHN-000063-01","WF-CHN-DELIVERY-000063","delivery","Chennai","Egmore","CUS-CHN-000063","Rahul Varma","+91-90000-00063","customer000063@example.test","BUS-CHN-0014","Southern Parcel Dispatch (SYNTHETIC DEMO ENTITY)","AGT-CHN-DEL-01","STEP-01","1","5","dispatch_engine","create_delivery","cancel_delivery","true","true","false","NONE","WF-CHN-DELIVERY-000063-STEP-01-create_delivery","COMPLETED","TOOL_FAILURE","4","1","CP-CHN-000063-STEP-01","State before create_delivery in Egmore","Expected valid create_delivery","Originally completed, then reversed during recovery","COMPENSATED","REVERSE_COMPENSATE_STEP","false","PASSED","RESTORED","2026-10-04T00:47:26.113Z","2026-10-05T04:33:03.113Z"
"REC-CHN-000063-02","WF-CHN-DELIVERY-000063","delivery","Chennai","Egmore","CUS-CHN-000063","Rahul Varma","+91-90000-00063","customer000063@example.test","BUS-CHN-0014","Southern Parcel Dispatch (SYNTHETIC DEMO ENTITY)","AGT-CHN-DEL-01","STEP-02","2","5","courier_service","assign_driver","unassign_driver","true","true","false","STEP-01","WF-CHN-DELIVERY-000063-STEP-02-assign_driver","COMPLETED","TOOL_FAILURE","4","1","CP-CHN-000063-STEP-02","State before assign_driver in Egmore","Expected valid assign_driver","Originally completed, then reversed during recovery","COMPENSATED","REVERSE_COMPENSATE_STEP","false","PASSED","RESTORED","2026-10-04T00:47:26.113Z","2026-10-05T04:33:03.113Z"
"REC-CHN-000063-03","WF-CHN-DELIVERY-000063","delivery","Chennai","Egmore","CUS-CHN-000063","Rahul Varma","+91-90000-00063","customer000063@example.test","BUS-CHN-0014","Southern Parcel Dispatch (SYNTHETIC DEMO ENTITY)","AGT-CHN-DEL-01","STEP-03","3","5","fleet_service","reserve_vehicle","release_vehicle","true","true","false","STEP-02","WF-CHN-DELIVERY-000063-STEP-03-reserve_vehicle","COMPLETED","TOOL_FAILURE","4","1","CP-CHN-000063-STEP-03","State before reserve_vehicle in Egmore","Expected valid reserve_vehicle","Originally completed, then reversed during recovery","COMPENSATED","REVERSE_COMPENSATE_STEP","false","PASSED","RESTORED","2026-10-04T00:47:26.113Z","2026-10-05T04:33:03.113Z"
"REC-CHN-000063-04","WF-CHN-DELIVERY-000063","delivery","Chennai","Egmore","CUS-CHN-000063","Rahul Varma","+91-90000-00063","customer000063@example.test","BUS-CHN-0014","Southern Parcel Dispatch (SYNTHETIC DEMO ENTITY)","AGT-CHN-DEL-01","STEP-04","4","5","sorting_service","dispatch_package","recall_dispatch","true","true","false","STEP-03","WF-CHN-DELIVERY-000063-STEP-04-dispatch_package","FAILED","TOOL_FAILURE","4","1","CP-CHN-000063-STEP-04","State before dispatch_package in Egmore","Expected valid dispatch_package","Failed at dispatch_package: TOOL_FAILURE","TRIGGERING_RECOVERY","SAGA_REVERSE_COMPENSATION","false","FAILED_AT_STEP","RESTORED","2026-10-04T00:47:26.113Z","2026-10-05T04:33:03.113Z"
"REC-CHN-000063-05","WF-CHN-DELIVERY-000063","delivery","Chennai","Egmore","CUS-CHN-000063","Rahul Varma","+91-90000-00063","customer000063@example.test","BUS-CHN-0014","Southern Parcel Dispatch (SYNTHETIC DEMO ENTITY)","AGT-CHN-DEL-01","STEP-05","5","5","alert_service","notify_customer",,"false","true","true","STEP-04","WF-CHN-DELIVERY-000063-STEP-05-notify_customer","SKIPPED_DUE_TO_PREVIOUS_FAILURE","TOOL_FAILURE","4","1","CP-CHN-000063-STEP-05","State before notify_customer in Egmore","Expected valid notify_customer","Committed notify_customer","SKIPPED","SAGA_REVERSE_COMPENSATION","false","PASSED","RESTORED","2026-10-04T00:47:26.113Z","2026-10-05T04:33:03.113Z"
"REC-CHN-000064-01","WF-CHN-APPOINTMENT_BOOKING-000064","appointment_booking","Chennai","Royapettah","CUS-CHN-000064","Meena Raj","+91-90000-00064","customer000064@example.test","BUS-CHN-0015","Apollo Health Hub Chennai (SYNTHETIC DEMO ENTITY)","AGT-CHN-APP-01","STEP-01","1","5","clinic_calendar","find_slot",,"false","true","false","NONE","WF-CHN-APPOINTMENT_BOOKING-000064-STEP-01-find_slot","FAILED","TIMEOUT","1","2","CP-CHN-000064-STEP-01","State before find_slot in Royapettah","Expected valid find_slot","Failed at find_slot: TIMEOUT","TRIGGERING_RECOVERY","SAGA_REVERSE_COMPENSATION","false","FAILED_AT_STEP","RESTORED","2026-10-04T00:47:27.113Z","2026-10-05T04:33:03.113Z"
"REC-CHN-000064-02","WF-CHN-APPOINTMENT_BOOKING-000064","appointment_booking","Chennai","Royapettah","CUS-CHN-000064","Meena Raj","+91-90000-00064","customer000064@example.test","BUS-CHN-0015","Apollo Health Hub Chennai (SYNTHETIC DEMO ENTITY)","AGT-CHN-APP-01","STEP-02","2","5","slot_manager","reserve_slot","release_slot","true","true","false","STEP-01","WF-CHN-APPOINTMENT_BOOKING-000064-STEP-02-reserve_slot","SKIPPED_DUE_TO_PREVIOUS_FAILURE","TIMEOUT","1","2","CP-CHN-000064-STEP-02","State before reserve_slot in Royapettah","Expected valid reserve_slot","Committed reserve_slot","COMPENSATED","SAGA_REVERSE_COMPENSATION","false","PASSED","RESTORED","2026-10-04T00:47:27.113Z","2026-10-05T04:33:03.113Z"
"REC-CHN-000064-03","WF-CHN-APPOINTMENT_BOOKING-000064","appointment_booking","Chennai","Royapettah","CUS-CHN-000064","Meena Raj","+91-90000-00064","customer000064@example.test","BUS-CHN-0015","Apollo Health Hub Chennai (SYNTHETIC DEMO ENTITY)","AGT-CHN-APP-01","STEP-03","3","5","billing_service","process_payment","refund_payment","true","true","false","STEP-02","WF-CHN-APPOINTMENT_BOOKING-000064-STEP-03-process_payment","SKIPPED_DUE_TO_PREVIOUS_FAILURE","TIMEOUT","1","2","CP-CHN-000064-STEP-03","State before process_payment in Royapettah","Expected valid process_payment","Committed process_payment","COMPENSATED","SAGA_REVERSE_COMPENSATION","false","PASSED","RESTORED","2026-10-04T00:47:27.113Z","2026-10-05T04:33:03.113Z"
"REC-CHN-000064-04","WF-CHN-APPOINTMENT_BOOKING-000064","appointment_booking","Chennai","Royapettah","CUS-CHN-000064","Meena Raj","+91-90000-00064","customer000064@example.test","BUS-CHN-0015","Apollo Health Hub Chennai (SYNTHETIC DEMO ENTITY)","AGT-CHN-APP-01","STEP-04","4","5","emr_service","create_appointment","cancel_appointment","true","true","false","STEP-03","WF-CHN-APPOINTMENT_BOOKING-000064-STEP-04-create_appointment","SKIPPED_DUE_TO_PREVIOUS_FAILURE","TIMEOUT","1","2","CP-CHN-000064-STEP-04","State before create_appointment in Royapettah","Expected valid create_appointment","Committed create_appointment","COMPENSATED","SAGA_REVERSE_COMPENSATION","false","PASSED","RESTORED","2026-10-04T00:47:27.113Z","2026-10-05T04:33:03.113Z"
"REC-CHN-000064-05","WF-CHN-APPOINTMENT_BOOKING-000064","appointment_booking","Chennai","Royapettah","CUS-CHN-000064","Meena Raj","+91-90000-00064","customer000064@example.test","BUS-CHN-0015","Apollo Health Hub Chennai (SYNTHETIC DEMO ENTITY)","AGT-CHN-APP-01","STEP-05","5","5","sms_service","send_confirmation",,"false","true","true","STEP-04","WF-CHN-APPOINTMENT_BOOKING-000064-STEP-05-send_confirmation","SKIPPED_DUE_TO_PREVIOUS_FAILURE","TIMEOUT","1","2","CP-CHN-000064-STEP-05","State before send_confirmation in Royapettah","Expected valid send_confirmation","Committed send_confirmation","SKIPPED","SAGA_REVERSE_COMPENSATION","false","PASSED","RESTORED","2026-10-04T00:47:27.113Z","2026-10-05T04:33:03.113Z"
"REC-CHN-000065-01","WF-CHN-HOTEL_BOOKING-000065","hotel_booking","Chennai","Triplicane","CUS-CHN-000065","Karthik Sundaram","+91-90000-00065","customer000065@example.test","BUS-CHN-0016","Marina Comfort Suites (SYNTHETIC DEMO ENTITY)","AGT-CHN-HOT-01","STEP-01","1","5","hotel_search","search_hotel",,"false","true","false","NONE","WF-CHN-HOTEL_BOOKING-000065-STEP-01-search_hotel","COMPLETED","NETWORK_FAILURE","2","3","CP-CHN-000065-STEP-01","State before search_hotel in Triplicane","Expected valid search_hotel","Originally completed, then reversed during recovery","NOT_APPLICABLE","REVERSE_COMPENSATE_STEP","false","PASSED","RESTORED","2026-10-04T00:47:28.113Z","2026-10-05T04:33:03.113Z"
"REC-CHN-000065-02","WF-CHN-HOTEL_BOOKING-000065","hotel_booking","Chennai","Triplicane","CUS-CHN-000065","Karthik Sundaram","+91-90000-00065","customer000065@example.test","BUS-CHN-0016","Marina Comfort Suites (SYNTHETIC DEMO ENTITY)","AGT-CHN-HOT-01","STEP-02","2","5","room_selection","select_room",,"false","true","false","STEP-01","WF-CHN-HOTEL_BOOKING-000065-STEP-02-select_room","FAILED","NETWORK_FAILURE","2","3","CP-CHN-000065-STEP-02","State before select_room in Triplicane","Expected valid select_room","Failed at select_room: NETWORK_FAILURE","TRIGGERING_RECOVERY","SAGA_REVERSE_COMPENSATION","false","FAILED_AT_STEP","RESTORED","2026-10-04T00:47:28.113Z","2026-10-05T04:33:03.113Z"
"REC-CHN-000065-03","WF-CHN-HOTEL_BOOKING-000065","hotel_booking","Chennai","Triplicane","CUS-CHN-000065","Karthik Sundaram","+91-90000-00065","customer000065@example.test","BUS-CHN-0016","Marina Comfort Suites (SYNTHETIC DEMO ENTITY)","AGT-CHN-HOT-01","STEP-03","3","5","room_booking","book_room","cancel_booking","true","true","false","STEP-02","WF-CHN-HOTEL_BOOKING-000065-STEP-03-book_room","SKIPPED_DUE_TO_PREVIOUS_FAILURE","NETWORK_FAILURE","2","3","CP-CHN-000065-STEP-03","State before book_room in Triplicane","Expected valid book_room","Committed book_room","COMPENSATED","SAGA_REVERSE_COMPENSATION","false","PASSED","RESTORED","2026-10-04T00:47:28.113Z","2026-10-05T04:33:03.113Z"
"REC-CHN-000065-04","WF-CHN-HOTEL_BOOKING-000065","hotel_booking","Chennai","Triplicane","CUS-CHN-000065","Karthik Sundaram","+91-90000-00065","customer000065@example.test","BUS-CHN-0016","Marina Comfort Suites (SYNTHETIC DEMO ENTITY)","AGT-CHN-HOT-01","STEP-04","4","5","payment_processor","charge_card","refund_payment","true","true","false","STEP-03","WF-CHN-HOTEL_BOOKING-000065-STEP-04-charge_card","SKIPPED_DUE_TO_PREVIOUS_FAILURE","NETWORK_FAILURE","2","3","CP-CHN-000065-STEP-04","State before charge_card in Triplicane","Expected valid charge_card","Committed charge_card","COMPENSATED","SAGA_REVERSE_COMPENSATION","false","PASSED","RESTORED","2026-10-04T00:47:28.113Z","2026-10-05T04:33:03.113Z"
"REC-CHN-000065-05","WF-CHN-HOTEL_BOOKING-000065","hotel_booking","Chennai","Triplicane","CUS-CHN-000065","Karthik Sundaram","+91-90000-00065","customer000065@example.test","BUS-CHN-0016","Marina Comfort Suites (SYNTHETIC DEMO ENTITY)","AGT-CHN-HOT-01","STEP-05","5","5","email_service","email_customer",,"false","true","true","STEP-04","WF-CHN-HOTEL_BOOKING-000065-STEP-05-email_customer","SKIPPED_DUE_TO_PREVIOUS_FAILURE","NETWORK_FAILURE","2","3","CP-CHN-000065-STEP-05","State before email_customer in Triplicane","Expected valid email_customer","Committed email_customer","SKIPPED","SAGA_REVERSE_COMPENSATION","false","PASSED","RESTORED","2026-10-04T00:47:28.113Z","2026-10-05T04:33:03.113Z"
"REC-CHN-000066-01","WF-CHN-ECOMMERCE_ORDER-000066","ecommerce_order","Chennai","Madhavaram","CUS-CHN-000066","Ananya Balaji","+91-90000-00066","customer000066@example.test","BUS-CHN-0017","Namma Chennai Retail Hub (SYNTHETIC DEMO ENTITY)","AGT-CHN-ECO-01","STEP-01","1","5","order_service","create_order","cancel_order","true","true","false","NONE","WF-CHN-ECOMMERCE_ORDER-000066-STEP-01-create_order","COMPLETED","DUPLICATE_REQUEST","3","1","CP-CHN-000066-STEP-01","State before create_order in Madhavaram","Expected valid create_order","Committed create_order","NONE","FORWARD_EXECUTION","false","PASSED","COMMITTED","2026-10-04T00:47:29.113Z","2026-10-05T04:33:03.113Z"
"REC-CHN-000066-02","WF-CHN-ECOMMERCE_ORDER-000066","ecommerce_order","Chennai","Madhavaram","CUS-CHN-000066","Ananya Balaji","+91-90000-00066","customer000066@example.test","BUS-CHN-0017","Namma Chennai Retail Hub (SYNTHETIC DEMO ENTITY)","AGT-CHN-ECO-01","STEP-02","2","5","inventory_service","reserve_inventory","release_inventory","true","true","false","STEP-01","WF-CHN-ECOMMERCE_ORDER-000066-STEP-02-reserve_inventory","COMPLETED","DUPLICATE_REQUEST","3","1","CP-CHN-000066-STEP-02","State before reserve_inventory in Madhavaram","Expected valid reserve_inventory","Duplicate request detected via idempotency key: WF-CHN-ECOMMERCE_ORDER-000066-STEP-02-reserve_inventory. Returned cached response with 0 side effects.","NONE","IDEMPOTENCY_GUARD_PREVENT_DUPLICATE","false","PASSED","RESTORED_OR_COMMITTED","2026-10-04T00:47:29.113Z","2026-10-05T04:33:03.113Z"
"REC-CHN-000066-03","WF-CHN-ECOMMERCE_ORDER-000066","ecommerce_order","Chennai","Madhavaram","CUS-CHN-000066","Ananya Balaji","+91-90000-00066","customer000066@example.test","BUS-CHN-0017","Namma Chennai Retail Hub (SYNTHETIC DEMO ENTITY)","AGT-CHN-ECO-01","STEP-03","3","5","payment_service","charge_card","refund_payment","true","true","false","STEP-02","WF-CHN-ECOMMERCE_ORDER-000066-STEP-03-charge_card","COMPLETED","DUPLICATE_REQUEST","3","1","CP-CHN-000066-STEP-03","State before charge_card in Madhavaram","Expected valid charge_card","Committed charge_card","NONE","FORWARD_EXECUTION","false","PASSED","COMMITTED","2026-10-04T00:47:29.113Z","2026-10-05T04:33:03.113Z"
"REC-CHN-000066-04","WF-CHN-ECOMMERCE_ORDER-000066","ecommerce_order","Chennai","Madhavaram","CUS-CHN-000066","Ananya Balaji","+91-90000-00066","customer000066@example.test","BUS-CHN-0017","Namma Chennai Retail Hub (SYNTHETIC DEMO ENTITY)","AGT-CHN-ECO-01","STEP-04","4","5","shipment_service","create_shipment","cancel_shipment","true","true","false","STEP-03","WF-CHN-ECOMMERCE_ORDER-000066-STEP-04-create_shipment","COMPLETED","DUPLICATE_REQUEST","3","1","CP-CHN-000066-STEP-04","State before create_shipment in Madhavaram","Expected valid create_shipment","Committed create_shipment","NONE","FORWARD_EXECUTION","false","PASSED","COMMITTED","2026-10-04T00:47:29.113Z","2026-10-05T04:33:03.113Z"
"REC-CHN-000066-05","WF-CHN-ECOMMERCE_ORDER-000066","ecommerce_order","Chennai","Madhavaram","CUS-CHN-000066","Ananya Balaji","+91-90000-00066","customer000066@example.test","BUS-CHN-0017","Namma Chennai Retail Hub (SYNTHETIC DEMO ENTITY)","AGT-CHN-ECO-01","STEP-05","5","5","notification_service","email_customer",,"false","true","true","STEP-04","WF-CHN-ECOMMERCE_ORDER-000066-STEP-05-email_customer","COMPLETED","DUPLICATE_REQUEST","3","1","CP-CHN-000066-STEP-05","State before email_customer in Madhavaram","Expected valid email_customer","Committed email_customer","NONE","FORWARD_EXECUTION","false","PASSED","COMMITTED","2026-10-04T00:47:29.113Z","2026-10-05T04:33:03.113Z"
"REC-CHN-000067-01","WF-CHN-CUSTOMER_SUPPORT-000067","customer_support","Chennai","Kolathur","CUS-CHN-000067","Vignesh Natarajan","+91-90000-00067","customer000067@example.test","BUS-CHN-0018","Southern Tech Helpdesk (SYNTHETIC DEMO ENTITY)","AGT-CHN-CUS-01","STEP-01","1","5","crm_service","create_ticket","close_ticket","true","true","false","NONE","WF-CHN-CUSTOMER_SUPPORT-000067-STEP-01-create_ticket","COMPLETED","UNKNOWN_STATE","4","2","CP-CHN-000067-STEP-01","State before create_ticket in Kolathur","Expected valid create_ticket","Committed create_ticket","NONE","FORWARD_EXECUTION","false","PASSED","COMMITTED","2026-10-04T00:47:30.113Z","2026-10-05T04:33:03.113Z"
"REC-CHN-000067-02","WF-CHN-CUSTOMER_SUPPORT-000067","customer_support","Chennai","Kolathur","CUS-CHN-000067","Vignesh Natarajan","+91-90000-00067","customer000067@example.test","BUS-CHN-0018","Southern Tech Helpdesk (SYNTHETIC DEMO ENTITY)","AGT-CHN-CUS-01","STEP-02","2","5","routing_service","assign_agent","unassign_agent","true","true","false","STEP-01","WF-CHN-CUSTOMER_SUPPORT-000067-STEP-02-assign_agent","COMPLETED","UNKNOWN_STATE","4","2","CP-CHN-000067-STEP-02","State before assign_agent in Kolathur","Expected valid assign_agent","Committed assign_agent","NONE","FORWARD_EXECUTION","false","PASSED","COMMITTED","2026-10-04T00:47:30.113Z","2026-10-05T04:33:03.113Z"
"REC-CHN-000067-03","WF-CHN-CUSTOMER_SUPPORT-000067","customer_support","Chennai","Kolathur","CUS-CHN-000067","Vignesh Natarajan","+91-90000-00067","customer000067@example.test","BUS-CHN-0018","Southern Tech Helpdesk (SYNTHETIC DEMO ENTITY)","AGT-CHN-CUS-01","STEP-03","3","5","customer_record_service","update_customer_record","restore_customer_record","true","true","false","STEP-02","WF-CHN-CUSTOMER_SUPPORT-000067-STEP-03-update_customer_record","COMPLETED","UNKNOWN_STATE","4","2","CP-CHN-000067-STEP-03","State before update_customer_record in Kolathur","Expected valid update_customer_record","Committed update_customer_record","NONE","FORWARD_EXECUTION","false","PASSED","COMMITTED","2026-10-04T00:47:30.113Z","2026-10-05T04:33:03.113Z"
"REC-CHN-000067-04","WF-CHN-CUSTOMER_SUPPORT-000067","customer_support","Chennai","Kolathur","CUS-CHN-000067","Vignesh Natarajan","+91-90000-00067","customer000067@example.test","BUS-CHN-0018","Southern Tech Helpdesk (SYNTHETIC DEMO ENTITY)","AGT-CHN-CUS-01","STEP-04","4","5","resolution_service","create_resolution","revert_resolution","true","true","false","STEP-03","WF-CHN-CUSTOMER_SUPPORT-000067-STEP-04-create_resolution","FAILED","UNKNOWN_STATE","4","2","CP-CHN-000067-STEP-04","State before create_resolution in Kolathur","Expected valid create_resolution","Committed create_resolution","NONE","QUERY_AUTHORITATIVE_MOCK_WORLD_THEN_COMPENSATE","false","PASSED","RESTORED","2026-10-04T00:47:30.113Z","2026-10-05T04:33:03.113Z"
"REC-CHN-000067-05","WF-CHN-CUSTOMER_SUPPORT-000067","customer_support","Chennai","Kolathur","CUS-CHN-000067","Vignesh Natarajan","+91-90000-00067","customer000067@example.test","BUS-CHN-0018","Southern Tech Helpdesk (SYNTHETIC DEMO ENTITY)","AGT-CHN-CUS-01","STEP-05","5","5","notification_service","email_customer",,"false","true","true","STEP-04","WF-CHN-CUSTOMER_SUPPORT-000067-STEP-05-email_customer","SKIPPED_DUE_TO_PREVIOUS_FAILURE","UNKNOWN_STATE","4","2","CP-CHN-000067-STEP-05","State before email_customer in Kolathur","Expected valid email_customer","Committed email_customer","SKIPPED","SAGA_REVERSE_COMPENSATION","false","PASSED","RESTORED","2026-10-04T00:47:30.113Z","2026-10-05T04:33:03.113Z"
"REC-CHN-000068-01","WF-CHN-RESTAURANT_RESERVATION-000068","restaurant_reservation","Chennai","Pallikaranai","CUS-CHN-000068","Deepa Venkat","+91-90000-00068","customer000068@example.test","BUS-CHN-0019","T. Nagar Chettinad Court (SYNTHETIC DEMO ENTITY)","AGT-CHN-RES-01","STEP-01","1","5","dining_search","find_restaurant",,"false","true","false","NONE","WF-CHN-RESTAURANT_RESERVATION-000068-STEP-01-find_restaurant","FAILED","PARTIAL_FAILURE","1","3","CP-CHN-000068-STEP-01","State before find_restaurant in Pallikaranai","Expected valid find_restaurant","Committed find_restaurant","NONE","QUERY_AUTHORITATIVE_MOCK_WORLD_THEN_COMPENSATE","false","PASSED","RESTORED","2026-10-04T00:47:31.113Z","2026-10-05T04:33:03.113Z"
"REC-CHN-000068-02","WF-CHN-RESTAURANT_RESERVATION-000068","restaurant_reservation","Chennai","Pallikaranai","CUS-CHN-000068","Deepa Venkat","+91-90000-00068","customer000068@example.test","BUS-CHN-0019","T. Nagar Chettinad Court (SYNTHETIC DEMO ENTITY)","AGT-CHN-RES-01","STEP-02","2","5","table_booking","reserve_table","release_table","true","true","false","STEP-01","WF-CHN-RESTAURANT_RESERVATION-000068-STEP-02-reserve_table","SKIPPED_DUE_TO_PREVIOUS_FAILURE","PARTIAL_FAILURE","1","3","CP-CHN-000068-STEP-02","State before reserve_table in Pallikaranai","Expected valid reserve_table","Committed reserve_table","COMPENSATED","SAGA_REVERSE_COMPENSATION","false","PASSED","RESTORED","2026-10-04T00:47:31.113Z","2026-10-05T04:33:03.113Z"
"REC-CHN-000068-03","WF-CHN-RESTAURANT_RESERVATION-000068","restaurant_reservation","Chennai","Pallikaranai","CUS-CHN-000068","Deepa Venkat","+91-90000-00068","customer000068@example.test","BUS-CHN-0019","T. Nagar Chettinad Court (SYNTHETIC DEMO ENTITY)","AGT-CHN-RES-01","STEP-03","3","5","deposit_service","charge_deposit","refund_deposit","true","true","false","STEP-02","WF-CHN-RESTAURANT_RESERVATION-000068-STEP-03-charge_deposit","SKIPPED_DUE_TO_PREVIOUS_FAILURE","PARTIAL_FAILURE","1","3","CP-CHN-000068-STEP-03","State before charge_deposit in Pallikaranai","Expected valid charge_deposit","Committed charge_deposit","COMPENSATED","SAGA_REVERSE_COMPENSATION","false","PASSED","RESTORED","2026-10-04T00:47:31.113Z","2026-10-05T04:33:03.113Z"
"REC-CHN-000068-04","WF-CHN-RESTAURANT_RESERVATION-000068","restaurant_reservation","Chennai","Pallikaranai","CUS-CHN-000068","Deepa Venkat","+91-90000-00068","customer000068@example.test","BUS-CHN-0019","T. Nagar Chettinad Court (SYNTHETIC DEMO ENTITY)","AGT-CHN-RES-01","STEP-04","4","5","reservation_service","create_reservation","cancel_reservation","true","true","false","STEP-03","WF-CHN-RESTAURANT_RESERVATION-000068-STEP-04-create_reservation","SKIPPED_DUE_TO_PREVIOUS_FAILURE","PARTIAL_FAILURE","1","3","CP-CHN-000068-STEP-04","State before create_reservation in Pallikaranai","Expected valid create_reservation","Committed create_reservation","COMPENSATED","SAGA_REVERSE_COMPENSATION","false","PASSED","RESTORED","2026-10-04T00:47:31.113Z","2026-10-05T04:33:03.113Z"
"REC-CHN-000068-05","WF-CHN-RESTAURANT_RESERVATION-000068","restaurant_reservation","Chennai","Pallikaranai","CUS-CHN-000068","Deepa Venkat","+91-90000-00068","customer000068@example.test","BUS-CHN-0019","T. Nagar Chettinad Court (SYNTHETIC DEMO ENTITY)","AGT-CHN-RES-01","STEP-05","5","5","messaging_service","send_confirmation",,"false","true","true","STEP-04","WF-CHN-RESTAURANT_RESERVATION-000068-STEP-05-send_confirmation","SKIPPED_DUE_TO_PREVIOUS_FAILURE","PARTIAL_FAILURE","1","3","CP-CHN-000068-STEP-05","State before send_confirmation in Pallikaranai","Expected valid send_confirmation","Committed send_confirmation","SKIPPED","SAGA_REVERSE_COMPENSATION","false","PASSED","RESTORED","2026-10-04T00:47:31.113Z","2026-10-05T04:33:03.113Z"
"REC-CHN-000069-01","WF-CHN-CAB_BOOKING-000069","cab_booking","Chennai","Medavakkam","CUS-CHN-000069","Suresh Ranganathan","+91-90000-00069","customer000069@example.test","BUS-CHN-0020","Coromandel Cabs (SYNTHETIC DEMO ENTITY)","AGT-CHN-CAB-01","STEP-01","1","5","ride_dispatcher","request_ride",,"false","true","false","NONE","WF-CHN-CAB_BOOKING-000069-STEP-01-request_ride","COMPLETED","CRASH","2","1","CP-CHN-000069-STEP-01","State before request_ride in Medavakkam","Expected valid request_ride","Committed request_ride","CHECKPOINTED","RESUME_FROM_DURABLE_LOG","false","PASSED","DURABLE_CHECKPOINT_SAVED","2026-10-04T00:47:32.113Z","2026-10-05T04:33:03.113Z"
"REC-CHN-000069-02","WF-CHN-CAB_BOOKING-000069","cab_booking","Chennai","Medavakkam","CUS-CHN-000069","Suresh Ranganathan","+91-90000-00069","customer000069@example.test","BUS-CHN-0020","Coromandel Cabs (SYNTHETIC DEMO ENTITY)","AGT-CHN-CAB-01","STEP-02","2","5","driver_assignment","assign_driver","release_driver","true","true","false","STEP-01","WF-CHN-CAB_BOOKING-000069-STEP-02-assign_driver","SKIPPED_DUE_TO_CRASH","CRASH","2","1","CP-CHN-000069-STEP-02","State before assign_driver in Medavakkam","Expected valid assign_driver","Committed assign_driver","NONE","RESUME_OR_ROLLBACK_AFTER_CRASH","false","PASSED","PRESERVED_AT_CHECKPOINT","2026-10-04T00:47:32.113Z","2026-10-05T04:33:03.113Z"
"REC-CHN-000069-03","WF-CHN-CAB_BOOKING-000069","cab_booking","Chennai","Medavakkam","CUS-CHN-000069","Suresh Ranganathan","+91-90000-00069","customer000069@example.test","BUS-CHN-0020","Coromandel Cabs (SYNTHETIC DEMO ENTITY)","AGT-CHN-CAB-01","STEP-03","3","5","trip_service","confirm_ride","cancel_ride","true","true","false","STEP-02","WF-CHN-CAB_BOOKING-000069-STEP-03-confirm_ride","SKIPPED_DUE_TO_CRASH","CRASH","2","1","CP-CHN-000069-STEP-03","State before confirm_ride in Medavakkam","Expected valid confirm_ride","Committed confirm_ride","NONE","RESUME_OR_ROLLBACK_AFTER_CRASH","false","PASSED","PRESERVED_AT_CHECKPOINT","2026-10-04T00:47:32.113Z","2026-10-05T04:33:03.113Z"
"REC-CHN-000069-04","WF-CHN-CAB_BOOKING-000069","cab_booking","Chennai","Medavakkam","CUS-CHN-000069","Suresh Ranganathan","+91-90000-00069","customer000069@example.test","BUS-CHN-0020","Coromandel Cabs (SYNTHETIC DEMO ENTITY)","AGT-CHN-CAB-01","STEP-04","4","5","fare_service","charge_payment","refund_payment","true","true","false","STEP-03","WF-CHN-CAB_BOOKING-000069-STEP-04-charge_payment","SKIPPED_DUE_TO_CRASH","CRASH","2","1","CP-CHN-000069-STEP-04","State before charge_payment in Medavakkam","Expected valid charge_payment","Committed charge_payment","NONE","RESUME_OR_ROLLBACK_AFTER_CRASH","false","PASSED","PRESERVED_AT_CHECKPOINT","2026-10-04T00:47:32.113Z","2026-10-05T04:33:03.113Z"
"REC-CHN-000069-05","WF-CHN-CAB_BOOKING-000069","cab_booking","Chennai","Medavakkam","CUS-CHN-000069","Suresh Ranganathan","+91-90000-00069","customer000069@example.test","BUS-CHN-0020","Coromandel Cabs (SYNTHETIC DEMO ENTITY)","AGT-CHN-CAB-01","STEP-05","5","5","comm_service","send_confirmation",,"false","true","true","STEP-04","WF-CHN-CAB_BOOKING-000069-STEP-05-send_confirmation","SKIPPED_DUE_TO_CRASH","CRASH","2","1","CP-CHN-000069-STEP-05","State before send_confirmation in Medavakkam","Expected valid send_confirmation","Committed send_confirmation","NONE","RESUME_OR_ROLLBACK_AFTER_CRASH","false","PASSED","PRESERVED_AT_CHECKPOINT","2026-10-04T00:47:32.113Z","2026-10-05T04:33:03.113Z"
"REC-CHN-000070-01","WF-CHN-EVENT_REGISTRATION-000070","event_registration","Chennai","Navalur","CUS-CHN-000070","Lavanya Sridhar","+91-90000-00070","customer000070@example.test","BUS-CHN-0021","Marina Hackathon Expo (SYNTHETIC DEMO ENTITY)","AGT-CHN-EVE-01","STEP-01","1","5","event_service","register_participant","cancel_registration","true","true","false","NONE","WF-CHN-EVENT_REGISTRATION-000070-STEP-01-register_participant","COMPLETED","COMPENSATION_FAILURE","3","2","CP-CHN-000070-STEP-01","State before register_participant in Navalur","Expected valid register_participant","Committed register_participant","NONE","FORWARD_EXECUTION","false","PASSED","COMMITTED","2026-10-04T00:47:33.113Z","2026-10-05T04:33:03.113Z"
"REC-CHN-000070-02","WF-CHN-EVENT_REGISTRATION-000070","event_registration","Chennai","Navalur","CUS-CHN-000070","Lavanya Sridhar","+91-90000-00070","customer000070@example.test","BUS-CHN-0021","Marina Hackathon Expo (SYNTHETIC DEMO ENTITY)","AGT-CHN-EVE-01","STEP-02","2","5","seating_service","reserve_seat","release_seat","true","true","false","STEP-01","WF-CHN-EVENT_REGISTRATION-000070-STEP-02-reserve_seat","COMPLETED","COMPENSATION_FAILURE","3","2","CP-CHN-000070-STEP-02","State before reserve_seat in Navalur","Expected valid reserve_seat","Committed reserve_seat","NONE","FORWARD_EXECUTION","false","PASSED","COMMITTED","2026-10-04T00:47:33.113Z","2026-10-05T04:33:03.113Z"
"REC-CHN-000070-03","WF-CHN-EVENT_REGISTRATION-000070","event_registration","Chennai","Navalur","CUS-CHN-000070","Lavanya Sridhar","+91-90000-00070","customer000070@example.test","BUS-CHN-0021","Marina Hackathon Expo (SYNTHETIC DEMO ENTITY)","AGT-CHN-EVE-01","STEP-03","3","5","payment_gateway","process_payment","refund_payment","true","true","false","STEP-02","WF-CHN-EVENT_REGISTRATION-000070-STEP-03-process_payment","FAILED","COMPENSATION_FAILURE","3","2","CP-CHN-000070-STEP-03","State before process_payment in Navalur","Expected valid process_payment","Committed process_payment","NONE","FORWARD_EXECUTION","false","PASSED","COMMITTED","2026-10-04T00:47:33.113Z","2026-10-05T04:33:03.113Z"
"REC-CHN-000070-04","WF-CHN-EVENT_REGISTRATION-000070","event_registration","Chennai","Navalur","CUS-CHN-000070","Lavanya Sridhar","+91-90000-00070","customer000070@example.test","BUS-CHN-0021","Marina Hackathon Expo (SYNTHETIC DEMO ENTITY)","AGT-CHN-EVE-01","STEP-04","4","5","ticket_generator","generate_ticket","invalidate_ticket","true","true","false","STEP-03","WF-CHN-EVENT_REGISTRATION-000070-STEP-04-generate_ticket","SKIPPED_DUE_TO_PREVIOUS_FAILURE","COMPENSATION_FAILURE","3","2","CP-CHN-000070-STEP-04","State before generate_ticket in Navalur","Expected valid generate_ticket","Committed generate_ticket","COMPENSATED","SAGA_REVERSE_COMPENSATION","false","PASSED","RESTORED","2026-10-04T00:47:33.113Z","2026-10-05T04:33:03.113Z"
"REC-CHN-000070-05","WF-CHN-EVENT_REGISTRATION-000070","event_registration","Chennai","Navalur","CUS-CHN-000070","Lavanya Sridhar","+91-90000-00070","customer000070@example.test","BUS-CHN-0021","Marina Hackathon Expo (SYNTHETIC DEMO ENTITY)","AGT-CHN-EVE-01","STEP-05","5","5","email_dispatcher","email_ticket",,"false","true","true","STEP-04","WF-CHN-EVENT_REGISTRATION-000070-STEP-05-email_ticket","SKIPPED_DUE_TO_PREVIOUS_FAILURE","COMPENSATION_FAILURE","3","2","CP-CHN-000070-STEP-05","State before email_ticket in Navalur","Expected valid email_ticket","Committed email_ticket","SKIPPED","SAGA_REVERSE_COMPENSATION","false","PASSED","RESTORED","2026-10-04T00:47:33.113Z","2026-10-05T04:33:03.113Z"
"REC-CHN-000071-01","WF-CHN-DELIVERY-000071","delivery","Chennai","Siruseri","CUS-CHN-000071","Gautham Chandrasekar","+91-90000-00071","customer000071@example.test","BUS-CHN-0022","Southern Parcel Dispatch (SYNTHETIC DEMO ENTITY)","AGT-CHN-DEL-01","STEP-01","1","5","dispatch_engine","create_delivery","cancel_delivery","true","true","false","NONE","WF-CHN-DELIVERY-000071-STEP-01-create_delivery","COMPLETED","IRREVERSIBLE_ACTION","4","3","CP-CHN-000071-STEP-01","State before create_delivery in Siruseri","Expected valid create_delivery","Committed create_delivery","NONE","FORWARD_EXECUTION","false","PASSED","COMMITTED","2026-10-04T00:47:34.113Z","2026-10-05T04:33:03.113Z"
"REC-CHN-000071-02","WF-CHN-DELIVERY-000071","delivery","Chennai","Siruseri","CUS-CHN-000071","Gautham Chandrasekar","+91-90000-00071","customer000071@example.test","BUS-CHN-0022","Southern Parcel Dispatch (SYNTHETIC DEMO ENTITY)","AGT-CHN-DEL-01","STEP-02","2","5","courier_service","assign_driver","unassign_driver","true","true","false","STEP-01","WF-CHN-DELIVERY-000071-STEP-02-assign_driver","COMPLETED","IRREVERSIBLE_ACTION","4","3","CP-CHN-000071-STEP-02","State before assign_driver in Siruseri","Expected valid assign_driver","Committed assign_driver","NONE","FORWARD_EXECUTION","false","PASSED","COMMITTED","2026-10-04T00:47:34.113Z","2026-10-05T04:33:03.113Z"
"REC-CHN-000071-03","WF-CHN-DELIVERY-000071","delivery","Chennai","Siruseri","CUS-CHN-000071","Gautham Chandrasekar","+91-90000-00071","customer000071@example.test","BUS-CHN-0022","Southern Parcel Dispatch (SYNTHETIC DEMO ENTITY)","AGT-CHN-DEL-01","STEP-03","3","5","fleet_service","reserve_vehicle","release_vehicle","true","true","false","STEP-02","WF-CHN-DELIVERY-000071-STEP-03-reserve_vehicle","COMPLETED","IRREVERSIBLE_ACTION","4","3","CP-CHN-000071-STEP-03","State before reserve_vehicle in Siruseri","Expected valid reserve_vehicle","Committed reserve_vehicle","NONE","FORWARD_EXECUTION","false","PASSED","COMMITTED","2026-10-04T00:47:34.113Z","2026-10-05T04:33:03.113Z"
"REC-CHN-000071-04","WF-CHN-DELIVERY-000071","delivery","Chennai","Siruseri","CUS-CHN-000071","Gautham Chandrasekar","+91-90000-00071","customer000071@example.test","BUS-CHN-0022","Southern Parcel Dispatch (SYNTHETIC DEMO ENTITY)","AGT-CHN-DEL-01","STEP-04","4","5","sorting_service","dispatch_package","recall_dispatch","true","true","false","STEP-03","WF-CHN-DELIVERY-000071-STEP-04-dispatch_package","COMPLETED","IRREVERSIBLE_ACTION","4","3","CP-CHN-000071-STEP-04","State before dispatch_package in Siruseri","Expected valid dispatch_package","Committed dispatch_package","NONE","FORWARD_EXECUTION","false","PASSED","COMMITTED","2026-10-04T00:47:34.113Z","2026-10-05T04:33:03.113Z"
"REC-CHN-000071-05","WF-CHN-DELIVERY-000071","delivery","Chennai","Siruseri","CUS-CHN-000071","Gautham Chandrasekar","+91-90000-00071","customer000071@example.test","BUS-CHN-0022","Southern Parcel Dispatch (SYNTHETIC DEMO ENTITY)","AGT-CHN-DEL-01","STEP-05","5","5","alert_service","notify_customer",,"false","true","true","STEP-04","WF-CHN-DELIVERY-000071-STEP-05-notify_customer","COMPLETED","IRREVERSIBLE_ACTION","4","3","CP-CHN-000071-STEP-05","State before notify_customer in Siruseri","Expected valid notify_customer","Committed notify_customer","NONE","FORWARD_EXECUTION","false","PASSED","COMMITTED","2026-10-04T00:47:34.113Z","2026-10-05T04:33:03.113Z"
"REC-CHN-000072-01","WF-CHN-APPOINTMENT_BOOKING-000072","appointment_booking","Chennai","Kelambakkam","CUS-CHN-000072","Swetha Subramanian","+91-90000-00072","customer000072@example.test","BUS-CHN-0023","Apollo Health Hub Chennai (SYNTHETIC DEMO ENTITY)","AGT-CHN-APP-01","STEP-01","1","5","clinic_calendar","find_slot",,"false","true","false","NONE","WF-CHN-APPOINTMENT_BOOKING-000072-STEP-01-find_slot","COMPLETED","APPROVAL_REQUIRED","1","1","CP-CHN-000072-STEP-01","State before find_slot in Kelambakkam","Expected valid find_slot","Committed find_slot","NONE","FORWARD_EXECUTION","false","PASSED","COMMITTED","2026-10-04T00:47:35.113Z","2026-10-05T04:33:03.113Z"
"REC-CHN-000072-02","WF-CHN-APPOINTMENT_BOOKING-000072","appointment_booking","Chennai","Kelambakkam","CUS-CHN-000072","Swetha Subramanian","+91-90000-00072","customer000072@example.test","BUS-CHN-0023","Apollo Health Hub Chennai (SYNTHETIC DEMO ENTITY)","AGT-CHN-APP-01","STEP-02","2","5","slot_manager","reserve_slot","release_slot","true","true","false","STEP-01","WF-CHN-APPOINTMENT_BOOKING-000072-STEP-02-reserve_slot","COMPLETED","APPROVAL_REQUIRED","1","1","CP-CHN-000072-STEP-02","State before reserve_slot in Kelambakkam","Expected valid reserve_slot","Committed reserve_slot","NONE","FORWARD_EXECUTION","false","PASSED","COMMITTED","2026-10-04T00:47:35.113Z","2026-10-05T04:33:03.113Z"
"REC-CHN-000072-03","WF-CHN-APPOINTMENT_BOOKING-000072","appointment_booking","Chennai","Kelambakkam","CUS-CHN-000072","Swetha Subramanian","+91-90000-00072","customer000072@example.test","BUS-CHN-0023","Apollo Health Hub Chennai (SYNTHETIC DEMO ENTITY)","AGT-CHN-APP-01","STEP-03","3","5","billing_service","process_payment","refund_payment","true","true","false","STEP-02","WF-CHN-APPOINTMENT_BOOKING-000072-STEP-03-process_payment","COMPLETED","APPROVAL_REQUIRED","1","1","CP-CHN-000072-STEP-03","State before process_payment in Kelambakkam","Expected valid process_payment","Committed process_payment","NONE","FORWARD_EXECUTION","false","PASSED","COMMITTED","2026-10-04T00:47:35.113Z","2026-10-05T04:33:03.113Z"
"REC-CHN-000072-04","WF-CHN-APPOINTMENT_BOOKING-000072","appointment_booking","Chennai","Kelambakkam","CUS-CHN-000072","Swetha Subramanian","+91-90000-00072","customer000072@example.test","BUS-CHN-0023","Apollo Health Hub Chennai (SYNTHETIC DEMO ENTITY)","AGT-CHN-APP-01","STEP-04","4","5","emr_service","create_appointment","cancel_appointment","true","true","false","STEP-03","WF-CHN-APPOINTMENT_BOOKING-000072-STEP-04-create_appointment","COMPLETED","APPROVAL_REQUIRED","1","1","CP-CHN-000072-STEP-04","State before create_appointment in Kelambakkam","Expected valid create_appointment","Committed create_appointment","NONE","FORWARD_EXECUTION","false","PASSED","COMMITTED","2026-10-04T00:47:35.113Z","2026-10-05T04:33:03.113Z"
"REC-CHN-000072-05","WF-CHN-APPOINTMENT_BOOKING-000072","appointment_booking","Chennai","Kelambakkam","CUS-CHN-000072","Swetha Subramanian","+91-90000-00072","customer000072@example.test","BUS-CHN-0023","Apollo Health Hub Chennai (SYNTHETIC DEMO ENTITY)","AGT-CHN-APP-01","STEP-05","5","5","sms_service","send_confirmation",,"false","true","true","STEP-04","WF-CHN-APPOINTMENT_BOOKING-000072-STEP-05-send_confirmation","COMPLETED","APPROVAL_REQUIRED","1","1","CP-CHN-000072-STEP-05","State before send_confirmation in Kelambakkam","Expected valid send_confirmation","Committed send_confirmation","NONE","FORWARD_EXECUTION","false","PASSED","COMMITTED","2026-10-04T00:47:35.113Z","2026-10-05T04:33:03.113Z"
"REC-CHN-000073-01","WF-CHN-HOTEL_BOOKING-000073","hotel_booking","Chennai","T. Nagar","CUS-CHN-000073","Manoj Parthasarathy","+91-90000-00073","customer000073@example.test","BUS-CHN-0024","Marina Comfort Suites (SYNTHETIC DEMO ENTITY)","AGT-CHN-HOT-01","STEP-01","1","5","hotel_search","search_hotel",,"false","true","false","NONE","WF-CHN-HOTEL_BOOKING-000073-STEP-01-search_hotel","COMPLETED","NORMAL","2","2","CP-CHN-000073-STEP-01","State before search_hotel in T. Nagar","Expected valid search_hotel","Committed search_hotel","COMMITTED_IRREVERSIBLE","NONE_REQUIRED","false","PASSED","RESTORED_OR_COMMITTED","2026-10-04T00:47:36.113Z","2026-10-05T04:33:03.113Z"
"REC-CHN-000073-02","WF-CHN-HOTEL_BOOKING-000073","hotel_booking","Chennai","T. Nagar","CUS-CHN-000073","Manoj Parthasarathy","+91-90000-00073","customer000073@example.test","BUS-CHN-0024","Marina Comfort Suites (SYNTHETIC DEMO ENTITY)","AGT-CHN-HOT-01","STEP-02","2","5","room_selection","select_room",,"false","true","false","STEP-01","WF-CHN-HOTEL_BOOKING-000073-STEP-02-select_room","COMPLETED","NORMAL","2","2","CP-CHN-000073-STEP-02","State before select_room in T. Nagar","Expected valid select_room","Committed select_room","COMMITTED_IRREVERSIBLE","NONE_REQUIRED","false","PASSED","RESTORED_OR_COMMITTED","2026-10-04T00:47:36.113Z","2026-10-05T04:33:03.113Z"
"REC-CHN-000073-03","WF-CHN-HOTEL_BOOKING-000073","hotel_booking","Chennai","T. Nagar","CUS-CHN-000073","Manoj Parthasarathy","+91-90000-00073","customer000073@example.test","BUS-CHN-0024","Marina Comfort Suites (SYNTHETIC DEMO ENTITY)","AGT-CHN-HOT-01","STEP-03","3","5","room_booking","book_room","cancel_booking","true","true","false","STEP-02","WF-CHN-HOTEL_BOOKING-000073-STEP-03-book_room","COMPLETED","NORMAL","2","2","CP-CHN-000073-STEP-03","State before book_room in T. Nagar","Expected valid book_room","Committed book_room","STANDBY_REVERSIBLE","NONE_REQUIRED","false","PASSED","RESTORED_OR_COMMITTED","2026-10-04T00:47:36.113Z","2026-10-05T04:33:03.113Z"
"REC-CHN-000073-04","WF-CHN-HOTEL_BOOKING-000073","hotel_booking","Chennai","T. Nagar","CUS-CHN-000073","Manoj Parthasarathy","+91-90000-00073","customer000073@example.test","BUS-CHN-0024","Marina Comfort Suites (SYNTHETIC DEMO ENTITY)","AGT-CHN-HOT-01","STEP-04","4","5","payment_processor","charge_card","refund_payment","true","true","false","STEP-03","WF-CHN-HOTEL_BOOKING-000073-STEP-04-charge_card","COMPLETED","NORMAL","2","2","CP-CHN-000073-STEP-04","State before charge_card in T. Nagar","Expected valid charge_card","Committed charge_card","STANDBY_REVERSIBLE","NONE_REQUIRED","false","PASSED","RESTORED_OR_COMMITTED","2026-10-04T00:47:36.113Z","2026-10-05T04:33:03.113Z"
"REC-CHN-000073-05","WF-CHN-HOTEL_BOOKING-000073","hotel_booking","Chennai","T. Nagar","CUS-CHN-000073","Manoj Parthasarathy","+91-90000-00073","customer000073@example.test","BUS-CHN-0024","Marina Comfort Suites (SYNTHETIC DEMO ENTITY)","AGT-CHN-HOT-01","STEP-05","5","5","email_service","email_customer",,"false","true","true","STEP-04","WF-CHN-HOTEL_BOOKING-000073-STEP-05-email_customer","COMPLETED","NORMAL","2","2","CP-CHN-000073-STEP-05","State before email_customer in T. Nagar","Expected valid email_customer","Committed email_customer","COMMITTED_IRREVERSIBLE","NONE_REQUIRED","false","PASSED","RESTORED_OR_COMMITTED","2026-10-04T00:47:36.113Z","2026-10-05T04:33:03.113Z"
"REC-CHN-000074-01","WF-CHN-ECOMMERCE_ORDER-000074","ecommerce_order","Chennai","Nungambakkam","CUS-CHN-000074","Harini Raghavan","+91-90000-00074","customer000074@example.test","BUS-CHN-0025","Coromandel Provisions (SYNTHETIC DEMO ENTITY)","AGT-CHN-ECO-01","STEP-01","1","5","order_service","create_order","cancel_order","true","true","false","NONE","WF-CHN-ECOMMERCE_ORDER-000074-STEP-01-create_order","COMPLETED","STEP_FAILURE","3","3","CP-CHN-000074-STEP-01","State before create_order in Nungambakkam","Expected valid create_order","Originally completed, then reversed during recovery","COMPENSATED","REVERSE_COMPENSATE_STEP","false","PASSED","RESTORED","2026-10-04T00:47:37.113Z","2026-10-05T04:33:03.113Z"
"REC-CHN-000074-02","WF-CHN-ECOMMERCE_ORDER-000074","ecommerce_order","Chennai","Nungambakkam","CUS-CHN-000074","Harini Raghavan","+91-90000-00074","customer000074@example.test","BUS-CHN-0025","Coromandel Provisions (SYNTHETIC DEMO ENTITY)","AGT-CHN-ECO-01","STEP-02","2","5","inventory_service","reserve_inventory","release_inventory","true","true","false","STEP-01","WF-CHN-ECOMMERCE_ORDER-000074-STEP-02-reserve_inventory","COMPLETED","STEP_FAILURE","3","3","CP-CHN-000074-STEP-02","State before reserve_inventory in Nungambakkam","Expected valid reserve_inventory","Originally completed, then reversed during recovery","COMPENSATED","REVERSE_COMPENSATE_STEP","false","PASSED","RESTORED","2026-10-04T00:47:37.113Z","2026-10-05T04:33:03.113Z"
"REC-CHN-000074-03","WF-CHN-ECOMMERCE_ORDER-000074","ecommerce_order","Chennai","Nungambakkam","CUS-CHN-000074","Harini Raghavan","+91-90000-00074","customer000074@example.test","BUS-CHN-0025","Coromandel Provisions (SYNTHETIC DEMO ENTITY)","AGT-CHN-ECO-01","STEP-03","3","5","payment_service","charge_card","refund_payment","true","true","false","STEP-02","WF-CHN-ECOMMERCE_ORDER-000074-STEP-03-charge_card","FAILED","STEP_FAILURE","3","3","CP-CHN-000074-STEP-03","State before charge_card in Nungambakkam","Expected valid charge_card","Failed at charge_card: STEP_FAILURE","TRIGGERING_RECOVERY","SAGA_REVERSE_COMPENSATION","false","FAILED_AT_STEP","RESTORED","2026-10-04T00:47:37.113Z","2026-10-05T04:33:03.113Z"
"REC-CHN-000074-04","WF-CHN-ECOMMERCE_ORDER-000074","ecommerce_order","Chennai","Nungambakkam","CUS-CHN-000074","Harini Raghavan","+91-90000-00074","customer000074@example.test","BUS-CHN-0025","Coromandel Provisions (SYNTHETIC DEMO ENTITY)","AGT-CHN-ECO-01","STEP-04","4","5","shipment_service","create_shipment","cancel_shipment","true","true","false","STEP-03","WF-CHN-ECOMMERCE_ORDER-000074-STEP-04-create_shipment","SKIPPED_DUE_TO_PREVIOUS_FAILURE","STEP_FAILURE","3","3","CP-CHN-000074-STEP-04","State before create_shipment in Nungambakkam","Expected valid create_shipment","Committed create_shipment","COMPENSATED","SAGA_REVERSE_COMPENSATION","false","PASSED","RESTORED","2026-10-04T00:47:37.113Z","2026-10-05T04:33:03.113Z"
"REC-CHN-000074-05","WF-CHN-ECOMMERCE_ORDER-000074","ecommerce_order","Chennai","Nungambakkam","CUS-CHN-000074","Harini Raghavan","+91-90000-00074","customer000074@example.test","BUS-CHN-0025","Coromandel Provisions (SYNTHETIC DEMO ENTITY)","AGT-CHN-ECO-01","STEP-05","5","5","notification_service","email_customer",,"false","true","true","STEP-04","WF-CHN-ECOMMERCE_ORDER-000074-STEP-05-email_customer","SKIPPED_DUE_TO_PREVIOUS_FAILURE","STEP_FAILURE","3","3","CP-CHN-000074-STEP-05","State before email_customer in Nungambakkam","Expected valid email_customer","Committed email_customer","SKIPPED","SAGA_REVERSE_COMPENSATION","false","PASSED","RESTORED","2026-10-04T00:47:37.113Z","2026-10-05T04:33:03.113Z"
"REC-CHN-000075-01","WF-CHN-CUSTOMER_SUPPORT-000075","customer_support","Chennai","Anna Nagar","CUS-CHN-000075","Ashok Narayanan","+91-90000-00075","customer000075@example.test","BUS-CHN-0026","Southern Tech Helpdesk (SYNTHETIC DEMO ENTITY)","AGT-CHN-CUS-01","STEP-01","1","5","crm_service","create_ticket","close_ticket","true","true","false","NONE","WF-CHN-CUSTOMER_SUPPORT-000075-STEP-01-create_ticket","COMPLETED","TOOL_FAILURE","4","1","CP-CHN-000075-STEP-01","State before create_ticket in Anna Nagar","Expected valid create_ticket","Originally completed, then reversed during recovery","COMPENSATED","REVERSE_COMPENSATE_STEP","false","PASSED","RESTORED","2026-10-04T00:47:38.113Z","2026-10-05T04:33:03.113Z"
"REC-CHN-000075-02","WF-CHN-CUSTOMER_SUPPORT-000075","customer_support","Chennai","Anna Nagar","CUS-CHN-000075","Ashok Narayanan","+91-90000-00075","customer000075@example.test","BUS-CHN-0026","Southern Tech Helpdesk (SYNTHETIC DEMO ENTITY)","AGT-CHN-CUS-01","STEP-02","2","5","routing_service","assign_agent","unassign_agent","true","true","false","STEP-01","WF-CHN-CUSTOMER_SUPPORT-000075-STEP-02-assign_agent","COMPLETED","TOOL_FAILURE","4","1","CP-CHN-000075-STEP-02","State before assign_agent in Anna Nagar","Expected valid assign_agent","Originally completed, then reversed during recovery","COMPENSATED","REVERSE_COMPENSATE_STEP","false","PASSED","RESTORED","2026-10-04T00:47:38.113Z","2026-10-05T04:33:03.113Z"
"REC-CHN-000075-03","WF-CHN-CUSTOMER_SUPPORT-000075","customer_support","Chennai","Anna Nagar","CUS-CHN-000075","Ashok Narayanan","+91-90000-00075","customer000075@example.test","BUS-CHN-0026","Southern Tech Helpdesk (SYNTHETIC DEMO ENTITY)","AGT-CHN-CUS-01","STEP-03","3","5","customer_record_service","update_customer_record","restore_customer_record","true","true","false","STEP-02","WF-CHN-CUSTOMER_SUPPORT-000075-STEP-03-update_customer_record","COMPLETED","TOOL_FAILURE","4","1","CP-CHN-000075-STEP-03","State before update_customer_record in Anna Nagar","Expected valid update_customer_record","Originally completed, then reversed during recovery","COMPENSATED","REVERSE_COMPENSATE_STEP","false","PASSED","RESTORED","2026-10-04T00:47:38.113Z","2026-10-05T04:33:03.113Z"
"REC-CHN-000075-04","WF-CHN-CUSTOMER_SUPPORT-000075","customer_support","Chennai","Anna Nagar","CUS-CHN-000075","Ashok Narayanan","+91-90000-00075","customer000075@example.test","BUS-CHN-0026","Southern Tech Helpdesk (SYNTHETIC DEMO ENTITY)","AGT-CHN-CUS-01","STEP-04","4","5","resolution_service","create_resolution","revert_resolution","true","true","false","STEP-03","WF-CHN-CUSTOMER_SUPPORT-000075-STEP-04-create_resolution","FAILED","TOOL_FAILURE","4","1","CP-CHN-000075-STEP-04","State before create_resolution in Anna Nagar","Expected valid create_resolution","Failed at create_resolution: TOOL_FAILURE","TRIGGERING_RECOVERY","SAGA_REVERSE_COMPENSATION","false","FAILED_AT_STEP","RESTORED","2026-10-04T00:47:38.113Z","2026-10-05T04:33:03.113Z"
"REC-CHN-000075-05","WF-CHN-CUSTOMER_SUPPORT-000075","customer_support","Chennai","Anna Nagar","CUS-CHN-000075","Ashok Narayanan","+91-90000-00075","customer000075@example.test","BUS-CHN-0026","Southern Tech Helpdesk (SYNTHETIC DEMO ENTITY)","AGT-CHN-CUS-01","STEP-05","5","5","notification_service","email_customer",,"false","true","true","STEP-04","WF-CHN-CUSTOMER_SUPPORT-000075-STEP-05-email_customer","SKIPPED_DUE_TO_PREVIOUS_FAILURE","TOOL_FAILURE","4","1","CP-CHN-000075-STEP-05","State before email_customer in Anna Nagar","Expected valid email_customer","Committed email_customer","SKIPPED","SAGA_REVERSE_COMPENSATION","false","PASSED","RESTORED","2026-10-04T00:47:38.113Z","2026-10-05T04:33:03.113Z"
"REC-CHN-000076-01","WF-CHN-RESTAURANT_RESERVATION-000076","restaurant_reservation","Chennai","Adyar","CUS-CHN-000076","Keerthana Murali","+91-90000-00076","customer000076@example.test","BUS-CHN-0027","Besant Beach Terrace Diner (SYNTHETIC DEMO ENTITY)","AGT-CHN-RES-01","STEP-01","1","5","dining_search","find_restaurant",,"false","true","false","NONE","WF-CHN-RESTAURANT_RESERVATION-000076-STEP-01-find_restaurant","FAILED","TIMEOUT","1","2","CP-CHN-000076-STEP-01","State before find_restaurant in Adyar","Expected valid find_restaurant","Failed at find_restaurant: TIMEOUT","TRIGGERING_RECOVERY","SAGA_REVERSE_COMPENSATION","false","FAILED_AT_STEP","RESTORED","2026-10-04T00:47:39.113Z","2026-10-05T04:33:03.113Z"
"REC-CHN-000076-02","WF-CHN-RESTAURANT_RESERVATION-000076","restaurant_reservation","Chennai","Adyar","CUS-CHN-000076","Keerthana Murali","+91-90000-00076","customer000076@example.test","BUS-CHN-0027","Besant Beach Terrace Diner (SYNTHETIC DEMO ENTITY)","AGT-CHN-RES-01","STEP-02","2","5","table_booking","reserve_table","release_table","true","true","false","STEP-01","WF-CHN-RESTAURANT_RESERVATION-000076-STEP-02-reserve_table","SKIPPED_DUE_TO_PREVIOUS_FAILURE","TIMEOUT","1","2","CP-CHN-000076-STEP-02","State before reserve_table in Adyar","Expected valid reserve_table","Committed reserve_table","COMPENSATED","SAGA_REVERSE_COMPENSATION","false","PASSED","RESTORED","2026-10-04T00:47:39.113Z","2026-10-05T04:33:03.113Z"
"REC-CHN-000076-03","WF-CHN-RESTAURANT_RESERVATION-000076","restaurant_reservation","Chennai","Adyar","CUS-CHN-000076","Keerthana Murali","+91-90000-00076","customer000076@example.test","BUS-CHN-0027","Besant Beach Terrace Diner (SYNTHETIC DEMO ENTITY)","AGT-CHN-RES-01","STEP-03","3","5","deposit_service","charge_deposit","refund_deposit","true","true","false","STEP-02","WF-CHN-RESTAURANT_RESERVATION-000076-STEP-03-charge_deposit","SKIPPED_DUE_TO_PREVIOUS_FAILURE","TIMEOUT","1","2","CP-CHN-000076-STEP-03","State before charge_deposit in Adyar","Expected valid charge_deposit","Committed charge_deposit","COMPENSATED","SAGA_REVERSE_COMPENSATION","false","PASSED","RESTORED","2026-10-04T00:47:39.113Z","2026-10-05T04:33:03.113Z"
"REC-CHN-000076-04","WF-CHN-RESTAURANT_RESERVATION-000076","restaurant_reservation","Chennai","Adyar","CUS-CHN-000076","Keerthana Murali","+91-90000-00076","customer000076@example.test","BUS-CHN-0027","Besant Beach Terrace Diner (SYNTHETIC DEMO ENTITY)","AGT-CHN-RES-01","STEP-04","4","5","reservation_service","create_reservation","cancel_reservation","true","true","false","STEP-03","WF-CHN-RESTAURANT_RESERVATION-000076-STEP-04-create_reservation","SKIPPED_DUE_TO_PREVIOUS_FAILURE","TIMEOUT","1","2","CP-CHN-000076-STEP-04","State before create_reservation in Adyar","Expected valid create_reservation","Committed create_reservation","COMPENSATED","SAGA_REVERSE_COMPENSATION","false","PASSED","RESTORED","2026-10-04T00:47:39.113Z","2026-10-05T04:33:03.113Z"
"REC-CHN-000076-05","WF-CHN-RESTAURANT_RESERVATION-000076","restaurant_reservation","Chennai","Adyar","CUS-CHN-000076","Keerthana Murali","+91-90000-00076","customer000076@example.test","BUS-CHN-0027","Besant Beach Terrace Diner (SYNTHETIC DEMO ENTITY)","AGT-CHN-RES-01","STEP-05","5","5","messaging_service","send_confirmation",,"false","true","true","STEP-04","WF-CHN-RESTAURANT_RESERVATION-000076-STEP-05-send_confirmation","SKIPPED_DUE_TO_PREVIOUS_FAILURE","TIMEOUT","1","2","CP-CHN-000076-STEP-05","State before send_confirmation in Adyar","Expected valid send_confirmation","Committed send_confirmation","SKIPPED","SAGA_REVERSE_COMPENSATION","false","PASSED","RESTORED","2026-10-04T00:47:39.113Z","2026-10-05T04:33:03.113Z"
"REC-CHN-000077-01","WF-CHN-CAB_BOOKING-000077","cab_booking","Chennai","Mylapore","CUS-CHN-000077","Pradeep Venkatesh","+91-90000-00077","customer000077@example.test","BUS-CHN-0028","Coromandel Cabs (SYNTHETIC DEMO ENTITY)","AGT-CHN-CAB-01","STEP-01","1","5","ride_dispatcher","request_ride",,"false","true","false","NONE","WF-CHN-CAB_BOOKING-000077-STEP-01-request_ride","COMPLETED","NETWORK_FAILURE","2","3","CP-CHN-000077-STEP-01","State before request_ride in Mylapore","Expected valid request_ride","Originally completed, then reversed during recovery","NOT_APPLICABLE","REVERSE_COMPENSATE_STEP","false","PASSED","RESTORED","2026-10-04T00:47:40.113Z","2026-10-05T04:33:03.113Z"
"REC-CHN-000077-02","WF-CHN-CAB_BOOKING-000077","cab_booking","Chennai","Mylapore","CUS-CHN-000077","Pradeep Venkatesh","+91-90000-00077","customer000077@example.test","BUS-CHN-0028","Coromandel Cabs (SYNTHETIC DEMO ENTITY)","AGT-CHN-CAB-01","STEP-02","2","5","driver_assignment","assign_driver","release_driver","true","true","false","STEP-01","WF-CHN-CAB_BOOKING-000077-STEP-02-assign_driver","FAILED","NETWORK_FAILURE","2","3","CP-CHN-000077-STEP-02","State before assign_driver in Mylapore","Expected valid assign_driver","Failed at assign_driver: NETWORK_FAILURE","TRIGGERING_RECOVERY","SAGA_REVERSE_COMPENSATION","false","FAILED_AT_STEP","RESTORED","2026-10-04T00:47:40.113Z","2026-10-05T04:33:03.113Z"
"REC-CHN-000077-03","WF-CHN-CAB_BOOKING-000077","cab_booking","Chennai","Mylapore","CUS-CHN-000077","Pradeep Venkatesh","+91-90000-00077","customer000077@example.test","BUS-CHN-0028","Coromandel Cabs (SYNTHETIC DEMO ENTITY)","AGT-CHN-CAB-01","STEP-03","3","5","trip_service","confirm_ride","cancel_ride","true","true","false","STEP-02","WF-CHN-CAB_BOOKING-000077-STEP-03-confirm_ride","SKIPPED_DUE_TO_PREVIOUS_FAILURE","NETWORK_FAILURE","2","3","CP-CHN-000077-STEP-03","State before confirm_ride in Mylapore","Expected valid confirm_ride","Committed confirm_ride","COMPENSATED","SAGA_REVERSE_COMPENSATION","false","PASSED","RESTORED","2026-10-04T00:47:40.113Z","2026-10-05T04:33:03.113Z"
"REC-CHN-000077-04","WF-CHN-CAB_BOOKING-000077","cab_booking","Chennai","Mylapore","CUS-CHN-000077","Pradeep Venkatesh","+91-90000-00077","customer000077@example.test","BUS-CHN-0028","Coromandel Cabs (SYNTHETIC DEMO ENTITY)","AGT-CHN-CAB-01","STEP-04","4","5","fare_service","charge_payment","refund_payment","true","true","false","STEP-03","WF-CHN-CAB_BOOKING-000077-STEP-04-charge_payment","SKIPPED_DUE_TO_PREVIOUS_FAILURE","NETWORK_FAILURE","2","3","CP-CHN-000077-STEP-04","State before charge_payment in Mylapore","Expected valid charge_payment","Committed charge_payment","COMPENSATED","SAGA_REVERSE_COMPENSATION","false","PASSED","RESTORED","2026-10-04T00:47:40.113Z","2026-10-05T04:33:03.113Z"
"REC-CHN-000077-05","WF-CHN-CAB_BOOKING-000077","cab_booking","Chennai","Mylapore","CUS-CHN-000077","Pradeep Venkatesh","+91-90000-00077","customer000077@example.test","BUS-CHN-0028","Coromandel Cabs (SYNTHETIC DEMO ENTITY)","AGT-CHN-CAB-01","STEP-05","5","5","comm_service","send_confirmation",,"false","true","true","STEP-04","WF-CHN-CAB_BOOKING-000077-STEP-05-send_confirmation","SKIPPED_DUE_TO_PREVIOUS_FAILURE","NETWORK_FAILURE","2","3","CP-CHN-000077-STEP-05","State before send_confirmation in Mylapore","Expected valid send_confirmation","Committed send_confirmation","SKIPPED","SAGA_REVERSE_COMPENSATION","false","PASSED","RESTORED","2026-10-04T00:47:40.113Z","2026-10-05T04:33:03.113Z"
"REC-CHN-000078-01","WF-CHN-EVENT_REGISTRATION-000078","event_registration","Chennai","Velachery","CUS-CHN-000078","Janani Ramesh","+91-90000-00078","customer000078@example.test","BUS-CHN-0029","Marina Hackathon Expo (SYNTHETIC DEMO ENTITY)","AGT-CHN-EVE-01","STEP-01","1","5","event_service","register_participant","cancel_registration","true","true","false","NONE","WF-CHN-EVENT_REGISTRATION-000078-STEP-01-register_participant","COMPLETED","DUPLICATE_REQUEST","3","1","CP-CHN-000078-STEP-01","State before register_participant in Velachery","Expected valid register_participant","Committed register_participant","NONE","FORWARD_EXECUTION","false","PASSED","COMMITTED","2026-10-04T00:47:41.113Z","2026-10-05T04:33:03.113Z"
"REC-CHN-000078-02","WF-CHN-EVENT_REGISTRATION-000078","event_registration","Chennai","Velachery","CUS-CHN-000078","Janani Ramesh","+91-90000-00078","customer000078@example.test","BUS-CHN-0029","Marina Hackathon Expo (SYNTHETIC DEMO ENTITY)","AGT-CHN-EVE-01","STEP-02","2","5","seating_service","reserve_seat","release_seat","true","true","false","STEP-01","WF-CHN-EVENT_REGISTRATION-000078-STEP-02-reserve_seat","COMPLETED","DUPLICATE_REQUEST","3","1","CP-CHN-000078-STEP-02","State before reserve_seat in Velachery","Expected valid reserve_seat","Duplicate request detected via idempotency key: WF-CHN-EVENT_REGISTRATION-000078-STEP-02-reserve_seat. Returned cached response with 0 side effects.","NONE","IDEMPOTENCY_GUARD_PREVENT_DUPLICATE","false","PASSED","RESTORED_OR_COMMITTED","2026-10-04T00:47:41.113Z","2026-10-05T04:33:03.113Z"
"REC-CHN-000078-03","WF-CHN-EVENT_REGISTRATION-000078","event_registration","Chennai","Velachery","CUS-CHN-000078","Janani Ramesh","+91-90000-00078","customer000078@example.test","BUS-CHN-0029","Marina Hackathon Expo (SYNTHETIC DEMO ENTITY)","AGT-CHN-EVE-01","STEP-03","3","5","payment_gateway","process_payment","refund_payment","true","true","false","STEP-02","WF-CHN-EVENT_REGISTRATION-000078-STEP-03-process_payment","COMPLETED","DUPLICATE_REQUEST","3","1","CP-CHN-000078-STEP-03","State before process_payment in Velachery","Expected valid process_payment","Committed process_payment","NONE","FORWARD_EXECUTION","false","PASSED","COMMITTED","2026-10-04T00:47:41.113Z","2026-10-05T04:33:03.113Z"
"REC-CHN-000078-04","WF-CHN-EVENT_REGISTRATION-000078","event_registration","Chennai","Velachery","CUS-CHN-000078","Janani Ramesh","+91-90000-00078","customer000078@example.test","BUS-CHN-0029","Marina Hackathon Expo (SYNTHETIC DEMO ENTITY)","AGT-CHN-EVE-01","STEP-04","4","5","ticket_generator","generate_ticket","invalidate_ticket","true","true","false","STEP-03","WF-CHN-EVENT_REGISTRATION-000078-STEP-04-generate_ticket","COMPLETED","DUPLICATE_REQUEST","3","1","CP-CHN-000078-STEP-04","State before generate_ticket in Velachery","Expected valid generate_ticket","Committed generate_ticket","NONE","FORWARD_EXECUTION","false","PASSED","COMMITTED","2026-10-04T00:47:41.113Z","2026-10-05T04:33:03.113Z"
"REC-CHN-000078-05","WF-CHN-EVENT_REGISTRATION-000078","event_registration","Chennai","Velachery","CUS-CHN-000078","Janani Ramesh","+91-90000-00078","customer000078@example.test","BUS-CHN-0029","Marina Hackathon Expo (SYNTHETIC DEMO ENTITY)","AGT-CHN-EVE-01","STEP-05","5","5","email_dispatcher","email_ticket",,"false","true","true","STEP-04","WF-CHN-EVENT_REGISTRATION-000078-STEP-05-email_ticket","COMPLETED","DUPLICATE_REQUEST","3","1","CP-CHN-000078-STEP-05","State before email_ticket in Velachery","Expected valid email_ticket","Committed email_ticket","NONE","FORWARD_EXECUTION","false","PASSED","COMMITTED","2026-10-04T00:47:41.113Z","2026-10-05T04:33:03.113Z"
"REC-CHN-000079-01","WF-CHN-DELIVERY-000079","delivery","Chennai","Guindy","CUS-CHN-000079","Dinesh Mohan","+91-90000-00079","customer000079@example.test","BUS-CHN-0030","Southern Parcel Dispatch (SYNTHETIC DEMO ENTITY)","AGT-CHN-DEL-01","STEP-01","1","5","dispatch_engine","create_delivery","cancel_delivery","true","true","false","NONE","WF-CHN-DELIVERY-000079-STEP-01-create_delivery","COMPLETED","UNKNOWN_STATE","4","2","CP-CHN-000079-STEP-01","State before create_delivery in Guindy","Expected valid create_delivery","Committed create_delivery","NONE","FORWARD_EXECUTION","false","PASSED","COMMITTED","2026-10-04T00:47:42.113Z","2026-10-05T04:33:03.113Z"
"REC-CHN-000079-02","WF-CHN-DELIVERY-000079","delivery","Chennai","Guindy","CUS-CHN-000079","Dinesh Mohan","+91-90000-00079","customer000079@example.test","BUS-CHN-0030","Southern Parcel Dispatch (SYNTHETIC DEMO ENTITY)","AGT-CHN-DEL-01","STEP-02","2","5","courier_service","assign_driver","unassign_driver","true","true","false","STEP-01","WF-CHN-DELIVERY-000079-STEP-02-assign_driver","COMPLETED","UNKNOWN_STATE","4","2","CP-CHN-000079-STEP-02","State before assign_driver in Guindy","Expected valid assign_driver","Committed assign_driver","NONE","FORWARD_EXECUTION","false","PASSED","COMMITTED","2026-10-04T00:47:42.113Z","2026-10-05T04:33:03.113Z"
"REC-CHN-000079-03","WF-CHN-DELIVERY-000079","delivery","Chennai","Guindy","CUS-CHN-000079","Dinesh Mohan","+91-90000-00079","customer000079@example.test","BUS-CHN-0030","Southern Parcel Dispatch (SYNTHETIC DEMO ENTITY)","AGT-CHN-DEL-01","STEP-03","3","5","fleet_service","reserve_vehicle","release_vehicle","true","true","false","STEP-02","WF-CHN-DELIVERY-000079-STEP-03-reserve_vehicle","COMPLETED","UNKNOWN_STATE","4","2","CP-CHN-000079-STEP-03","State before reserve_vehicle in Guindy","Expected valid reserve_vehicle","Committed reserve_vehicle","NONE","FORWARD_EXECUTION","false","PASSED","COMMITTED","2026-10-04T00:47:42.113Z","2026-10-05T04:33:03.113Z"
"REC-CHN-000079-04","WF-CHN-DELIVERY-000079","delivery","Chennai","Guindy","CUS-CHN-000079","Dinesh Mohan","+91-90000-00079","customer000079@example.test","BUS-CHN-0030","Southern Parcel Dispatch (SYNTHETIC DEMO ENTITY)","AGT-CHN-DEL-01","STEP-04","4","5","sorting_service","dispatch_package","recall_dispatch","true","true","false","STEP-03","WF-CHN-DELIVERY-000079-STEP-04-dispatch_package","FAILED","UNKNOWN_STATE","4","2","CP-CHN-000079-STEP-04","State before dispatch_package in Guindy","Expected valid dispatch_package","Committed dispatch_package","NONE","QUERY_AUTHORITATIVE_MOCK_WORLD_THEN_COMPENSATE","false","PASSED","RESTORED","2026-10-04T00:47:42.113Z","2026-10-05T04:33:03.113Z"
"REC-CHN-000079-05","WF-CHN-DELIVERY-000079","delivery","Chennai","Guindy","CUS-CHN-000079","Dinesh Mohan","+91-90000-00079","customer000079@example.test","BUS-CHN-0030","Southern Parcel Dispatch (SYNTHETIC DEMO ENTITY)","AGT-CHN-DEL-01","STEP-05","5","5","alert_service","notify_customer",,"false","true","true","STEP-04","WF-CHN-DELIVERY-000079-STEP-05-notify_customer","SKIPPED_DUE_TO_PREVIOUS_FAILURE","UNKNOWN_STATE","4","2","CP-CHN-000079-STEP-05","State before notify_customer in Guindy","Expected valid notify_customer","Committed notify_customer","SKIPPED","SAGA_REVERSE_COMPENSATION","false","PASSED","RESTORED","2026-10-04T00:47:42.113Z","2026-10-05T04:33:03.113Z"
"REC-CHN-000080-01","WF-CHN-APPOINTMENT_BOOKING-000080","appointment_booking","Chennai","Saidapet","CUS-CHN-000080","Abirami Kalyan","+91-90000-00080","customer000080@example.test","BUS-CHN-0031","Apollo Health Hub Chennai (SYNTHETIC DEMO ENTITY)","AGT-CHN-APP-01","STEP-01","1","5","clinic_calendar","find_slot",,"false","true","false","NONE","WF-CHN-APPOINTMENT_BOOKING-000080-STEP-01-find_slot","FAILED","PARTIAL_FAILURE","1","3","CP-CHN-000080-STEP-01","State before find_slot in Saidapet","Expected valid find_slot","Committed find_slot","NONE","QUERY_AUTHORITATIVE_MOCK_WORLD_THEN_COMPENSATE","false","PASSED","RESTORED","2026-10-04T00:47:43.113Z","2026-10-05T04:33:03.113Z"
"REC-CHN-000080-02","WF-CHN-APPOINTMENT_BOOKING-000080","appointment_booking","Chennai","Saidapet","CUS-CHN-000080","Abirami Kalyan","+91-90000-00080","customer000080@example.test","BUS-CHN-0031","Apollo Health Hub Chennai (SYNTHETIC DEMO ENTITY)","AGT-CHN-APP-01","STEP-02","2","5","slot_manager","reserve_slot","release_slot","true","true","false","STEP-01","WF-CHN-APPOINTMENT_BOOKING-000080-STEP-02-reserve_slot","SKIPPED_DUE_TO_PREVIOUS_FAILURE","PARTIAL_FAILURE","1","3","CP-CHN-000080-STEP-02","State before reserve_slot in Saidapet","Expected valid reserve_slot","Committed reserve_slot","COMPENSATED","SAGA_REVERSE_COMPENSATION","false","PASSED","RESTORED","2026-10-04T00:47:43.113Z","2026-10-05T04:33:03.113Z"
"REC-CHN-000080-03","WF-CHN-APPOINTMENT_BOOKING-000080","appointment_booking","Chennai","Saidapet","CUS-CHN-000080","Abirami Kalyan","+91-90000-00080","customer000080@example.test","BUS-CHN-0031","Apollo Health Hub Chennai (SYNTHETIC DEMO ENTITY)","AGT-CHN-APP-01","STEP-03","3","5","billing_service","process_payment","refund_payment","true","true","false","STEP-02","WF-CHN-APPOINTMENT_BOOKING-000080-STEP-03-process_payment","SKIPPED_DUE_TO_PREVIOUS_FAILURE","PARTIAL_FAILURE","1","3","CP-CHN-000080-STEP-03","State before process_payment in Saidapet","Expected valid process_payment","Committed process_payment","COMPENSATED","SAGA_REVERSE_COMPENSATION","false","PASSED","RESTORED","2026-10-04T00:47:43.113Z","2026-10-05T04:33:03.113Z"
"REC-CHN-000080-04","WF-CHN-APPOINTMENT_BOOKING-000080","appointment_booking","Chennai","Saidapet","CUS-CHN-000080","Abirami Kalyan","+91-90000-00080","customer000080@example.test","BUS-CHN-0031","Apollo Health Hub Chennai (SYNTHETIC DEMO ENTITY)","AGT-CHN-APP-01","STEP-04","4","5","emr_service","create_appointment","cancel_appointment","true","true","false","STEP-03","WF-CHN-APPOINTMENT_BOOKING-000080-STEP-04-create_appointment","SKIPPED_DUE_TO_PREVIOUS_FAILURE","PARTIAL_FAILURE","1","3","CP-CHN-000080-STEP-04","State before create_appointment in Saidapet","Expected valid create_appointment","Committed create_appointment","COMPENSATED","SAGA_REVERSE_COMPENSATION","false","PASSED","RESTORED","2026-10-04T00:47:43.113Z","2026-10-05T04:33:03.113Z"
"REC-CHN-000080-05","WF-CHN-APPOINTMENT_BOOKING-000080","appointment_booking","Chennai","Saidapet","CUS-CHN-000080","Abirami Kalyan","+91-90000-00080","customer000080@example.test","BUS-CHN-0031","Apollo Health Hub Chennai (SYNTHETIC DEMO ENTITY)","AGT-CHN-APP-01","STEP-05","5","5","sms_service","send_confirmation",,"false","true","true","STEP-04","WF-CHN-APPOINTMENT_BOOKING-000080-STEP-05-send_confirmation","SKIPPED_DUE_TO_PREVIOUS_FAILURE","PARTIAL_FAILURE","1","3","CP-CHN-000080-STEP-05","State before send_confirmation in Saidapet","Expected valid send_confirmation","Committed send_confirmation","SKIPPED","SAGA_REVERSE_COMPENSATION","false","PASSED","RESTORED","2026-10-04T00:47:43.113Z","2026-10-05T04:33:03.113Z"
"REC-CHN-000081-01","WF-CHN-HOTEL_BOOKING-000081","hotel_booking","Chennai","Besant Nagar","CUS-CHN-000081","Surya Prakash","+91-90000-00081","customer000081@example.test","BUS-CHN-0032","Marina Comfort Suites (SYNTHETIC DEMO ENTITY)","AGT-CHN-HOT-01","STEP-01","1","5","hotel_search","search_hotel",,"false","true","false","NONE","WF-CHN-HOTEL_BOOKING-000081-STEP-01-search_hotel","COMPLETED","CRASH","2","1","CP-CHN-000081-STEP-01","State before search_hotel in Besant Nagar","Expected valid search_hotel","Committed search_hotel","CHECKPOINTED","RESUME_FROM_DURABLE_LOG","false","PASSED","DURABLE_CHECKPOINT_SAVED","2026-10-04T00:47:44.113Z","2026-10-05T04:33:03.113Z"
"REC-CHN-000081-02","WF-CHN-HOTEL_BOOKING-000081","hotel_booking","Chennai","Besant Nagar","CUS-CHN-000081","Surya Prakash","+91-90000-00081","customer000081@example.test","BUS-CHN-0032","Marina Comfort Suites (SYNTHETIC DEMO ENTITY)","AGT-CHN-HOT-01","STEP-02","2","5","room_selection","select_room",,"false","true","false","STEP-01","WF-CHN-HOTEL_BOOKING-000081-STEP-02-select_room","SKIPPED_DUE_TO_CRASH","CRASH","2","1","CP-CHN-000081-STEP-02","State before select_room in Besant Nagar","Expected valid select_room","Committed select_room","NONE","RESUME_OR_ROLLBACK_AFTER_CRASH","false","PASSED","PRESERVED_AT_CHECKPOINT","2026-10-04T00:47:44.113Z","2026-10-05T04:33:03.113Z"
"REC-CHN-000081-03","WF-CHN-HOTEL_BOOKING-000081","hotel_booking","Chennai","Besant Nagar","CUS-CHN-000081","Surya Prakash","+91-90000-00081","customer000081@example.test","BUS-CHN-0032","Marina Comfort Suites (SYNTHETIC DEMO ENTITY)","AGT-CHN-HOT-01","STEP-03","3","5","room_booking","book_room","cancel_booking","true","true","false","STEP-02","WF-CHN-HOTEL_BOOKING-000081-STEP-03-book_room","SKIPPED_DUE_TO_CRASH","CRASH","2","1","CP-CHN-000081-STEP-03","State before book_room in Besant Nagar","Expected valid book_room","Committed book_room","NONE","RESUME_OR_ROLLBACK_AFTER_CRASH","false","PASSED","PRESERVED_AT_CHECKPOINT","2026-10-04T00:47:44.113Z","2026-10-05T04:33:03.113Z"
"REC-CHN-000081-04","WF-CHN-HOTEL_BOOKING-000081","hotel_booking","Chennai","Besant Nagar","CUS-CHN-000081","Surya Prakash","+91-90000-00081","customer000081@example.test","BUS-CHN-0032","Marina Comfort Suites (SYNTHETIC DEMO ENTITY)","AGT-CHN-HOT-01","STEP-04","4","5","payment_processor","charge_card","refund_payment","true","true","false","STEP-03","WF-CHN-HOTEL_BOOKING-000081-STEP-04-charge_card","SKIPPED_DUE_TO_CRASH","CRASH","2","1","CP-CHN-000081-STEP-04","State before charge_card in Besant Nagar","Expected valid charge_card","Committed charge_card","NONE","RESUME_OR_ROLLBACK_AFTER_CRASH","false","PASSED","PRESERVED_AT_CHECKPOINT","2026-10-04T00:47:44.113Z","2026-10-05T04:33:03.113Z"
"REC-CHN-000081-05","WF-CHN-HOTEL_BOOKING-000081","hotel_booking","Chennai","Besant Nagar","CUS-CHN-000081","Surya Prakash","+91-90000-00081","customer000081@example.test","BUS-CHN-0032","Marina Comfort Suites (SYNTHETIC DEMO ENTITY)","AGT-CHN-HOT-01","STEP-05","5","5","email_service","email_customer",,"false","true","true","STEP-04","WF-CHN-HOTEL_BOOKING-000081-STEP-05-email_customer","SKIPPED_DUE_TO_CRASH","CRASH","2","1","CP-CHN-000081-STEP-05","State before email_customer in Besant Nagar","Expected valid email_customer","Committed email_customer","NONE","RESUME_OR_ROLLBACK_AFTER_CRASH","false","PASSED","PRESERVED_AT_CHECKPOINT","2026-10-04T00:47:44.113Z","2026-10-05T04:33:03.113Z"
"REC-CHN-000082-01","WF-CHN-ECOMMERCE_ORDER-000082","ecommerce_order","Chennai","Thiruvanmiyur","CUS-CHN-000082","Bhavani Shankar","+91-90000-00082","customer000082@example.test","BUS-CHN-0033","OMR SuperStore Online (SYNTHETIC DEMO ENTITY)","AGT-CHN-ECO-01","STEP-01","1","5","order_service","create_order","cancel_order","true","true","false","NONE","WF-CHN-ECOMMERCE_ORDER-000082-STEP-01-create_order","COMPLETED","COMPENSATION_FAILURE","3","2","CP-CHN-000082-STEP-01","State before create_order in Thiruvanmiyur","Expected valid create_order","Committed create_order","NONE","FORWARD_EXECUTION","false","PASSED","COMMITTED","2026-10-04T00:47:45.113Z","2026-10-05T04:33:03.113Z"
"REC-CHN-000082-02","WF-CHN-ECOMMERCE_ORDER-000082","ecommerce_order","Chennai","Thiruvanmiyur","CUS-CHN-000082","Bhavani Shankar","+91-90000-00082","customer000082@example.test","BUS-CHN-0033","OMR SuperStore Online (SYNTHETIC DEMO ENTITY)","AGT-CHN-ECO-01","STEP-02","2","5","inventory_service","reserve_inventory","release_inventory","true","true","false","STEP-01","WF-CHN-ECOMMERCE_ORDER-000082-STEP-02-reserve_inventory","COMPLETED","COMPENSATION_FAILURE","3","2","CP-CHN-000082-STEP-02","State before reserve_inventory in Thiruvanmiyur","Expected valid reserve_inventory","Committed reserve_inventory","NONE","FORWARD_EXECUTION","false","PASSED","COMMITTED","2026-10-04T00:47:45.113Z","2026-10-05T04:33:03.113Z"
"REC-CHN-000082-03","WF-CHN-ECOMMERCE_ORDER-000082","ecommerce_order","Chennai","Thiruvanmiyur","CUS-CHN-000082","Bhavani Shankar","+91-90000-00082","customer000082@example.test","BUS-CHN-0033","OMR SuperStore Online (SYNTHETIC DEMO ENTITY)","AGT-CHN-ECO-01","STEP-03","3","5","payment_service","charge_card","refund_payment","true","true","false","STEP-02","WF-CHN-ECOMMERCE_ORDER-000082-STEP-03-charge_card","FAILED","COMPENSATION_FAILURE","3","2","CP-CHN-000082-STEP-03","State before charge_card in Thiruvanmiyur","Expected valid charge_card","Committed charge_card","NONE","FORWARD_EXECUTION","false","PASSED","COMMITTED","2026-10-04T00:47:45.113Z","2026-10-05T04:33:03.113Z"
"REC-CHN-000082-04","WF-CHN-ECOMMERCE_ORDER-000082","ecommerce_order","Chennai","Thiruvanmiyur","CUS-CHN-000082","Bhavani Shankar","+91-90000-00082","customer000082@example.test","BUS-CHN-0033","OMR SuperStore Online (SYNTHETIC DEMO ENTITY)","AGT-CHN-ECO-01","STEP-04","4","5","shipment_service","create_shipment","cancel_shipment","true","true","false","STEP-03","WF-CHN-ECOMMERCE_ORDER-000082-STEP-04-create_shipment","SKIPPED_DUE_TO_PREVIOUS_FAILURE","COMPENSATION_FAILURE","3","2","CP-CHN-000082-STEP-04","State before create_shipment in Thiruvanmiyur","Expected valid create_shipment","Committed create_shipment","COMPENSATED","SAGA_REVERSE_COMPENSATION","false","PASSED","RESTORED","2026-10-04T00:47:45.113Z","2026-10-05T04:33:03.113Z"
"REC-CHN-000082-05","WF-CHN-ECOMMERCE_ORDER-000082","ecommerce_order","Chennai","Thiruvanmiyur","CUS-CHN-000082","Bhavani Shankar","+91-90000-00082","customer000082@example.test","BUS-CHN-0033","OMR SuperStore Online (SYNTHETIC DEMO ENTITY)","AGT-CHN-ECO-01","STEP-05","5","5","notification_service","email_customer",,"false","true","true","STEP-04","WF-CHN-ECOMMERCE_ORDER-000082-STEP-05-email_customer","SKIPPED_DUE_TO_PREVIOUS_FAILURE","COMPENSATION_FAILURE","3","2","CP-CHN-000082-STEP-05","State before email_customer in Thiruvanmiyur","Expected valid email_customer","Committed email_customer","SKIPPED","SAGA_REVERSE_COMPENSATION","false","PASSED","RESTORED","2026-10-04T00:47:45.113Z","2026-10-05T04:33:03.113Z"
"REC-CHN-000083-01","WF-CHN-CUSTOMER_SUPPORT-000083","customer_support","Chennai","Perungudi","CUS-CHN-000083","Vijay Anand","+91-90000-00083","customer000083@example.test","BUS-CHN-0034","Southern Tech Helpdesk (SYNTHETIC DEMO ENTITY)","AGT-CHN-CUS-01","STEP-01","1","5","crm_service","create_ticket","close_ticket","true","true","false","NONE","WF-CHN-CUSTOMER_SUPPORT-000083-STEP-01-create_ticket","COMPLETED","IRREVERSIBLE_ACTION","4","3","CP-CHN-000083-STEP-01","State before create_ticket in Perungudi","Expected valid create_ticket","Committed create_ticket","NONE","FORWARD_EXECUTION","false","PASSED","COMMITTED","2026-10-04T00:47:46.113Z","2026-10-05T04:33:03.113Z"
"REC-CHN-000083-02","WF-CHN-CUSTOMER_SUPPORT-000083","customer_support","Chennai","Perungudi","CUS-CHN-000083","Vijay Anand","+91-90000-00083","customer000083@example.test","BUS-CHN-0034","Southern Tech Helpdesk (SYNTHETIC DEMO ENTITY)","AGT-CHN-CUS-01","STEP-02","2","5","routing_service","assign_agent","unassign_agent","true","true","false","STEP-01","WF-CHN-CUSTOMER_SUPPORT-000083-STEP-02-assign_agent","COMPLETED","IRREVERSIBLE_ACTION","4","3","CP-CHN-000083-STEP-02","State before assign_agent in Perungudi","Expected valid assign_agent","Committed assign_agent","NONE","FORWARD_EXECUTION","false","PASSED","COMMITTED","2026-10-04T00:47:46.113Z","2026-10-05T04:33:03.113Z"
"REC-CHN-000083-03","WF-CHN-CUSTOMER_SUPPORT-000083","customer_support","Chennai","Perungudi","CUS-CHN-000083","Vijay Anand","+91-90000-00083","customer000083@example.test","BUS-CHN-0034","Southern Tech Helpdesk (SYNTHETIC DEMO ENTITY)","AGT-CHN-CUS-01","STEP-03","3","5","customer_record_service","update_customer_record","restore_customer_record","true","true","false","STEP-02","WF-CHN-CUSTOMER_SUPPORT-000083-STEP-03-update_customer_record","COMPLETED","IRREVERSIBLE_ACTION","4","3","CP-CHN-000083-STEP-03","State before update_customer_record in Perungudi","Expected valid update_customer_record","Committed update_customer_record","NONE","FORWARD_EXECUTION","false","PASSED","COMMITTED","2026-10-04T00:47:46.113Z","2026-10-05T04:33:03.113Z"
"REC-CHN-000083-04","WF-CHN-CUSTOMER_SUPPORT-000083","customer_support","Chennai","Perungudi","CUS-CHN-000083","Vijay Anand","+91-90000-00083","customer000083@example.test","BUS-CHN-0034","Southern Tech Helpdesk (SYNTHETIC DEMO ENTITY)","AGT-CHN-CUS-01","STEP-04","4","5","resolution_service","create_resolution","revert_resolution","true","true","false","STEP-03","WF-CHN-CUSTOMER_SUPPORT-000083-STEP-04-create_resolution","COMPLETED","IRREVERSIBLE_ACTION","4","3","CP-CHN-000083-STEP-04","State before create_resolution in Perungudi","Expected valid create_resolution","Committed create_resolution","NONE","FORWARD_EXECUTION","false","PASSED","COMMITTED","2026-10-04T00:47:46.113Z","2026-10-05T04:33:03.113Z"
"REC-CHN-000083-05","WF-CHN-CUSTOMER_SUPPORT-000083","customer_support","Chennai","Perungudi","CUS-CHN-000083","Vijay Anand","+91-90000-00083","customer000083@example.test","BUS-CHN-0034","Southern Tech Helpdesk (SYNTHETIC DEMO ENTITY)","AGT-CHN-CUS-01","STEP-05","5","5","notification_service","email_customer",,"false","true","true","STEP-04","WF-CHN-CUSTOMER_SUPPORT-000083-STEP-05-email_customer","COMPLETED","IRREVERSIBLE_ACTION","4","3","CP-CHN-000083-STEP-05","State before email_customer in Perungudi","Expected valid email_customer","Committed email_customer","NONE","FORWARD_EXECUTION","false","PASSED","COMMITTED","2026-10-04T00:47:46.113Z","2026-10-05T04:33:03.113Z"
"REC-CHN-000084-01","WF-CHN-RESTAURANT_RESERVATION-000084","restaurant_reservation","Chennai","Thoraipakkam","CUS-CHN-000084","Sneha Radhakrishnan","+91-90000-00084","customer000084@example.test","BUS-CHN-0035","Marina Spice House (SYNTHETIC DEMO ENTITY)","AGT-CHN-RES-01","STEP-01","1","5","dining_search","find_restaurant",,"false","true","false","NONE","WF-CHN-RESTAURANT_RESERVATION-000084-STEP-01-find_restaurant","COMPLETED","APPROVAL_REQUIRED","1","1","CP-CHN-000084-STEP-01","State before find_restaurant in Thoraipakkam","Expected valid find_restaurant","Committed find_restaurant","NONE","FORWARD_EXECUTION","false","PASSED","COMMITTED","2026-10-04T00:47:47.113Z","2026-10-05T04:33:03.113Z"
"REC-CHN-000084-02","WF-CHN-RESTAURANT_RESERVATION-000084","restaurant_reservation","Chennai","Thoraipakkam","CUS-CHN-000084","Sneha Radhakrishnan","+91-90000-00084","customer000084@example.test","BUS-CHN-0035","Marina Spice House (SYNTHETIC DEMO ENTITY)","AGT-CHN-RES-01","STEP-02","2","5","table_booking","reserve_table","release_table","true","true","false","STEP-01","WF-CHN-RESTAURANT_RESERVATION-000084-STEP-02-reserve_table","COMPLETED","APPROVAL_REQUIRED","1","1","CP-CHN-000084-STEP-02","State before reserve_table in Thoraipakkam","Expected valid reserve_table","Committed reserve_table","NONE","FORWARD_EXECUTION","false","PASSED","COMMITTED","2026-10-04T00:47:47.113Z","2026-10-05T04:33:03.113Z"
"REC-CHN-000084-03","WF-CHN-RESTAURANT_RESERVATION-000084","restaurant_reservation","Chennai","Thoraipakkam","CUS-CHN-000084","Sneha Radhakrishnan","+91-90000-00084","customer000084@example.test","BUS-CHN-0035","Marina Spice House (SYNTHETIC DEMO ENTITY)","AGT-CHN-RES-01","STEP-03","3","5","deposit_service","charge_deposit","refund_deposit","true","true","false","STEP-02","WF-CHN-RESTAURANT_RESERVATION-000084-STEP-03-charge_deposit","COMPLETED","APPROVAL_REQUIRED","1","1","CP-CHN-000084-STEP-03","State before charge_deposit in Thoraipakkam","Expected valid charge_deposit","Committed charge_deposit","NONE","FORWARD_EXECUTION","false","PASSED","COMMITTED","2026-10-04T00:47:47.113Z","2026-10-05T04:33:03.113Z"
"REC-CHN-000084-04","WF-CHN-RESTAURANT_RESERVATION-000084","restaurant_reservation","Chennai","Thoraipakkam","CUS-CHN-000084","Sneha Radhakrishnan","+91-90000-00084","customer000084@example.test","BUS-CHN-0035","Marina Spice House (SYNTHETIC DEMO ENTITY)","AGT-CHN-RES-01","STEP-04","4","5","reservation_service","create_reservation","cancel_reservation","true","true","false","STEP-03","WF-CHN-RESTAURANT_RESERVATION-000084-STEP-04-create_reservation","COMPLETED","APPROVAL_REQUIRED","1","1","CP-CHN-000084-STEP-04","State before create_reservation in Thoraipakkam","Expected valid create_reservation","Committed create_reservation","NONE","FORWARD_EXECUTION","false","PASSED","COMMITTED","2026-10-04T00:47:47.113Z","2026-10-05T04:33:03.113Z"
"REC-CHN-000084-05","WF-CHN-RESTAURANT_RESERVATION-000084","restaurant_reservation","Chennai","Thoraipakkam","CUS-CHN-000084","Sneha Radhakrishnan","+91-90000-00084","customer000084@example.test","BUS-CHN-0035","Marina Spice House (SYNTHETIC DEMO ENTITY)","AGT-CHN-RES-01","STEP-05","5","5","messaging_service","send_confirmation",,"false","true","true","STEP-04","WF-CHN-RESTAURANT_RESERVATION-000084-STEP-05-send_confirmation","COMPLETED","APPROVAL_REQUIRED","1","1","CP-CHN-000084-STEP-05","State before send_confirmation in Thoraipakkam","Expected valid send_confirmation","Committed send_confirmation","NONE","FORWARD_EXECUTION","false","PASSED","COMMITTED","2026-10-04T00:47:47.113Z","2026-10-05T04:33:03.113Z"
"REC-CHN-000085-01","WF-CHN-CAB_BOOKING-000085","cab_booking","Chennai","Sholinganallur","CUS-CHN-000085","Arun Kumar","+91-90000-00085","customer000085@example.test","BUS-CHN-0036","Coromandel Cabs (SYNTHETIC DEMO ENTITY)","AGT-CHN-CAB-01","STEP-01","1","5","ride_dispatcher","request_ride",,"false","true","false","NONE","WF-CHN-CAB_BOOKING-000085-STEP-01-request_ride","COMPLETED","NORMAL","2","2","CP-CHN-000085-STEP-01","State before request_ride in Sholinganallur","Expected valid request_ride","Committed request_ride","COMMITTED_IRREVERSIBLE","NONE_REQUIRED","false","PASSED","RESTORED_OR_COMMITTED","2026-10-04T00:47:48.113Z","2026-10-05T04:33:03.113Z"
"REC-CHN-000085-02","WF-CHN-CAB_BOOKING-000085","cab_booking","Chennai","Sholinganallur","CUS-CHN-000085","Arun Kumar","+91-90000-00085","customer000085@example.test","BUS-CHN-0036","Coromandel Cabs (SYNTHETIC DEMO ENTITY)","AGT-CHN-CAB-01","STEP-02","2","5","driver_assignment","assign_driver","release_driver","true","true","false","STEP-01","WF-CHN-CAB_BOOKING-000085-STEP-02-assign_driver","COMPLETED","NORMAL","2","2","CP-CHN-000085-STEP-02","State before assign_driver in Sholinganallur","Expected valid assign_driver","Committed assign_driver","STANDBY_REVERSIBLE","NONE_REQUIRED","false","PASSED","RESTORED_OR_COMMITTED","2026-10-04T00:47:48.113Z","2026-10-05T04:33:03.113Z"
"REC-CHN-000085-03","WF-CHN-CAB_BOOKING-000085","cab_booking","Chennai","Sholinganallur","CUS-CHN-000085","Arun Kumar","+91-90000-00085","customer000085@example.test","BUS-CHN-0036","Coromandel Cabs (SYNTHETIC DEMO ENTITY)","AGT-CHN-CAB-01","STEP-03","3","5","trip_service","confirm_ride","cancel_ride","true","true","false","STEP-02","WF-CHN-CAB_BOOKING-000085-STEP-03-confirm_ride","COMPLETED","NORMAL","2","2","CP-CHN-000085-STEP-03","State before confirm_ride in Sholinganallur","Expected valid confirm_ride","Committed confirm_ride","STANDBY_REVERSIBLE","NONE_REQUIRED","false","PASSED","RESTORED_OR_COMMITTED","2026-10-04T00:47:48.113Z","2026-10-05T04:33:03.113Z"
"REC-CHN-000085-04","WF-CHN-CAB_BOOKING-000085","cab_booking","Chennai","Sholinganallur","CUS-CHN-000085","Arun Kumar","+91-90000-00085","customer000085@example.test","BUS-CHN-0036","Coromandel Cabs (SYNTHETIC DEMO ENTITY)","AGT-CHN-CAB-01","STEP-04","4","5","fare_service","charge_payment","refund_payment","true","true","false","STEP-03","WF-CHN-CAB_BOOKING-000085-STEP-04-charge_payment","COMPLETED","NORMAL","2","2","CP-CHN-000085-STEP-04","State before charge_payment in Sholinganallur","Expected valid charge_payment","Committed charge_payment","STANDBY_REVERSIBLE","NONE_REQUIRED","false","PASSED","RESTORED_OR_COMMITTED","2026-10-04T00:47:48.113Z","2026-10-05T04:33:03.113Z"
"REC-CHN-000085-05","WF-CHN-CAB_BOOKING-000085","cab_booking","Chennai","Sholinganallur","CUS-CHN-000085","Arun Kumar","+91-90000-00085","customer000085@example.test","BUS-CHN-0036","Coromandel Cabs (SYNTHETIC DEMO ENTITY)","AGT-CHN-CAB-01","STEP-05","5","5","comm_service","send_confirmation",,"false","true","true","STEP-04","WF-CHN-CAB_BOOKING-000085-STEP-05-send_confirmation","COMPLETED","NORMAL","2","2","CP-CHN-000085-STEP-05","State before send_confirmation in Sholinganallur","Expected valid send_confirmation","Committed send_confirmation","COMMITTED_IRREVERSIBLE","NONE_REQUIRED","false","PASSED","RESTORED_OR_COMMITTED","2026-10-04T00:47:48.113Z","2026-10-05T04:33:03.113Z"
"REC-CHN-000086-01","WF-CHN-EVENT_REGISTRATION-000086","event_registration","Chennai","OMR","CUS-CHN-000086","Kavin Raj","+91-90000-00086","customer000086@example.test","BUS-CHN-0037","Marina Hackathon Expo (SYNTHETIC DEMO ENTITY)","AGT-CHN-EVE-01","STEP-01","1","5","event_service","register_participant","cancel_registration","true","true","false","NONE","WF-CHN-EVENT_REGISTRATION-000086-STEP-01-register_participant","COMPLETED","STEP_FAILURE","3","3","CP-CHN-000086-STEP-01","State before register_participant in OMR","Expected valid register_participant","Originally completed, then reversed during recovery","COMPENSATED","REVERSE_COMPENSATE_STEP","false","PASSED","RESTORED","2026-10-04T00:47:49.114Z","2026-10-05T04:33:03.114Z"
"REC-CHN-000086-02","WF-CHN-EVENT_REGISTRATION-000086","event_registration","Chennai","OMR","CUS-CHN-000086","Kavin Raj","+91-90000-00086","customer000086@example.test","BUS-CHN-0037","Marina Hackathon Expo (SYNTHETIC DEMO ENTITY)","AGT-CHN-EVE-01","STEP-02","2","5","seating_service","reserve_seat","release_seat","true","true","false","STEP-01","WF-CHN-EVENT_REGISTRATION-000086-STEP-02-reserve_seat","COMPLETED","STEP_FAILURE","3","3","CP-CHN-000086-STEP-02","State before reserve_seat in OMR","Expected valid reserve_seat","Originally completed, then reversed during recovery","COMPENSATED","REVERSE_COMPENSATE_STEP","false","PASSED","RESTORED","2026-10-04T00:47:49.114Z","2026-10-05T04:33:03.114Z"
"REC-CHN-000086-03","WF-CHN-EVENT_REGISTRATION-000086","event_registration","Chennai","OMR","CUS-CHN-000086","Kavin Raj","+91-90000-00086","customer000086@example.test","BUS-CHN-0037","Marina Hackathon Expo (SYNTHETIC DEMO ENTITY)","AGT-CHN-EVE-01","STEP-03","3","5","payment_gateway","process_payment","refund_payment","true","true","false","STEP-02","WF-CHN-EVENT_REGISTRATION-000086-STEP-03-process_payment","FAILED","STEP_FAILURE","3","3","CP-CHN-000086-STEP-03","State before process_payment in OMR","Expected valid process_payment","Failed at process_payment: STEP_FAILURE","TRIGGERING_RECOVERY","SAGA_REVERSE_COMPENSATION","false","FAILED_AT_STEP","RESTORED","2026-10-04T00:47:49.114Z","2026-10-05T04:33:03.114Z"
"REC-CHN-000086-04","WF-CHN-EVENT_REGISTRATION-000086","event_registration","Chennai","OMR","CUS-CHN-000086","Kavin Raj","+91-90000-00086","customer000086@example.test","BUS-CHN-0037","Marina Hackathon Expo (SYNTHETIC DEMO ENTITY)","AGT-CHN-EVE-01","STEP-04","4","5","ticket_generator","generate_ticket","invalidate_ticket","true","true","false","STEP-03","WF-CHN-EVENT_REGISTRATION-000086-STEP-04-generate_ticket","SKIPPED_DUE_TO_PREVIOUS_FAILURE","STEP_FAILURE","3","3","CP-CHN-000086-STEP-04","State before generate_ticket in OMR","Expected valid generate_ticket","Committed generate_ticket","COMPENSATED","SAGA_REVERSE_COMPENSATION","false","PASSED","RESTORED","2026-10-04T00:47:49.114Z","2026-10-05T04:33:03.114Z"
"REC-CHN-000086-05","WF-CHN-EVENT_REGISTRATION-000086","event_registration","Chennai","OMR","CUS-CHN-000086","Kavin Raj","+91-90000-00086","customer000086@example.test","BUS-CHN-0037","Marina Hackathon Expo (SYNTHETIC DEMO ENTITY)","AGT-CHN-EVE-01","STEP-05","5","5","email_dispatcher","email_ticket",,"false","true","true","STEP-04","WF-CHN-EVENT_REGISTRATION-000086-STEP-05-email_ticket","SKIPPED_DUE_TO_PREVIOUS_FAILURE","STEP_FAILURE","3","3","CP-CHN-000086-STEP-05","State before email_ticket in OMR","Expected valid email_ticket","Committed email_ticket","SKIPPED","SAGA_REVERSE_COMPENSATION","false","PASSED","RESTORED","2026-10-04T00:47:49.114Z","2026-10-05T04:33:03.114Z"
"REC-CHN-000087-01","WF-CHN-DELIVERY-000087","delivery","Chennai","Porur","CUS-CHN-000087","Priya Anand","+91-90000-00087","customer000087@example.test","BUS-CHN-0038","Southern Parcel Dispatch (SYNTHETIC DEMO ENTITY)","AGT-CHN-DEL-01","STEP-01","1","5","dispatch_engine","create_delivery","cancel_delivery","true","true","false","NONE","WF-CHN-DELIVERY-000087-STEP-01-create_delivery","COMPLETED","TOOL_FAILURE","4","1","CP-CHN-000087-STEP-01","State before create_delivery in Porur","Expected valid create_delivery","Originally completed, then reversed during recovery","COMPENSATED","REVERSE_COMPENSATE_STEP","false","PASSED","RESTORED","2026-10-04T00:47:50.114Z","2026-10-05T04:33:03.114Z"
"REC-CHN-000087-02","WF-CHN-DELIVERY-000087","delivery","Chennai","Porur","CUS-CHN-000087","Priya Anand","+91-90000-00087","customer000087@example.test","BUS-CHN-0038","Southern Parcel Dispatch (SYNTHETIC DEMO ENTITY)","AGT-CHN-DEL-01","STEP-02","2","5","courier_service","assign_driver","unassign_driver","true","true","false","STEP-01","WF-CHN-DELIVERY-000087-STEP-02-assign_driver","COMPLETED","TOOL_FAILURE","4","1","CP-CHN-000087-STEP-02","State before assign_driver in Porur","Expected valid assign_driver","Originally completed, then reversed during recovery","COMPENSATED","REVERSE_COMPENSATE_STEP","false","PASSED","RESTORED","2026-10-04T00:47:50.114Z","2026-10-05T04:33:03.114Z"
"REC-CHN-000087-03","WF-CHN-DELIVERY-000087","delivery","Chennai","Porur","CUS-CHN-000087","Priya Anand","+91-90000-00087","customer000087@example.test","BUS-CHN-0038","Southern Parcel Dispatch (SYNTHETIC DEMO ENTITY)","AGT-CHN-DEL-01","STEP-03","3","5","fleet_service","reserve_vehicle","release_vehicle","true","true","false","STEP-02","WF-CHN-DELIVERY-000087-STEP-03-reserve_vehicle","COMPLETED","TOOL_FAILURE","4","1","CP-CHN-000087-STEP-03","State before reserve_vehicle in Porur","Expected valid reserve_vehicle","Originally completed, then reversed during recovery","COMPENSATED","REVERSE_COMPENSATE_STEP","false","PASSED","RESTORED","2026-10-04T00:47:50.114Z","2026-10-05T04:33:03.114Z"
"REC-CHN-000087-04","WF-CHN-DELIVERY-000087","delivery","Chennai","Porur","CUS-CHN-000087","Priya Anand","+91-90000-00087","customer000087@example.test","BUS-CHN-0038","Southern Parcel Dispatch (SYNTHETIC DEMO ENTITY)","AGT-CHN-DEL-01","STEP-04","4","5","sorting_service","dispatch_package","recall_dispatch","true","true","false","STEP-03","WF-CHN-DELIVERY-000087-STEP-04-dispatch_package","FAILED","TOOL_FAILURE","4","1","CP-CHN-000087-STEP-04","State before dispatch_package in Porur","Expected valid dispatch_package","Failed at dispatch_package: TOOL_FAILURE","TRIGGERING_RECOVERY","SAGA_REVERSE_COMPENSATION","false","FAILED_AT_STEP","RESTORED","2026-10-04T00:47:50.114Z","2026-10-05T04:33:03.114Z"
"REC-CHN-000087-05","WF-CHN-DELIVERY-000087","delivery","Chennai","Porur","CUS-CHN-000087","Priya Anand","+91-90000-00087","customer000087@example.test","BUS-CHN-0038","Southern Parcel Dispatch (SYNTHETIC DEMO ENTITY)","AGT-CHN-DEL-01","STEP-05","5","5","alert_service","notify_customer",,"false","true","true","STEP-04","WF-CHN-DELIVERY-000087-STEP-05-notify_customer","SKIPPED_DUE_TO_PREVIOUS_FAILURE","TOOL_FAILURE","4","1","CP-CHN-000087-STEP-05","State before notify_customer in Porur","Expected valid notify_customer","Committed notify_customer","SKIPPED","SAGA_REVERSE_COMPENSATION","false","PASSED","RESTORED","2026-10-04T00:47:50.114Z","2026-10-05T04:33:03.114Z"
"REC-CHN-000088-01","WF-CHN-APPOINTMENT_BOOKING-000088","appointment_booking","Chennai","Koyambedu","CUS-CHN-000088","Divya Krishnan","+91-90000-00088","customer000088@example.test","BUS-CHN-0039","Apollo Health Hub Chennai (SYNTHETIC DEMO ENTITY)","AGT-CHN-APP-01","STEP-01","1","5","clinic_calendar","find_slot",,"false","true","false","NONE","WF-CHN-APPOINTMENT_BOOKING-000088-STEP-01-find_slot","FAILED","TIMEOUT","1","2","CP-CHN-000088-STEP-01","State before find_slot in Koyambedu","Expected valid find_slot","Failed at find_slot: TIMEOUT","TRIGGERING_RECOVERY","SAGA_REVERSE_COMPENSATION","false","FAILED_AT_STEP","RESTORED","2026-10-04T00:47:51.114Z","2026-10-05T04:33:03.114Z"
"REC-CHN-000088-02","WF-CHN-APPOINTMENT_BOOKING-000088","appointment_booking","Chennai","Koyambedu","CUS-CHN-000088","Divya Krishnan","+91-90000-00088","customer000088@example.test","BUS-CHN-0039","Apollo Health Hub Chennai (SYNTHETIC DEMO ENTITY)","AGT-CHN-APP-01","STEP-02","2","5","slot_manager","reserve_slot","release_slot","true","true","false","STEP-01","WF-CHN-APPOINTMENT_BOOKING-000088-STEP-02-reserve_slot","SKIPPED_DUE_TO_PREVIOUS_FAILURE","TIMEOUT","1","2","CP-CHN-000088-STEP-02","State before reserve_slot in Koyambedu","Expected valid reserve_slot","Committed reserve_slot","COMPENSATED","SAGA_REVERSE_COMPENSATION","false","PASSED","RESTORED","2026-10-04T00:47:51.114Z","2026-10-05T04:33:03.114Z"
"REC-CHN-000088-03","WF-CHN-APPOINTMENT_BOOKING-000088","appointment_booking","Chennai","Koyambedu","CUS-CHN-000088","Divya Krishnan","+91-90000-00088","customer000088@example.test","BUS-CHN-0039","Apollo Health Hub Chennai (SYNTHETIC DEMO ENTITY)","AGT-CHN-APP-01","STEP-03","3","5","billing_service","process_payment","refund_payment","true","true","false","STEP-02","WF-CHN-APPOINTMENT_BOOKING-000088-STEP-03-process_payment","SKIPPED_DUE_TO_PREVIOUS_FAILURE","TIMEOUT","1","2","CP-CHN-000088-STEP-03","State before process_payment in Koyambedu","Expected valid process_payment","Committed process_payment","COMPENSATED","SAGA_REVERSE_COMPENSATION","false","PASSED","RESTORED","2026-10-04T00:47:51.114Z","2026-10-05T04:33:03.114Z"
"REC-CHN-000088-04","WF-CHN-APPOINTMENT_BOOKING-000088","appointment_booking","Chennai","Koyambedu","CUS-CHN-000088","Divya Krishnan","+91-90000-00088","customer000088@example.test","BUS-CHN-0039","Apollo Health Hub Chennai (SYNTHETIC DEMO ENTITY)","AGT-CHN-APP-01","STEP-04","4","5","emr_service","create_appointment","cancel_appointment","true","true","false","STEP-03","WF-CHN-APPOINTMENT_BOOKING-000088-STEP-04-create_appointment","SKIPPED_DUE_TO_PREVIOUS_FAILURE","TIMEOUT","1","2","CP-CHN-000088-STEP-04","State before create_appointment in Koyambedu","Expected valid create_appointment","Committed create_appointment","COMPENSATED","SAGA_REVERSE_COMPENSATION","false","PASSED","RESTORED","2026-10-04T00:47:51.114Z","2026-10-05T04:33:03.114Z"
"REC-CHN-000088-05","WF-CHN-APPOINTMENT_BOOKING-000088","appointment_booking","Chennai","Koyambedu","CUS-CHN-000088","Divya Krishnan","+91-90000-00088","customer000088@example.test","BUS-CHN-0039","Apollo Health Hub Chennai (SYNTHETIC DEMO ENTITY)","AGT-CHN-APP-01","STEP-05","5","5","sms_service","send_confirmation",,"false","true","true","STEP-04","WF-CHN-APPOINTMENT_BOOKING-000088-STEP-05-send_confirmation","SKIPPED_DUE_TO_PREVIOUS_FAILURE","TIMEOUT","1","2","CP-CHN-000088-STEP-05","State before send_confirmation in Koyambedu","Expected valid send_confirmation","Committed send_confirmation","SKIPPED","SAGA_REVERSE_COMPENSATION","false","PASSED","RESTORED","2026-10-04T00:47:51.114Z","2026-10-05T04:33:03.114Z"
"REC-CHN-000089-01","WF-CHN-HOTEL_BOOKING-000089","hotel_booking","Chennai","Ambattur","CUS-CHN-000089","Sanjay Rao","+91-90000-00089","customer000089@example.test","BUS-CHN-0040","Marina Comfort Suites (SYNTHETIC DEMO ENTITY)","AGT-CHN-HOT-01","STEP-01","1","5","hotel_search","search_hotel",,"false","true","false","NONE","WF-CHN-HOTEL_BOOKING-000089-STEP-01-search_hotel","COMPLETED","NETWORK_FAILURE","2","3","CP-CHN-000089-STEP-01","State before search_hotel in Ambattur","Expected valid search_hotel","Originally completed, then reversed during recovery","NOT_APPLICABLE","REVERSE_COMPENSATE_STEP","false","PASSED","RESTORED","2026-10-04T00:47:52.114Z","2026-10-05T04:33:03.114Z"
"REC-CHN-000089-02","WF-CHN-HOTEL_BOOKING-000089","hotel_booking","Chennai","Ambattur","CUS-CHN-000089","Sanjay Rao","+91-90000-00089","customer000089@example.test","BUS-CHN-0040","Marina Comfort Suites (SYNTHETIC DEMO ENTITY)","AGT-CHN-HOT-01","STEP-02","2","5","room_selection","select_room",,"false","true","false","STEP-01","WF-CHN-HOTEL_BOOKING-000089-STEP-02-select_room","FAILED","NETWORK_FAILURE","2","3","CP-CHN-000089-STEP-02","State before select_room in Ambattur","Expected valid select_room","Failed at select_room: NETWORK_FAILURE","TRIGGERING_RECOVERY","SAGA_REVERSE_COMPENSATION","false","FAILED_AT_STEP","RESTORED","2026-10-04T00:47:52.114Z","2026-10-05T04:33:03.114Z"
"REC-CHN-000089-03","WF-CHN-HOTEL_BOOKING-000089","hotel_booking","Chennai","Ambattur","CUS-CHN-000089","Sanjay Rao","+91-90000-00089","customer000089@example.test","BUS-CHN-0040","Marina Comfort Suites (SYNTHETIC DEMO ENTITY)","AGT-CHN-HOT-01","STEP-03","3","5","room_booking","book_room","cancel_booking","true","true","false","STEP-02","WF-CHN-HOTEL_BOOKING-000089-STEP-03-book_room","SKIPPED_DUE_TO_PREVIOUS_FAILURE","NETWORK_FAILURE","2","3","CP-CHN-000089-STEP-03","State before book_room in Ambattur","Expected valid book_room","Committed book_room","COMPENSATED","SAGA_REVERSE_COMPENSATION","false","PASSED","RESTORED","2026-10-04T00:47:52.114Z","2026-10-05T04:33:03.114Z"
"REC-CHN-000089-04","WF-CHN-HOTEL_BOOKING-000089","hotel_booking","Chennai","Ambattur","CUS-CHN-000089","Sanjay Rao","+91-90000-00089","customer000089@example.test","BUS-CHN-0040","Marina Comfort Suites (SYNTHETIC DEMO ENTITY)","AGT-CHN-HOT-01","STEP-04","4","5","payment_processor","charge_card","refund_payment","true","true","false","STEP-03","WF-CHN-HOTEL_BOOKING-000089-STEP-04-charge_card","SKIPPED_DUE_TO_PREVIOUS_FAILURE","NETWORK_FAILURE","2","3","CP-CHN-000089-STEP-04","State before charge_card in Ambattur","Expected valid charge_card","Committed charge_card","COMPENSATED","SAGA_REVERSE_COMPENSATION","false","PASSED","RESTORED","2026-10-04T00:47:52.114Z","2026-10-05T04:33:03.114Z"
"REC-CHN-000089-05","WF-CHN-HOTEL_BOOKING-000089","hotel_booking","Chennai","Ambattur","CUS-CHN-000089","Sanjay Rao","+91-90000-00089","customer000089@example.test","BUS-CHN-0040","Marina Comfort Suites (SYNTHETIC DEMO ENTITY)","AGT-CHN-HOT-01","STEP-05","5","5","email_service","email_customer",,"false","true","true","STEP-04","WF-CHN-HOTEL_BOOKING-000089-STEP-05-email_customer","SKIPPED_DUE_TO_PREVIOUS_FAILURE","NETWORK_FAILURE","2","3","CP-CHN-000089-STEP-05","State before email_customer in Ambattur","Expected valid email_customer","Committed email_customer","SKIPPED","SAGA_REVERSE_COMPENSATION","false","PASSED","RESTORED","2026-10-04T00:47:52.114Z","2026-10-05T04:33:03.114Z"
"REC-CHN-000090-01","WF-CHN-ECOMMERCE_ORDER-000090","ecommerce_order","Chennai","Avadi","CUS-CHN-000090","Nithya Kumar","+91-90000-00090","customer000090@example.test","BUS-CHN-0041","Chennai MegaMart Digital (SYNTHETIC DEMO ENTITY)","AGT-CHN-ECO-01","STEP-01","1","5","order_service","create_order","cancel_order","true","true","false","NONE","WF-CHN-ECOMMERCE_ORDER-000090-STEP-01-create_order","COMPLETED","DUPLICATE_REQUEST","3","1","CP-CHN-000090-STEP-01","State before create_order in Avadi","Expected valid create_order","Committed create_order","NONE","FORWARD_EXECUTION","false","PASSED","COMMITTED","2026-10-04T00:47:53.114Z","2026-10-05T04:33:03.114Z"
"REC-CHN-000090-02","WF-CHN-ECOMMERCE_ORDER-000090","ecommerce_order","Chennai","Avadi","CUS-CHN-000090","Nithya Kumar","+91-90000-00090","customer000090@example.test","BUS-CHN-0041","Chennai MegaMart Digital (SYNTHETIC DEMO ENTITY)","AGT-CHN-ECO-01","STEP-02","2","5","inventory_service","reserve_inventory","release_inventory","true","true","false","STEP-01","WF-CHN-ECOMMERCE_ORDER-000090-STEP-02-reserve_inventory","COMPLETED","DUPLICATE_REQUEST","3","1","CP-CHN-000090-STEP-02","State before reserve_inventory in Avadi","Expected valid reserve_inventory","Duplicate request detected via idempotency key: WF-CHN-ECOMMERCE_ORDER-000090-STEP-02-reserve_inventory. Returned cached response with 0 side effects.","NONE","IDEMPOTENCY_GUARD_PREVENT_DUPLICATE","false","PASSED","RESTORED_OR_COMMITTED","2026-10-04T00:47:53.114Z","2026-10-05T04:33:03.114Z"
"REC-CHN-000090-03","WF-CHN-ECOMMERCE_ORDER-000090","ecommerce_order","Chennai","Avadi","CUS-CHN-000090","Nithya Kumar","+91-90000-00090","customer000090@example.test","BUS-CHN-0041","Chennai MegaMart Digital (SYNTHETIC DEMO ENTITY)","AGT-CHN-ECO-01","STEP-03","3","5","payment_service","charge_card","refund_payment","true","true","false","STEP-02","WF-CHN-ECOMMERCE_ORDER-000090-STEP-03-charge_card","COMPLETED","DUPLICATE_REQUEST","3","1","CP-CHN-000090-STEP-03","State before charge_card in Avadi","Expected valid charge_card","Committed charge_card","NONE","FORWARD_EXECUTION","false","PASSED","COMMITTED","2026-10-04T00:47:53.114Z","2026-10-05T04:33:03.114Z"
"REC-CHN-000090-04","WF-CHN-ECOMMERCE_ORDER-000090","ecommerce_order","Chennai","Avadi","CUS-CHN-000090","Nithya Kumar","+91-90000-00090","customer000090@example.test","BUS-CHN-0041","Chennai MegaMart Digital (SYNTHETIC DEMO ENTITY)","AGT-CHN-ECO-01","STEP-04","4","5","shipment_service","create_shipment","cancel_shipment","true","true","false","STEP-03","WF-CHN-ECOMMERCE_ORDER-000090-STEP-04-create_shipment","COMPLETED","DUPLICATE_REQUEST","3","1","CP-CHN-000090-STEP-04","State before create_shipment in Avadi","Expected valid create_shipment","Committed create_shipment","NONE","FORWARD_EXECUTION","false","PASSED","COMMITTED","2026-10-04T00:47:53.114Z","2026-10-05T04:33:03.114Z"
"REC-CHN-000090-05","WF-CHN-ECOMMERCE_ORDER-000090","ecommerce_order","Chennai","Avadi","CUS-CHN-000090","Nithya Kumar","+91-90000-00090","customer000090@example.test","BUS-CHN-0041","Chennai MegaMart Digital (SYNTHETIC DEMO ENTITY)","AGT-CHN-ECO-01","STEP-05","5","5","notification_service","email_customer",,"false","true","true","STEP-04","WF-CHN-ECOMMERCE_ORDER-000090-STEP-05-email_customer","COMPLETED","DUPLICATE_REQUEST","3","1","CP-CHN-000090-STEP-05","State before email_customer in Avadi","Expected valid email_customer","Committed email_customer","NONE","FORWARD_EXECUTION","false","PASSED","COMMITTED","2026-10-04T00:47:53.114Z","2026-10-05T04:33:03.114Z"
"REC-CHN-000091-01","WF-CHN-CUSTOMER_SUPPORT-000091","customer_support","Chennai","Mogappair","CUS-CHN-000091","Rahul Varma","+91-90000-00091","customer000091@example.test","BUS-CHN-0042","Southern Tech Helpdesk (SYNTHETIC DEMO ENTITY)","AGT-CHN-CUS-01","STEP-01","1","5","crm_service","create_ticket","close_ticket","true","true","false","NONE","WF-CHN-CUSTOMER_SUPPORT-000091-STEP-01-create_ticket","COMPLETED","UNKNOWN_STATE","4","2","CP-CHN-000091-STEP-01","State before create_ticket in Mogappair","Expected valid create_ticket","Committed create_ticket","NONE","FORWARD_EXECUTION","false","PASSED","COMMITTED","2026-10-04T00:47:54.114Z","2026-10-05T04:33:03.114Z"
"REC-CHN-000091-02","WF-CHN-CUSTOMER_SUPPORT-000091","customer_support","Chennai","Mogappair","CUS-CHN-000091","Rahul Varma","+91-90000-00091","customer000091@example.test","BUS-CHN-0042","Southern Tech Helpdesk (SYNTHETIC DEMO ENTITY)","AGT-CHN-CUS-01","STEP-02","2","5","routing_service","assign_agent","unassign_agent","true","true","false","STEP-01","WF-CHN-CUSTOMER_SUPPORT-000091-STEP-02-assign_agent","COMPLETED","UNKNOWN_STATE","4","2","CP-CHN-000091-STEP-02","State before assign_agent in Mogappair","Expected valid assign_agent","Committed assign_agent","NONE","FORWARD_EXECUTION","false","PASSED","COMMITTED","2026-10-04T00:47:54.114Z","2026-10-05T04:33:03.114Z"
"REC-CHN-000091-03","WF-CHN-CUSTOMER_SUPPORT-000091","customer_support","Chennai","Mogappair","CUS-CHN-000091","Rahul Varma","+91-90000-00091","customer000091@example.test","BUS-CHN-0042","Southern Tech Helpdesk (SYNTHETIC DEMO ENTITY)","AGT-CHN-CUS-01","STEP-03","3","5","customer_record_service","update_customer_record","restore_customer_record","true","true","false","STEP-02","WF-CHN-CUSTOMER_SUPPORT-000091-STEP-03-update_customer_record","COMPLETED","UNKNOWN_STATE","4","2","CP-CHN-000091-STEP-03","State before update_customer_record in Mogappair","Expected valid update_customer_record","Committed update_customer_record","NONE","FORWARD_EXECUTION","false","PASSED","COMMITTED","2026-10-04T00:47:54.114Z","2026-10-05T04:33:03.114Z"
"REC-CHN-000091-04","WF-CHN-CUSTOMER_SUPPORT-000091","customer_support","Chennai","Mogappair","CUS-CHN-000091","Rahul Varma","+91-90000-00091","customer000091@example.test","BUS-CHN-0042","Southern Tech Helpdesk (SYNTHETIC DEMO ENTITY)","AGT-CHN-CUS-01","STEP-04","4","5","resolution_service","create_resolution","revert_resolution","true","true","false","STEP-03","WF-CHN-CUSTOMER_SUPPORT-000091-STEP-04-create_resolution","FAILED","UNKNOWN_STATE","4","2","CP-CHN-000091-STEP-04","State before create_resolution in Mogappair","Expected valid create_resolution","Committed create_resolution","NONE","QUERY_AUTHORITATIVE_MOCK_WORLD_THEN_COMPENSATE","false","PASSED","RESTORED","2026-10-04T00:47:54.114Z","2026-10-05T04:33:03.114Z"
"REC-CHN-000091-05","WF-CHN-CUSTOMER_SUPPORT-000091","customer_support","Chennai","Mogappair","CUS-CHN-000091","Rahul Varma","+91-90000-00091","customer000091@example.test","BUS-CHN-0042","Southern Tech Helpdesk (SYNTHETIC DEMO ENTITY)","AGT-CHN-CUS-01","STEP-05","5","5","notification_service","email_customer",,"false","true","true","STEP-04","WF-CHN-CUSTOMER_SUPPORT-000091-STEP-05-email_customer","SKIPPED_DUE_TO_PREVIOUS_FAILURE","UNKNOWN_STATE","4","2","CP-CHN-000091-STEP-05","State before email_customer in Mogappair","Expected valid email_customer","Committed email_customer","SKIPPED","SAGA_REVERSE_COMPENSATION","false","PASSED","RESTORED","2026-10-04T00:47:54.114Z","2026-10-05T04:33:03.114Z"
"REC-CHN-000092-01","WF-CHN-RESTAURANT_RESERVATION-000092","restaurant_reservation","Chennai","Poonamallee","CUS-CHN-000092","Meena Raj","+91-90000-00092","customer000092@example.test","BUS-CHN-0043","Adyar Table Bistro (SYNTHETIC DEMO ENTITY)","AGT-CHN-RES-01","STEP-01","1","5","dining_search","find_restaurant",,"false","true","false","NONE","WF-CHN-RESTAURANT_RESERVATION-000092-STEP-01-find_restaurant","FAILED","PARTIAL_FAILURE","1","3","CP-CHN-000092-STEP-01","State before find_restaurant in Poonamallee","Expected valid find_restaurant","Committed find_restaurant","NONE","QUERY_AUTHORITATIVE_MOCK_WORLD_THEN_COMPENSATE","false","PASSED","RESTORED","2026-10-04T00:47:55.114Z","2026-10-05T04:33:03.114Z"
"REC-CHN-000092-02","WF-CHN-RESTAURANT_RESERVATION-000092","restaurant_reservation","Chennai","Poonamallee","CUS-CHN-000092","Meena Raj","+91-90000-00092","customer000092@example.test","BUS-CHN-0043","Adyar Table Bistro (SYNTHETIC DEMO ENTITY)","AGT-CHN-RES-01","STEP-02","2","5","table_booking","reserve_table","release_table","true","true","false","STEP-01","WF-CHN-RESTAURANT_RESERVATION-000092-STEP-02-reserve_table","SKIPPED_DUE_TO_PREVIOUS_FAILURE","PARTIAL_FAILURE","1","3","CP-CHN-000092-STEP-02","State before reserve_table in Poonamallee","Expected valid reserve_table","Committed reserve_table","COMPENSATED","SAGA_REVERSE_COMPENSATION","false","PASSED","RESTORED","2026-10-04T00:47:55.114Z","2026-10-05T04:33:03.114Z"
"REC-CHN-000092-03","WF-CHN-RESTAURANT_RESERVATION-000092","restaurant_reservation","Chennai","Poonamallee","CUS-CHN-000092","Meena Raj","+91-90000-00092","customer000092@example.test","BUS-CHN-0043","Adyar Table Bistro (SYNTHETIC DEMO ENTITY)","AGT-CHN-RES-01","STEP-03","3","5","deposit_service","charge_deposit","refund_deposit","true","true","false","STEP-02","WF-CHN-RESTAURANT_RESERVATION-000092-STEP-03-charge_deposit","SKIPPED_DUE_TO_PREVIOUS_FAILURE","PARTIAL_FAILURE","1","3","CP-CHN-000092-STEP-03","State before charge_deposit in Poonamallee","Expected valid charge_deposit","Committed charge_deposit","COMPENSATED","SAGA_REVERSE_COMPENSATION","false","PASSED","RESTORED","2026-10-04T00:47:55.114Z","2026-10-05T04:33:03.114Z"
"REC-CHN-000092-04","WF-CHN-RESTAURANT_RESERVATION-000092","restaurant_reservation","Chennai","Poonamallee","CUS-CHN-000092","Meena Raj","+91-90000-00092","customer000092@example.test","BUS-CHN-0043","Adyar Table Bistro (SYNTHETIC DEMO ENTITY)","AGT-CHN-RES-01","STEP-04","4","5","reservation_service","create_reservation","cancel_reservation","true","true","false","STEP-03","WF-CHN-RESTAURANT_RESERVATION-000092-STEP-04-create_reservation","SKIPPED_DUE_TO_PREVIOUS_FAILURE","PARTIAL_FAILURE","1","3","CP-CHN-000092-STEP-04","State before create_reservation in Poonamallee","Expected valid create_reservation","Committed create_reservation","COMPENSATED","SAGA_REVERSE_COMPENSATION","false","PASSED","RESTORED","2026-10-04T00:47:55.114Z","2026-10-05T04:33:03.114Z"
"REC-CHN-000092-05","WF-CHN-RESTAURANT_RESERVATION-000092","restaurant_reservation","Chennai","Poonamallee","CUS-CHN-000092","Meena Raj","+91-90000-00092","customer000092@example.test","BUS-CHN-0043","Adyar Table Bistro (SYNTHETIC DEMO ENTITY)","AGT-CHN-RES-01","STEP-05","5","5","messaging_service","send_confirmation",,"false","true","true","STEP-04","WF-CHN-RESTAURANT_RESERVATION-000092-STEP-05-send_confirmation","SKIPPED_DUE_TO_PREVIOUS_FAILURE","PARTIAL_FAILURE","1","3","CP-CHN-000092-STEP-05","State before send_confirmation in Poonamallee","Expected valid send_confirmation","Committed send_confirmation","SKIPPED","SAGA_REVERSE_COMPENSATION","false","PASSED","RESTORED","2026-10-04T00:47:55.114Z","2026-10-05T04:33:03.114Z"
"REC-CHN-000093-01","WF-CHN-CAB_BOOKING-000093","cab_booking","Chennai","Madhuravoyal","CUS-CHN-000093","Karthik Sundaram","+91-90000-00093","customer000093@example.test","BUS-CHN-0044","Coromandel Cabs (SYNTHETIC DEMO ENTITY)","AGT-CHN-CAB-01","STEP-01","1","5","ride_dispatcher","request_ride",,"false","true","false","NONE","WF-CHN-CAB_BOOKING-000093-STEP-01-request_ride","COMPLETED","CRASH","2","1","CP-CHN-000093-STEP-01","State before request_ride in Madhuravoyal","Expected valid request_ride","Committed request_ride","CHECKPOINTED","RESUME_FROM_DURABLE_LOG","false","PASSED","DURABLE_CHECKPOINT_SAVED","2026-10-04T00:47:56.114Z","2026-10-05T04:33:03.114Z"
"REC-CHN-000093-02","WF-CHN-CAB_BOOKING-000093","cab_booking","Chennai","Madhuravoyal","CUS-CHN-000093","Karthik Sundaram","+91-90000-00093","customer000093@example.test","BUS-CHN-0044","Coromandel Cabs (SYNTHETIC DEMO ENTITY)","AGT-CHN-CAB-01","STEP-02","2","5","driver_assignment","assign_driver","release_driver","true","true","false","STEP-01","WF-CHN-CAB_BOOKING-000093-STEP-02-assign_driver","SKIPPED_DUE_TO_CRASH","CRASH","2","1","CP-CHN-000093-STEP-02","State before assign_driver in Madhuravoyal","Expected valid assign_driver","Committed assign_driver","NONE","RESUME_OR_ROLLBACK_AFTER_CRASH","false","PASSED","PRESERVED_AT_CHECKPOINT","2026-10-04T00:47:56.114Z","2026-10-05T04:33:03.114Z"
"REC-CHN-000093-03","WF-CHN-CAB_BOOKING-000093","cab_booking","Chennai","Madhuravoyal","CUS-CHN-000093","Karthik Sundaram","+91-90000-00093","customer000093@example.test","BUS-CHN-0044","Coromandel Cabs (SYNTHETIC DEMO ENTITY)","AGT-CHN-CAB-01","STEP-03","3","5","trip_service","confirm_ride","cancel_ride","true","true","false","STEP-02","WF-CHN-CAB_BOOKING-000093-STEP-03-confirm_ride","SKIPPED_DUE_TO_CRASH","CRASH","2","1","CP-CHN-000093-STEP-03","State before confirm_ride in Madhuravoyal","Expected valid confirm_ride","Committed confirm_ride","NONE","RESUME_OR_ROLLBACK_AFTER_CRASH","false","PASSED","PRESERVED_AT_CHECKPOINT","2026-10-04T00:47:56.114Z","2026-10-05T04:33:03.114Z"
"REC-CHN-000093-04","WF-CHN-CAB_BOOKING-000093","cab_booking","Chennai","Madhuravoyal","CUS-CHN-000093","Karthik Sundaram","+91-90000-00093","customer000093@example.test","BUS-CHN-0044","Coromandel Cabs (SYNTHETIC DEMO ENTITY)","AGT-CHN-CAB-01","STEP-04","4","5","fare_service","charge_payment","refund_payment","true","true","false","STEP-03","WF-CHN-CAB_BOOKING-000093-STEP-04-charge_payment","SKIPPED_DUE_TO_CRASH","CRASH","2","1","CP-CHN-000093-STEP-04","State before charge_payment in Madhuravoyal","Expected valid charge_payment","Committed charge_payment","NONE","RESUME_OR_ROLLBACK_AFTER_CRASH","false","PASSED","PRESERVED_AT_CHECKPOINT","2026-10-04T00:47:56.114Z","2026-10-05T04:33:03.114Z"
"REC-CHN-000093-05","WF-CHN-CAB_BOOKING-000093","cab_booking","Chennai","Madhuravoyal","CUS-CHN-000093","Karthik Sundaram","+91-90000-00093","customer000093@example.test","BUS-CHN-0044","Coromandel Cabs (SYNTHETIC DEMO ENTITY)","AGT-CHN-CAB-01","STEP-05","5","5","comm_service","send_confirmation",,"false","true","true","STEP-04","WF-CHN-CAB_BOOKING-000093-STEP-05-send_confirmation","SKIPPED_DUE_TO_CRASH","CRASH","2","1","CP-CHN-000093-STEP-05","State before send_confirmation in Madhuravoyal","Expected valid send_confirmation","Committed send_confirmation","NONE","RESUME_OR_ROLLBACK_AFTER_CRASH","false","PASSED","PRESERVED_AT_CHECKPOINT","2026-10-04T00:47:56.114Z","2026-10-05T04:33:03.114Z"
"REC-CHN-000094-01","WF-CHN-EVENT_REGISTRATION-000094","event_registration","Chennai","Tambaram","CUS-CHN-000094","Ananya Balaji","+91-90000-00094","customer000094@example.test","BUS-CHN-0045","Marina Hackathon Expo (SYNTHETIC DEMO ENTITY)","AGT-CHN-EVE-01","STEP-01","1","5","event_service","register_participant","cancel_registration","true","true","false","NONE","WF-CHN-EVENT_REGISTRATION-000094-STEP-01-register_participant","COMPLETED","COMPENSATION_FAILURE","3","2","CP-CHN-000094-STEP-01","State before register_participant in Tambaram","Expected valid register_participant","Committed register_participant","NONE","FORWARD_EXECUTION","false","PASSED","COMMITTED","2026-10-04T00:47:57.114Z","2026-10-05T04:33:03.114Z"
"REC-CHN-000094-02","WF-CHN-EVENT_REGISTRATION-000094","event_registration","Chennai","Tambaram","CUS-CHN-000094","Ananya Balaji","+91-90000-00094","customer000094@example.test","BUS-CHN-0045","Marina Hackathon Expo (SYNTHETIC DEMO ENTITY)","AGT-CHN-EVE-01","STEP-02","2","5","seating_service","reserve_seat","release_seat","true","true","false","STEP-01","WF-CHN-EVENT_REGISTRATION-000094-STEP-02-reserve_seat","COMPLETED","COMPENSATION_FAILURE","3","2","CP-CHN-000094-STEP-02","State before reserve_seat in Tambaram","Expected valid reserve_seat","Committed reserve_seat","NONE","FORWARD_EXECUTION","false","PASSED","COMMITTED","2026-10-04T00:47:57.114Z","2026-10-05T04:33:03.114Z"
"REC-CHN-000094-03","WF-CHN-EVENT_REGISTRATION-000094","event_registration","Chennai","Tambaram","CUS-CHN-000094","Ananya Balaji","+91-90000-00094","customer000094@example.test","BUS-CHN-0045","Marina Hackathon Expo (SYNTHETIC DEMO ENTITY)","AGT-CHN-EVE-01","STEP-03","3","5","payment_gateway","process_payment","refund_payment","true","true","false","STEP-02","WF-CHN-EVENT_REGISTRATION-000094-STEP-03-process_payment","FAILED","COMPENSATION_FAILURE","3","2","CP-CHN-000094-STEP-03","State before process_payment in Tambaram","Expected valid process_payment","Committed process_payment","NONE","FORWARD_EXECUTION","false","PASSED","COMMITTED","2026-10-04T00:47:57.114Z","2026-10-05T04:33:03.114Z"
"REC-CHN-000094-04","WF-CHN-EVENT_REGISTRATION-000094","event_registration","Chennai","Tambaram","CUS-CHN-000094","Ananya Balaji","+91-90000-00094","customer000094@example.test","BUS-CHN-0045","Marina Hackathon Expo (SYNTHETIC DEMO ENTITY)","AGT-CHN-EVE-01","STEP-04","4","5","ticket_generator","generate_ticket","invalidate_ticket","true","true","false","STEP-03","WF-CHN-EVENT_REGISTRATION-000094-STEP-04-generate_ticket","SKIPPED_DUE_TO_PREVIOUS_FAILURE","COMPENSATION_FAILURE","3","2","CP-CHN-000094-STEP-04","State before generate_ticket in Tambaram","Expected valid generate_ticket","Committed generate_ticket","COMPENSATED","SAGA_REVERSE_COMPENSATION","false","PASSED","RESTORED","2026-10-04T00:47:57.114Z","2026-10-05T04:33:03.114Z"
"REC-CHN-000094-05","WF-CHN-EVENT_REGISTRATION-000094","event_registration","Chennai","Tambaram","CUS-CHN-000094","Ananya Balaji","+91-90000-00094","customer000094@example.test","BUS-CHN-0045","Marina Hackathon Expo (SYNTHETIC DEMO ENTITY)","AGT-CHN-EVE-01","STEP-05","5","5","email_dispatcher","email_ticket",,"false","true","true","STEP-04","WF-CHN-EVENT_REGISTRATION-000094-STEP-05-email_ticket","SKIPPED_DUE_TO_PREVIOUS_FAILURE","COMPENSATION_FAILURE","3","2","CP-CHN-000094-STEP-05","State before email_ticket in Tambaram","Expected valid email_ticket","Committed email_ticket","SKIPPED","SAGA_REVERSE_COMPENSATION","false","PASSED","RESTORED","2026-10-04T00:47:57.114Z","2026-10-05T04:33:03.114Z"
"REC-CHN-000095-01","WF-CHN-DELIVERY-000095","delivery","Chennai","Chromepet","CUS-CHN-000095","Vignesh Natarajan","+91-90000-00095","customer000095@example.test","BUS-CHN-0046","Southern Parcel Dispatch (SYNTHETIC DEMO ENTITY)","AGT-CHN-DEL-01","STEP-01","1","5","dispatch_engine","create_delivery","cancel_delivery","true","true","false","NONE","WF-CHN-DELIVERY-000095-STEP-01-create_delivery","COMPLETED","IRREVERSIBLE_ACTION","4","3","CP-CHN-000095-STEP-01","State before create_delivery in Chromepet","Expected valid create_delivery","Committed create_delivery","NONE","FORWARD_EXECUTION","false","PASSED","COMMITTED","2026-10-04T00:47:58.114Z","2026-10-05T04:33:03.114Z"
"REC-CHN-000095-02","WF-CHN-DELIVERY-000095","delivery","Chennai","Chromepet","CUS-CHN-000095","Vignesh Natarajan","+91-90000-00095","customer000095@example.test","BUS-CHN-0046","Southern Parcel Dispatch (SYNTHETIC DEMO ENTITY)","AGT-CHN-DEL-01","STEP-02","2","5","courier_service","assign_driver","unassign_driver","true","true","false","STEP-01","WF-CHN-DELIVERY-000095-STEP-02-assign_driver","COMPLETED","IRREVERSIBLE_ACTION","4","3","CP-CHN-000095-STEP-02","State before assign_driver in Chromepet","Expected valid assign_driver","Committed assign_driver","NONE","FORWARD_EXECUTION","false","PASSED","COMMITTED","2026-10-04T00:47:58.114Z","2026-10-05T04:33:03.114Z"
"REC-CHN-000095-03","WF-CHN-DELIVERY-000095","delivery","Chennai","Chromepet","CUS-CHN-000095","Vignesh Natarajan","+91-90000-00095","customer000095@example.test","BUS-CHN-0046","Southern Parcel Dispatch (SYNTHETIC DEMO ENTITY)","AGT-CHN-DEL-01","STEP-03","3","5","fleet_service","reserve_vehicle","release_vehicle","true","true","false","STEP-02","WF-CHN-DELIVERY-000095-STEP-03-reserve_vehicle","COMPLETED","IRREVERSIBLE_ACTION","4","3","CP-CHN-000095-STEP-03","State before reserve_vehicle in Chromepet","Expected valid reserve_vehicle","Committed reserve_vehicle","NONE","FORWARD_EXECUTION","false","PASSED","COMMITTED","2026-10-04T00:47:58.114Z","2026-10-05T04:33:03.114Z"
"REC-CHN-000095-04","WF-CHN-DELIVERY-000095","delivery","Chennai","Chromepet","CUS-CHN-000095","Vignesh Natarajan","+91-90000-00095","customer000095@example.test","BUS-CHN-0046","Southern Parcel Dispatch (SYNTHETIC DEMO ENTITY)","AGT-CHN-DEL-01","STEP-04","4","5","sorting_service","dispatch_package","recall_dispatch","true","true","false","STEP-03","WF-CHN-DELIVERY-000095-STEP-04-dispatch_package","COMPLETED","IRREVERSIBLE_ACTION","4","3","CP-CHN-000095-STEP-04","State before dispatch_package in Chromepet","Expected valid dispatch_package","Committed dispatch_package","NONE","FORWARD_EXECUTION","false","PASSED","COMMITTED","2026-10-04T00:47:58.114Z","2026-10-05T04:33:03.114Z"
"REC-CHN-000095-05","WF-CHN-DELIVERY-000095","delivery","Chennai","Chromepet","CUS-CHN-000095","Vignesh Natarajan","+91-90000-00095","customer000095@example.test","BUS-CHN-0046","Southern Parcel Dispatch (SYNTHETIC DEMO ENTITY)","AGT-CHN-DEL-01","STEP-05","5","5","alert_service","notify_customer",,"false","true","true","STEP-04","WF-CHN-DELIVERY-000095-STEP-05-notify_customer","COMPLETED","IRREVERSIBLE_ACTION","4","3","CP-CHN-000095-STEP-05","State before notify_customer in Chromepet","Expected valid notify_customer","Committed notify_customer","NONE","FORWARD_EXECUTION","false","PASSED","COMMITTED","2026-10-04T00:47:58.114Z","2026-10-05T04:33:03.114Z"
"REC-CHN-000096-01","WF-CHN-APPOINTMENT_BOOKING-000096","appointment_booking","Chennai","Pallavaram","CUS-CHN-000096","Deepa Venkat","+91-90000-00096","customer000096@example.test","BUS-CHN-0047","Apollo Health Hub Chennai (SYNTHETIC DEMO ENTITY)","AGT-CHN-APP-01","STEP-01","1","5","clinic_calendar","find_slot",,"false","true","false","NONE","WF-CHN-APPOINTMENT_BOOKING-000096-STEP-01-find_slot","COMPLETED","APPROVAL_REQUIRED","1","1","CP-CHN-000096-STEP-01","State before find_slot in Pallavaram","Expected valid find_slot","Committed find_slot","NONE","FORWARD_EXECUTION","false","PASSED","COMMITTED","2026-10-04T00:47:59.114Z","2026-10-05T04:33:03.114Z"
"REC-CHN-000096-02","WF-CHN-APPOINTMENT_BOOKING-000096","appointment_booking","Chennai","Pallavaram","CUS-CHN-000096","Deepa Venkat","+91-90000-00096","customer000096@example.test","BUS-CHN-0047","Apollo Health Hub Chennai (SYNTHETIC DEMO ENTITY)","AGT-CHN-APP-01","STEP-02","2","5","slot_manager","reserve_slot","release_slot","true","true","false","STEP-01","WF-CHN-APPOINTMENT_BOOKING-000096-STEP-02-reserve_slot","COMPLETED","APPROVAL_REQUIRED","1","1","CP-CHN-000096-STEP-02","State before reserve_slot in Pallavaram","Expected valid reserve_slot","Committed reserve_slot","NONE","FORWARD_EXECUTION","false","PASSED","COMMITTED","2026-10-04T00:47:59.114Z","2026-10-05T04:33:03.114Z"
"REC-CHN-000096-03","WF-CHN-APPOINTMENT_BOOKING-000096","appointment_booking","Chennai","Pallavaram","CUS-CHN-000096","Deepa Venkat","+91-90000-00096","customer000096@example.test","BUS-CHN-0047","Apollo Health Hub Chennai (SYNTHETIC DEMO ENTITY)","AGT-CHN-APP-01","STEP-03","3","5","billing_service","process_payment","refund_payment","true","true","false","STEP-02","WF-CHN-APPOINTMENT_BOOKING-000096-STEP-03-process_payment","COMPLETED","APPROVAL_REQUIRED","1","1","CP-CHN-000096-STEP-03","State before process_payment in Pallavaram","Expected valid process_payment","Committed process_payment","NONE","FORWARD_EXECUTION","false","PASSED","COMMITTED","2026-10-04T00:47:59.114Z","2026-10-05T04:33:03.114Z"
"REC-CHN-000096-04","WF-CHN-APPOINTMENT_BOOKING-000096","appointment_booking","Chennai","Pallavaram","CUS-CHN-000096","Deepa Venkat","+91-90000-00096","customer000096@example.test","BUS-CHN-0047","Apollo Health Hub Chennai (SYNTHETIC DEMO ENTITY)","AGT-CHN-APP-01","STEP-04","4","5","emr_service","create_appointment","cancel_appointment","true","true","false","STEP-03","WF-CHN-APPOINTMENT_BOOKING-000096-STEP-04-create_appointment","COMPLETED","APPROVAL_REQUIRED","1","1","CP-CHN-000096-STEP-04","State before create_appointment in Pallavaram","Expected valid create_appointment","Committed create_appointment","NONE","FORWARD_EXECUTION","false","PASSED","COMMITTED","2026-10-04T00:47:59.114Z","2026-10-05T04:33:03.114Z"
"REC-CHN-000096-05","WF-CHN-APPOINTMENT_BOOKING-000096","appointment_booking","Chennai","Pallavaram","CUS-CHN-000096","Deepa Venkat","+91-90000-00096","customer000096@example.test","BUS-CHN-0047","Apollo Health Hub Chennai (SYNTHETIC DEMO ENTITY)","AGT-CHN-APP-01","STEP-05","5","5","sms_service","send_confirmation",,"false","true","true","STEP-04","WF-CHN-APPOINTMENT_BOOKING-000096-STEP-05-send_confirmation","COMPLETED","APPROVAL_REQUIRED","1","1","CP-CHN-000096-STEP-05","State before send_confirmation in Pallavaram","Expected valid send_confirmation","Committed send_confirmation","NONE","FORWARD_EXECUTION","false","PASSED","COMMITTED","2026-10-04T00:47:59.114Z","2026-10-05T04:33:03.114Z"
"REC-CHN-000097-01","WF-CHN-HOTEL_BOOKING-000097","hotel_booking","Chennai","Perambur","CUS-CHN-000097","Suresh Ranganathan","+91-90000-00097","customer000097@example.test","BUS-CHN-0048","Marina Comfort Suites (SYNTHETIC DEMO ENTITY)","AGT-CHN-HOT-01","STEP-01","1","5","hotel_search","search_hotel",,"false","true","false","NONE","WF-CHN-HOTEL_BOOKING-000097-STEP-01-search_hotel","COMPLETED","NORMAL","2","2","CP-CHN-000097-STEP-01","State before search_hotel in Perambur","Expected valid search_hotel","Committed search_hotel","COMMITTED_IRREVERSIBLE","NONE_REQUIRED","false","PASSED","RESTORED_OR_COMMITTED","2026-10-04T00:48:00.114Z","2026-10-05T04:33:03.114Z"
"REC-CHN-000097-02","WF-CHN-HOTEL_BOOKING-000097","hotel_booking","Chennai","Perambur","CUS-CHN-000097","Suresh Ranganathan","+91-90000-00097","customer000097@example.test","BUS-CHN-0048","Marina Comfort Suites (SYNTHETIC DEMO ENTITY)","AGT-CHN-HOT-01","STEP-02","2","5","room_selection","select_room",,"false","true","false","STEP-01","WF-CHN-HOTEL_BOOKING-000097-STEP-02-select_room","COMPLETED","NORMAL","2","2","CP-CHN-000097-STEP-02","State before select_room in Perambur","Expected valid select_room","Committed select_room","COMMITTED_IRREVERSIBLE","NONE_REQUIRED","false","PASSED","RESTORED_OR_COMMITTED","2026-10-04T00:48:00.114Z","2026-10-05T04:33:03.114Z"
"REC-CHN-000097-03","WF-CHN-HOTEL_BOOKING-000097","hotel_booking","Chennai","Perambur","CUS-CHN-000097","Suresh Ranganathan","+91-90000-00097","customer000097@example.test","BUS-CHN-0048","Marina Comfort Suites (SYNTHETIC DEMO ENTITY)","AGT-CHN-HOT-01","STEP-03","3","5","room_booking","book_room","cancel_booking","true","true","false","STEP-02","WF-CHN-HOTEL_BOOKING-000097-STEP-03-book_room","COMPLETED","NORMAL","2","2","CP-CHN-000097-STEP-03","State before book_room in Perambur","Expected valid book_room","Committed book_room","STANDBY_REVERSIBLE","NONE_REQUIRED","false","PASSED","RESTORED_OR_COMMITTED","2026-10-04T00:48:00.114Z","2026-10-05T04:33:03.114Z"
"REC-CHN-000097-04","WF-CHN-HOTEL_BOOKING-000097","hotel_booking","Chennai","Perambur","CUS-CHN-000097","Suresh Ranganathan","+91-90000-00097","customer000097@example.test","BUS-CHN-0048","Marina Comfort Suites (SYNTHETIC DEMO ENTITY)","AGT-CHN-HOT-01","STEP-04","4","5","payment_processor","charge_card","refund_payment","true","true","false","STEP-03","WF-CHN-HOTEL_BOOKING-000097-STEP-04-charge_card","COMPLETED","NORMAL","2","2","CP-CHN-000097-STEP-04","State before charge_card in Perambur","Expected valid charge_card","Committed charge_card","STANDBY_REVERSIBLE","NONE_REQUIRED","false","PASSED","RESTORED_OR_COMMITTED","2026-10-04T00:48:00.114Z","2026-10-05T04:33:03.114Z"
"REC-CHN-000097-05","WF-CHN-HOTEL_BOOKING-000097","hotel_booking","Chennai","Perambur","CUS-CHN-000097","Suresh Ranganathan","+91-90000-00097","customer000097@example.test","BUS-CHN-0048","Marina Comfort Suites (SYNTHETIC DEMO ENTITY)","AGT-CHN-HOT-01","STEP-05","5","5","email_service","email_customer",,"false","true","true","STEP-04","WF-CHN-HOTEL_BOOKING-000097-STEP-05-email_customer","COMPLETED","NORMAL","2","2","CP-CHN-000097-STEP-05","State before email_customer in Perambur","Expected valid email_customer","Committed email_customer","COMMITTED_IRREVERSIBLE","NONE_REQUIRED","false","PASSED","RESTORED_OR_COMMITTED","2026-10-04T00:48:00.114Z","2026-10-05T04:33:03.114Z"
"REC-CHN-000098-01","WF-CHN-ECOMMERCE_ORDER-000098","ecommerce_order","Chennai","Kilpauk","CUS-CHN-000098","Lavanya Sridhar","+91-90000-00098","customer000098@example.test","BUS-CHN-0049","Bay View Electronics Chennai (SYNTHETIC DEMO ENTITY)","AGT-CHN-ECO-01","STEP-01","1","5","order_service","create_order","cancel_order","true","true","false","NONE","WF-CHN-ECOMMERCE_ORDER-000098-STEP-01-create_order","COMPLETED","STEP_FAILURE","3","3","CP-CHN-000098-STEP-01","State before create_order in Kilpauk","Expected valid create_order","Originally completed, then reversed during recovery","COMPENSATED","REVERSE_COMPENSATE_STEP","false","PASSED","RESTORED","2026-10-04T00:48:01.114Z","2026-10-05T04:33:03.114Z"
"REC-CHN-000098-02","WF-CHN-ECOMMERCE_ORDER-000098","ecommerce_order","Chennai","Kilpauk","CUS-CHN-000098","Lavanya Sridhar","+91-90000-00098","customer000098@example.test","BUS-CHN-0049","Bay View Electronics Chennai (SYNTHETIC DEMO ENTITY)","AGT-CHN-ECO-01","STEP-02","2","5","inventory_service","reserve_inventory","release_inventory","true","true","false","STEP-01","WF-CHN-ECOMMERCE_ORDER-000098-STEP-02-reserve_inventory","COMPLETED","STEP_FAILURE","3","3","CP-CHN-000098-STEP-02","State before reserve_inventory in Kilpauk","Expected valid reserve_inventory","Originally completed, then reversed during recovery","COMPENSATED","REVERSE_COMPENSATE_STEP","false","PASSED","RESTORED","2026-10-04T00:48:01.114Z","2026-10-05T04:33:03.114Z"
"REC-CHN-000098-03","WF-CHN-ECOMMERCE_ORDER-000098","ecommerce_order","Chennai","Kilpauk","CUS-CHN-000098","Lavanya Sridhar","+91-90000-00098","customer000098@example.test","BUS-CHN-0049","Bay View Electronics Chennai (SYNTHETIC DEMO ENTITY)","AGT-CHN-ECO-01","STEP-03","3","5","payment_service","charge_card","refund_payment","true","true","false","STEP-02","WF-CHN-ECOMMERCE_ORDER-000098-STEP-03-charge_card","FAILED","STEP_FAILURE","3","3","CP-CHN-000098-STEP-03","State before charge_card in Kilpauk","Expected valid charge_card","Failed at charge_card: STEP_FAILURE","TRIGGERING_RECOVERY","SAGA_REVERSE_COMPENSATION","false","FAILED_AT_STEP","RESTORED","2026-10-04T00:48:01.114Z","2026-10-05T04:33:03.114Z"
"REC-CHN-000098-04","WF-CHN-ECOMMERCE_ORDER-000098","ecommerce_order","Chennai","Kilpauk","CUS-CHN-000098","Lavanya Sridhar","+91-90000-00098","customer000098@example.test","BUS-CHN-0049","Bay View Electronics Chennai (SYNTHETIC DEMO ENTITY)","AGT-CHN-ECO-01","STEP-04","4","5","shipment_service","create_shipment","cancel_shipment","true","true","false","STEP-03","WF-CHN-ECOMMERCE_ORDER-000098-STEP-04-create_shipment","SKIPPED_DUE_TO_PREVIOUS_FAILURE","STEP_FAILURE","3","3","CP-CHN-000098-STEP-04","State before create_shipment in Kilpauk","Expected valid create_shipment","Committed create_shipment","COMPENSATED","SAGA_REVERSE_COMPENSATION","false","PASSED","RESTORED","2026-10-04T00:48:01.114Z","2026-10-05T04:33:03.114Z"
"REC-CHN-000098-05","WF-CHN-ECOMMERCE_ORDER-000098","ecommerce_order","Chennai","Kilpauk","CUS-CHN-000098","Lavanya Sridhar","+91-90000-00098","customer000098@example.test","BUS-CHN-0049","Bay View Electronics Chennai (SYNTHETIC DEMO ENTITY)","AGT-CHN-ECO-01","STEP-05","5","5","notification_service","email_customer",,"false","true","true","STEP-04","WF-CHN-ECOMMERCE_ORDER-000098-STEP-05-email_customer","SKIPPED_DUE_TO_PREVIOUS_FAILURE","STEP_FAILURE","3","3","CP-CHN-000098-STEP-05","State before email_customer in Kilpauk","Expected valid email_customer","Committed email_customer","SKIPPED","SAGA_REVERSE_COMPENSATION","false","PASSED","RESTORED","2026-10-04T00:48:01.114Z","2026-10-05T04:33:03.114Z"
"REC-CHN-000099-01","WF-CHN-CUSTOMER_SUPPORT-000099","customer_support","Chennai","Egmore","CUS-CHN-000099","Gautham Chandrasekar","+91-90000-00099","customer000099@example.test","BUS-CHN-0050","Southern Tech Helpdesk (SYNTHETIC DEMO ENTITY)","AGT-CHN-CUS-01","STEP-01","1","5","crm_service","create_ticket","close_ticket","true","true","false","NONE","WF-CHN-CUSTOMER_SUPPORT-000099-STEP-01-create_ticket","COMPLETED","TOOL_FAILURE","4","1","CP-CHN-000099-STEP-01","State before create_ticket in Egmore","Expected valid create_ticket","Originally completed, then reversed during recovery","COMPENSATED","REVERSE_COMPENSATE_STEP","false","PASSED","RESTORED","2026-10-04T00:48:02.114Z","2026-10-05T04:33:03.114Z"
"REC-CHN-000099-02","WF-CHN-CUSTOMER_SUPPORT-000099","customer_support","Chennai","Egmore","CUS-CHN-000099","Gautham Chandrasekar","+91-90000-00099","customer000099@example.test","BUS-CHN-0050","Southern Tech Helpdesk (SYNTHETIC DEMO ENTITY)","AGT-CHN-CUS-01","STEP-02","2","5","routing_service","assign_agent","unassign_agent","true","true","false","STEP-01","WF-CHN-CUSTOMER_SUPPORT-000099-STEP-02-assign_agent","COMPLETED","TOOL_FAILURE","4","1","CP-CHN-000099-STEP-02","State before assign_agent in Egmore","Expected valid assign_agent","Originally completed, then reversed during recovery","COMPENSATED","REVERSE_COMPENSATE_STEP","false","PASSED","RESTORED","2026-10-04T00:48:02.114Z","2026-10-05T04:33:03.114Z"
"REC-CHN-000099-03","WF-CHN-CUSTOMER_SUPPORT-000099","customer_support","Chennai","Egmore","CUS-CHN-000099","Gautham Chandrasekar","+91-90000-00099","customer000099@example.test","BUS-CHN-0050","Southern Tech Helpdesk (SYNTHETIC DEMO ENTITY)","AGT-CHN-CUS-01","STEP-03","3","5","customer_record_service","update_customer_record","restore_customer_record","true","true","false","STEP-02","WF-CHN-CUSTOMER_SUPPORT-000099-STEP-03-update_customer_record","COMPLETED","TOOL_FAILURE","4","1","CP-CHN-000099-STEP-03","State before update_customer_record in Egmore","Expected valid update_customer_record","Originally completed, then reversed during recovery","COMPENSATED","REVERSE_COMPENSATE_STEP","false","PASSED","RESTORED","2026-10-04T00:48:02.114Z","2026-10-05T04:33:03.114Z"
"REC-CHN-000099-04","WF-CHN-CUSTOMER_SUPPORT-000099","customer_support","Chennai","Egmore","CUS-CHN-000099","Gautham Chandrasekar","+91-90000-00099","customer000099@example.test","BUS-CHN-0050","Southern Tech Helpdesk (SYNTHETIC DEMO ENTITY)","AGT-CHN-CUS-01","STEP-04","4","5","resolution_service","create_resolution","revert_resolution","true","true","false","STEP-03","WF-CHN-CUSTOMER_SUPPORT-000099-STEP-04-create_resolution","FAILED","TOOL_FAILURE","4","1","CP-CHN-000099-STEP-04","State before create_resolution in Egmore","Expected valid create_resolution","Failed at create_resolution: TOOL_FAILURE","TRIGGERING_RECOVERY","SAGA_REVERSE_COMPENSATION","false","FAILED_AT_STEP","RESTORED","2026-10-04T00:48:02.114Z","2026-10-05T04:33:03.114Z"
"REC-CHN-000099-05","WF-CHN-CUSTOMER_SUPPORT-000099","customer_support","Chennai","Egmore","CUS-CHN-000099","Gautham Chandrasekar","+91-90000-00099","customer000099@example.test","BUS-CHN-0050","Southern Tech Helpdesk (SYNTHETIC DEMO ENTITY)","AGT-CHN-CUS-01","STEP-05","5","5","notification_service","email_customer",,"false","true","true","STEP-04","WF-CHN-CUSTOMER_SUPPORT-000099-STEP-05-email_customer","SKIPPED_DUE_TO_PREVIOUS_FAILURE","TOOL_FAILURE","4","1","CP-CHN-000099-STEP-05","State before email_customer in Egmore","Expected valid email_customer","Committed email_customer","SKIPPED","SAGA_REVERSE_COMPENSATION","false","PASSED","RESTORED","2026-10-04T00:48:02.114Z","2026-10-05T04:33:03.114Z"
"REC-CHN-000100-01","WF-CHN-RESTAURANT_RESERVATION-000100","restaurant_reservation","Chennai","Royapettah","CUS-CHN-000100","Swetha Subramanian","+91-90000-00100","customer000100@example.test","BUS-CHN-0001","OMR Kitchen & Grills (SYNTHETIC DEMO ENTITY)","AGT-CHN-RES-01","STEP-01","1","5","dining_search","find_restaurant",,"false","true","false","NONE","WF-CHN-RESTAURANT_RESERVATION-000100-STEP-01-find_restaurant","FAILED","TIMEOUT","1","2","CP-CHN-000100-STEP-01","State before find_restaurant in Royapettah","Expected valid find_restaurant","Failed at find_restaurant: TIMEOUT","TRIGGERING_RECOVERY","SAGA_REVERSE_COMPENSATION","false","FAILED_AT_STEP","RESTORED","2026-10-04T00:48:03.114Z","2026-10-05T04:33:03.114Z"
"REC-CHN-000100-02","WF-CHN-RESTAURANT_RESERVATION-000100","restaurant_reservation","Chennai","Royapettah","CUS-CHN-000100","Swetha Subramanian","+91-90000-00100","customer000100@example.test","BUS-CHN-0001","OMR Kitchen & Grills (SYNTHETIC DEMO ENTITY)","AGT-CHN-RES-01","STEP-02","2","5","table_booking","reserve_table","release_table","true","true","false","STEP-01","WF-CHN-RESTAURANT_RESERVATION-000100-STEP-02-reserve_table","SKIPPED_DUE_TO_PREVIOUS_FAILURE","TIMEOUT","1","2","CP-CHN-000100-STEP-02","State before reserve_table in Royapettah","Expected valid reserve_table","Committed reserve_table","COMPENSATED","SAGA_REVERSE_COMPENSATION","false","PASSED","RESTORED","2026-10-04T00:48:03.114Z","2026-10-05T04:33:03.114Z"
"REC-CHN-000100-03","WF-CHN-RESTAURANT_RESERVATION-000100","restaurant_reservation","Chennai","Royapettah","CUS-CHN-000100","Swetha Subramanian","+91-90000-00100","customer000100@example.test","BUS-CHN-0001","OMR Kitchen & Grills (SYNTHETIC DEMO ENTITY)","AGT-CHN-RES-01","STEP-03","3","5","deposit_service","charge_deposit","refund_deposit","true","true","false","STEP-02","WF-CHN-RESTAURANT_RESERVATION-000100-STEP-03-charge_deposit","SKIPPED_DUE_TO_PREVIOUS_FAILURE","TIMEOUT","1","2","CP-CHN-000100-STEP-03","State before charge_deposit in Royapettah","Expected valid charge_deposit","Committed charge_deposit","COMPENSATED","SAGA_REVERSE_COMPENSATION","false","PASSED","RESTORED","2026-10-04T00:48:03.114Z","2026-10-05T04:33:03.114Z"
"REC-CHN-000100-04","WF-CHN-RESTAURANT_RESERVATION-000100","restaurant_reservation","Chennai","Royapettah","CUS-CHN-000100","Swetha Subramanian","+91-90000-00100","customer000100@example.test","BUS-CHN-0001","OMR Kitchen & Grills (SYNTHETIC DEMO ENTITY)","AGT-CHN-RES-01","STEP-04","4","5","reservation_service","create_reservation","cancel_reservation","true","true","false","STEP-03","WF-CHN-RESTAURANT_RESERVATION-000100-STEP-04-create_reservation","SKIPPED_DUE_TO_PREVIOUS_FAILURE","TIMEOUT","1","2","CP-CHN-000100-STEP-04","State before create_reservation in Royapettah","Expected valid create_reservation","Committed create_reservation","COMPENSATED","SAGA_REVERSE_COMPENSATION","false","PASSED","RESTORED","2026-10-04T00:48:03.114Z","2026-10-05T04:33:03.114Z"
"REC-CHN-000100-05","WF-CHN-RESTAURANT_RESERVATION-000100","restaurant_reservation","Chennai","Royapettah","CUS-CHN-000100","Swetha Subramanian","+91-90000-00100","customer000100@example.test","BUS-CHN-0001","OMR Kitchen & Grills (SYNTHETIC DEMO ENTITY)","AGT-CHN-RES-01","STEP-05","5","5","messaging_service","send_confirmation",,"false","true","true","STEP-04","WF-CHN-RESTAURANT_RESERVATION-000100-STEP-05-send_confirmation","SKIPPED_DUE_TO_PREVIOUS_FAILURE","TIMEOUT","1","2","CP-CHN-000100-STEP-05","State before send_confirmation in Royapettah","Expected valid send_confirmation","Committed send_confirmation","SKIPPED","SAGA_REVERSE_COMPENSATION","false","PASSED","RESTORED","2026-10-04T00:48:03.114Z","2026-10-05T04:33:03.114Z"